path,size_bytes,sha256,recommendation,kind,description,deletion_risk,json_shape,top_level_records,qa_count_if_dataset,parse_error
data/qa/cross_pdf/hard_expansion/fulltext_pairs_claude/checkpoints/hvp_0001.json,40094,aacf3ee2c7d29710f82ba5d26cea4d88d69cdcfb2b27a33e16a4e2ebe2e3af51,archive_then_delete,generation_checkpoint,生成或推理任务的断点 JSON。,当前任务均已结束；删除后不能从原断点续跑，只能重新运行。,object,10,,
data/qa/cross_pdf/hard_expansion/fulltext_pairs_claude/checkpoints/hvp_0002.json,24671,35a3063c3046909fdd5cd947c7fbe0bef9d00eed1bbbdae65116c948189e2478,archive_then_delete,generation_checkpoint,生成或推理任务的断点 JSON。,当前任务均已结束；删除后不能从原断点续跑，只能重新运行。,object,10,,
data/qa/cross_pdf/hard_expansion/fulltext_pairs_claude/checkpoints/hvp_0003.json,25063,06143d58c2ad6b8a7a2a6554b3b2f8af9f3155d7760aa53d082a11558bd90895,archive_then_delete,generation_checkpoint,生成或推理任务的断点 JSON。,当前任务均已结束；删除后不能从原断点续跑，只能重新运行。,object,10,,
data/qa/cross_pdf/hard_expansion/fulltext_pairs_claude/checkpoints/hvp_0004.json,15161,2eae3f2a22a2ab8240f8f71b4287c72ab3d567c40808af19b263c1c5c1570046,archive_then_delete,generation_checkpoint,生成或推理任务的断点 JSON。,当前任务均已结束；删除后不能从原断点续跑，只能重新运行。,object,10,,
data/qa/cross_pdf/hard_expansion/fulltext_pairs_claude/checkpoints/hvp_0005.json,1674,76c9e3b01bcd19f64a9b290abb379923b9f96d41262e2bf6d13951699d48a802,archive_then_delete,generation_checkpoint,生成或推理任务的断点 JSON。,当前任务均已结束；删除后不能从原断点续跑，只能重新运行。,object,10,,
data/qa/cross_pdf/hard_expansion/fulltext_pairs_claude/checkpoints/hvp_0006.json,31171,36913cf7673578047970b462d922d91698f17bc480f13a97b0b510f262276528,archive_then_delete,generation_checkpoint,生成或推理任务的断点 JSON。,当前任务均已结束；删除后不能从原断点续跑，只能重新运行。,object,10,,
data/qa/cross_pdf/hard_expansion/fulltext_pairs_claude/checkpoints/hvp_0007.json,2211,64e669f3872c9428bae33d9a8d18733a7e208e9e2027516a6eda9c2c75f1c86e,archive_then_delete,generation_checkpoint,生成或推理任务的断点 JSON。,当前任务均已结束；删除后不能从原断点续跑，只能重新运行。,object,10,,
data/qa/cross_pdf/hard_expansion/fulltext_pairs_claude/checkpoints/hvp_0008.json,20777,9addc176a66d2766e05ea6491975f41e2012328e9de02b115bf22b7acb18cdca,archive_then_delete,generation_checkpoint,生成或推理任务的断点 JSON。,当前任务均已结束；删除后不能从原断点续跑，只能重新运行。,object,10,,
data/qa/cross_pdf/hard_expansion/fulltext_pairs_claude/checkpoints/hvp_0009.json,16158,1f9c8e289642a344d38a6cc38d54c96f4a8ae8a47accf99380be8683524fb497,archive_then_delete,generation_checkpoint,生成或推理任务的断点 JSON。,当前任务均已结束；删除后不能从原断点续跑，只能重新运行。,object,10,,
data/qa/cross_pdf/hard_expansion/fulltext_pairs_claude/checkpoints/hvp_0010.json,22499,824ad53783ca1ca193d26f49c78de512a5cc43f0cf3915e10e746713fb03ab30,archive_then_delete,generation_checkpoint,生成或推理任务的断点 JSON。,当前任务均已结束；删除后不能从原断点续跑，只能重新运行。,object,9,,
data/qa/cross_pdf/hard_expansion/fulltext_pairs_claude/checkpoints/hvp_0011.json,1304,63227f5894a099ce0eaa917985ea3a6a96f0568f7e7ec21204590fec17a8eafe,archive_then_delete,generation_checkpoint,生成或推理任务的断点 JSON。,当前任务均已结束；删除后不能从原断点续跑，只能重新运行。,object,10,,
data/qa/cross_pdf/hard_expansion/fulltext_pairs_claude/checkpoints/hvp_0012.json,23907,54fe7df240e96c7fb0ce84c18472a67716504050ab3b037126b6f6b1a976ee71,archive_then_delete,generation_checkpoint,生成或推理任务的断点 JSON。,当前任务均已结束；删除后不能从原断点续跑，只能重新运行。,object,10,,
data/qa/cross_pdf/hard_expansion/fulltext_pairs_claude/checkpoints/hvp_0013.json,31543,ec13e0dcdcba2ffd47d69769dc0cd61c47ffbb12e676d69dc19d28e0d45f4725,archive_then_delete,generation_checkpoint,生成或推理任务的断点 JSON。,当前任务均已结束；删除后不能从原断点续跑，只能重新运行。,object,10,,
data/qa/cross_pdf/hard_expansion/fulltext_pairs_claude/checkpoints/hvp_0014.json,3067,9c65018c4e64e4a98dd13626ae02559b3f1e49f3bd85df3392c89b6c84fe4b4e,archive_then_delete,generation_checkpoint,生成或推理任务的断点 JSON。,当前任务均已结束；删除后不能从原断点续跑，只能重新运行。,object,10,,
data/qa/cross_pdf/hard_expansion/fulltext_pairs_claude/checkpoints/hvp_0015.json,3333,dac19a248a75ae28e93ee0281794bd84501e19d603f6ca828abc0b54e67b75a8,archive_then_delete,generation_checkpoint,生成或推理任务的断点 JSON。,当前任务均已结束；删除后不能从原断点续跑，只能重新运行。,object,10,,
data/qa/cross_pdf/hard_expansion/fulltext_pairs_claude/checkpoints/hvp_0016.json,774,3ac365a3e7d768ee10e764ff445408f2fbad3f25331655ecbe17c4a237356032,archive_then_delete,generation_checkpoint,生成或推理任务的断点 JSON。,当前任务均已结束；删除后不能从原断点续跑，只能重新运行。,object,10,,
data/qa/cross_pdf/hard_expansion/fulltext_pairs_claude/checkpoints/hvp_0017.json,2693,cbf0796889e526f84dbc8c5f00d98a622979668bda856913fa73aec29f764cef,archive_then_delete,generation_checkpoint,生成或推理任务的断点 JSON。,当前任务均已结束；删除后不能从原断点续跑，只能重新运行。,object,10,,
data/qa/cross_pdf/hard_expansion/fulltext_pairs_claude/checkpoints/hvp_0018.json,1278,0c9239cdd1a51448dfb3917eaec35487d2b26396c33aae1a4f0b4f6bc02b50ec,archive_then_delete,generation_checkpoint,生成或推理任务的断点 JSON。,当前任务均已结束；删除后不能从原断点续跑，只能重新运行。,object,10,,
data/qa/cross_pdf/hard_expansion/fulltext_pairs_claude/checkpoints/hvp_0019.json,2574,c9ec20d8f421b99d006d1355b0435b5a1ac279d0c398077f6e5b167661bd29d4,archive_then_delete,generation_checkpoint,生成或推理任务的断点 JSON。,当前任务均已结束；删除后不能从原断点续跑，只能重新运行。,object,10,,
data/qa/cross_pdf/hard_expansion/fulltext_pairs_claude/checkpoints/hvp_0020.json,1457,9ce9b44b0124384f5c7ee84121ab37d55cb35f31f32572e58e4848544368015d,archive_then_delete,generation_checkpoint,生成或推理任务的断点 JSON。,当前任务均已结束；删除后不能从原断点续跑，只能重新运行。,object,10,,
data/qa/cross_pdf/hard_expansion/fulltext_pairs_claude/checkpoints/hvp_0021.json,774,b61b4933837b527bee66e7c33d3d72ca5c9ee3fc3034f22d6dd4f1e4b34fa0b9,archive_then_delete,generation_checkpoint,生成或推理任务的断点 JSON。,当前任务均已结束；删除后不能从原断点续跑，只能重新运行。,object,10,,
data/qa/cross_pdf/hard_expansion/fulltext_pairs_claude/checkpoints/hvp_0022.json,772,72568e21e83d3ddb89a70acf125fc074d658439ef9fa8d39dc9b504287c33625,archive_then_delete,generation_checkpoint,生成或推理任务的断点 JSON。,当前任务均已结束；删除后不能从原断点续跑，只能重新运行。,object,10,,
data/qa/cross_pdf/hard_expansion/fulltext_pairs_claude/checkpoints/hvp_0023.json,2991,0cf4447f08a1a35e488de9c65b9eaf1c412ea4e4bf097af956b89201a8ab054b,archive_then_delete,generation_checkpoint,生成或推理任务的断点 JSON。,当前任务均已结束；删除后不能从原断点续跑，只能重新运行。,object,10,,
data/qa/cross_pdf/hard_expansion/fulltext_pairs_claude/checkpoints/hvp_0024.json,1629,ae34fdc6040b1b6ec8193bda0e7aa9aada4f87a384d3ca872283bb1724342445,archive_then_delete,generation_checkpoint,生成或推理任务的断点 JSON。,当前任务均已结束；删除后不能从原断点续跑，只能重新运行。,object,10,,
data/qa/cross_pdf/hard_expansion/fulltext_pairs_claude/checkpoints/hvp_0025.json,774,750eb3310a62b0a0b47aa71627bb9fe6bbb5ade3cc5682e7983b54033017dde4,archive_then_delete,generation_checkpoint,生成或推理任务的断点 JSON。,当前任务均已结束；删除后不能从原断点续跑，只能重新运行。,object,10,,
data/qa/cross_pdf/hard_expansion/fulltext_pairs_claude/checkpoints/hvp_0026.json,773,423f93c64d401dcb1ed59fe38aea6eef679db724a3908893f7b824999bee69be,archive_then_delete,generation_checkpoint,生成或推理任务的断点 JSON。,当前任务均已结束；删除后不能从原断点续跑，只能重新运行。,object,10,,
data/qa/cross_pdf/hard_expansion/fulltext_pairs_claude/checkpoints/hvp_0027.json,1301,c3ae4225986aea856f54038c7d481b980857357e748c6942aae4337ec6e3950e,archive_then_delete,generation_checkpoint,生成或推理任务的断点 JSON。,当前任务均已结束；删除后不能从原断点续跑，只能重新运行。,object,10,,
data/qa/cross_pdf/hard_expansion/fulltext_pairs_claude/checkpoints/hvp_0028.json,24753,253a9a842098c91f00926492eddde8f893048eb295061888a42cd283cbe385d5,archive_then_delete,generation_checkpoint,生成或推理任务的断点 JSON。,当前任务均已结束；删除后不能从原断点续跑，只能重新运行。,object,10,,
data/qa/cross_pdf/hard_expansion/fulltext_pairs_claude/checkpoints/hvp_0029.json,38720,7df555770b23ecd88c1db03f62c5c994128f8b7071f6174c9716f930ef4d030e,archive_then_delete,generation_checkpoint,生成或推理任务的断点 JSON。,当前任务均已结束；删除后不能从原断点续跑，只能重新运行。,object,10,,
data/qa/cross_pdf/hard_expansion/fulltext_pairs_claude/checkpoints/hvp_0030.json,1304,51104c40836a24faa150201f0d9c37c25c7460e5c9b630d98b6403ff3a987328,archive_then_delete,generation_checkpoint,生成或推理任务的断点 JSON。,当前任务均已结束；删除后不能从原断点续跑，只能重新运行。,object,10,,
data/qa/cross_pdf/hard_expansion/fulltext_pairs_claude/checkpoints/hvp_0031.json,1496,f053c1d6c44338c0ed3438c83fbae99d28001949fc4671d66262f9b512446e8f,archive_then_delete,generation_checkpoint,生成或推理任务的断点 JSON。,当前任务均已结束；删除后不能从原断点续跑，只能重新运行。,object,10,,
data/qa/cross_pdf/hard_expansion/fulltext_pairs_claude/checkpoints/hvp_0032.json,31075,23f0e9157ed3e8b30c08bbc33e235f7883204a94a83a10e464cd20e4262a8692,archive_then_delete,generation_checkpoint,生成或推理任务的断点 JSON。,当前任务均已结束；删除后不能从原断点续跑，只能重新运行。,object,10,,
data/qa/cross_pdf/hard_expansion/fulltext_pairs_claude/checkpoints/hvp_0033.json,23865,059458066ace698a109f6062acb37679262ad31a9544d491b0958f0d027365f9,archive_then_delete,generation_checkpoint,生成或推理任务的断点 JSON。,当前任务均已结束；删除后不能从原断点续跑，只能重新运行。,object,9,,
data/qa/cross_pdf/hard_expansion/fulltext_pairs_claude/checkpoints/hvp_0034.json,1453,43dafba5aeaf4f3500a37aea6ac4d222c07f44408265da873b0b7720ba5fa782,archive_then_delete,generation_checkpoint,生成或推理任务的断点 JSON。,当前任务均已结束；删除后不能从原断点续跑，只能重新运行。,object,9,,
data/qa/cross_pdf/hard_expansion/fulltext_pairs_claude/checkpoints/hvp_0035.json,17383,cc9ae2c7c64a70842361d7e61dbb14f861fb68a15ea9d530b8108cef42d94df3,archive_then_delete,generation_checkpoint,生成或推理任务的断点 JSON。,当前任务均已结束；删除后不能从原断点续跑，只能重新运行。,object,10,,
data/qa/cross_pdf/hard_expansion/fulltext_pairs_claude/checkpoints/hvp_0036.json,3162,0599a47fe92094348180c12148aab155dd17c81ace48b78049ff5b00f3578b9c,archive_then_delete,generation_checkpoint,生成或推理任务的断点 JSON。,当前任务均已结束；删除后不能从原断点续跑，只能重新运行。,object,10,,
data/qa/cross_pdf/hard_expansion/fulltext_pairs_claude/checkpoints/hvp_0037.json,6398,a93a1016eabf73cb23beeb1511e7a18674c4ccf33d6835f0f3039694e15bf4a7,archive_then_delete,generation_checkpoint,生成或推理任务的断点 JSON。,当前任务均已结束；删除后不能从原断点续跑，只能重新运行。,object,10,,
data/qa/cross_pdf/hard_expansion/fulltext_pairs_claude/checkpoints/hvp_0038.json,1427,3393f3e6abed0c280f0aedd214b596542fb933c07f0182e3f49323c606cd2c74,archive_then_delete,generation_checkpoint,生成或推理任务的断点 JSON。,当前任务均已结束；删除后不能从原断点续跑，只能重新运行。,object,10,,
data/qa/cross_pdf/hard_expansion/fulltext_pairs_claude/checkpoints/hvp_0039.json,20808,cd98869abd05a7fc9385ca185add3534d470cad7b70c22d370793a645019330d,archive_then_delete,generation_checkpoint,生成或推理任务的断点 JSON。,当前任务均已结束；删除后不能从原断点续跑，只能重新运行。,object,10,,
data/qa/cross_pdf/hard_expansion/fulltext_pairs_claude/checkpoints/hvp_0040.json,25485,c4a0423ab8576fe837c7e7fedb2f1c9f3954e478eb9f0c31dc744de2674173e9,archive_then_delete,generation_checkpoint,生成或推理任务的断点 JSON。,当前任务均已结束；删除后不能从原断点续跑，只能重新运行。,object,10,,
data/qa/cross_pdf/hard_expansion/fulltext_pairs_claude/checkpoints/hvp_0041.json,1303,edbb61ee810feed294463f7006ad0f2bed61a99282f21a379914d8e0afa3539d,archive_then_delete,generation_checkpoint,生成或推理任务的断点 JSON。,当前任务均已结束；删除后不能从原断点续跑，只能重新运行。,object,10,,
data/qa/cross_pdf/hard_expansion/fulltext_pairs_claude/checkpoints/hvp_0042.json,19979,bbbd412c292a05adc703c3ebf33dfdd867d8e634444bb0759345ea8eebc4e2ce,archive_then_delete,generation_checkpoint,生成或推理任务的断点 JSON。,当前任务均已结束；删除后不能从原断点续跑，只能重新运行。,object,10,,
data/qa/cross_pdf/hard_expansion/fulltext_pairs_claude/checkpoints/hvp_0043.json,3040,0d740c327e5d0f51b07e096354893ad995525d7b08a51e7b7e7070910d40a66a,archive_then_delete,generation_checkpoint,生成或推理任务的断点 JSON。,当前任务均已结束；删除后不能从原断点续跑，只能重新运行。,object,10,,
data/qa/cross_pdf/hard_expansion/fulltext_pairs_claude/checkpoints/hvp_0045.json,773,3e317dcb4d5a7290f435bba4086656b7633b813cb9b3bda27189f598df84f00d,archive_then_delete,generation_checkpoint,生成或推理任务的断点 JSON。,当前任务均已结束；删除后不能从原断点续跑，只能重新运行。,object,10,,
data/qa/cross_pdf/hard_expansion/fulltext_pairs_claude/checkpoints/hvp_0046.json,3193,ff5fa955625f09f3a4f1b15ace151a719dfc74fd1a76310bf265bec6434d2335,archive_then_delete,generation_checkpoint,生成或推理任务的断点 JSON。,当前任务均已结束；删除后不能从原断点续跑，只能重新运行。,object,10,,
data/qa/cross_pdf/hard_expansion/fulltext_pairs_claude/checkpoints/hvp_0047.json,2983,972994b4938da5bcfaa53b0fc4a6b6fddfa5fd4331790f2c882bd844d09250f9,archive_then_delete,generation_checkpoint,生成或推理任务的断点 JSON。,当前任务均已结束；删除后不能从原断点续跑，只能重新运行。,object,10,,
data/qa/cross_pdf/hard_expansion/fulltext_pairs_claude/checkpoints/hvp_0048.json,2100,600d8e6f2f3f793482439637f46b531a6b35bfe110507c7399a9219a3232c794,archive_then_delete,generation_checkpoint,生成或推理任务的断点 JSON。,当前任务均已结束；删除后不能从原断点续跑，只能重新运行。,object,10,,
data/qa/cross_pdf/hard_expansion/fulltext_pairs_claude/checkpoints/hvp_0049.json,15030,4a200ad51ddcf6ddb0b01e631307c01996d78e154fa67ed1ef139223511208e2,archive_then_delete,generation_checkpoint,生成或推理任务的断点 JSON。,当前任务均已结束；删除后不能从原断点续跑，只能重新运行。,object,10,,
data/qa/cross_pdf/hard_expansion/fulltext_pairs_claude/checkpoints/hvp_0050.json,772,de06769f2834128a33696555a075e6bc5352b7479ec0953ee87d493f3d9ec03f,archive_then_delete,generation_checkpoint,生成或推理任务的断点 JSON。,当前任务均已结束；删除后不能从原断点续跑，只能重新运行。,object,10,,
data/qa/cross_pdf/hard_expansion/fulltext_pairs_claude/checkpoints/hvp_0051.json,774,82175744daf1b4ced13fc03014d9ec8d8c8829da2a9865b1c55bc71699ac3989,archive_then_delete,generation_checkpoint,生成或推理任务的断点 JSON。,当前任务均已结束；删除后不能从原断点续跑，只能重新运行。,object,10,,
data/qa/cross_pdf/hard_expansion/fulltext_pairs_claude/checkpoints/hvp_0052.json,1619,898f65fb183e09d483121d0725faf9c810a1b7f5fb80b664dd5e1905ed6b0cbd,archive_then_delete,generation_checkpoint,生成或推理任务的断点 JSON。,当前任务均已结束；删除后不能从原断点续跑，只能重新运行。,object,10,,
data/qa/cross_pdf/hard_expansion/fulltext_pairs_claude/checkpoints/hvp_0053.json,18350,a477d6b758829991e3486aa9fc744964b427c1575bd2e1a0b899447aeca76007,archive_then_delete,generation_checkpoint,生成或推理任务的断点 JSON。,当前任务均已结束；删除后不能从原断点续跑，只能重新运行。,object,10,,
data/qa/cross_pdf/hard_expansion/fulltext_pairs_claude/checkpoints/hvp_0054.json,33924,c059fa0e6ab149eed50f74d6dc58c935b3faa36865eb8426875b1a9e55701780,archive_then_delete,generation_checkpoint,生成或推理任务的断点 JSON。,当前任务均已结束；删除后不能从原断点续跑，只能重新运行。,object,10,,
data/qa/cross_pdf/hard_expansion/fulltext_pairs_claude/checkpoints/hvp_0055.json,1303,d346202a45cfbc273195294f39da9b37f42ae2899ffcae45f077e3139a008fae,archive_then_delete,generation_checkpoint,生成或推理任务的断点 JSON。,当前任务均已结束；删除后不能从原断点续跑，只能重新运行。,object,10,,
data/qa/cross_pdf/hard_expansion/fulltext_pairs_claude/checkpoints/hvp_0056.json,7370,ee042eb3ebb3a3f85c3388dc1fa859c5b55618188e227bb2d98e6721c9a2a8a5,archive_then_delete,generation_checkpoint,生成或推理任务的断点 JSON。,当前任务均已结束；删除后不能从原断点续跑，只能重新运行。,object,10,,
data/qa/cross_pdf/hard_expansion/fulltext_pairs_claude/checkpoints/hvp_0057.json,1303,8bbb9823888a4b7df4b85358a8d5911802562d70f764e484e3a516e2ba018113,archive_then_delete,generation_checkpoint,生成或推理任务的断点 JSON。,当前任务均已结束；删除后不能从原断点续跑，只能重新运行。,object,10,,
data/qa/cross_pdf/hard_expansion/fulltext_pairs_claude/checkpoints/hvp_0058.json,2821,9d3c99d83829e3bfba3238924d1201a171f5c3fa06029dde6603d7dab0db613d,archive_then_delete,generation_checkpoint,生成或推理任务的断点 JSON。,当前任务均已结束；删除后不能从原断点续跑，只能重新运行。,object,10,,
data/qa/cross_pdf/hard_expansion/fulltext_pairs_claude/checkpoints/hvp_0059.json,1308,6c85d45beb795d56c75fa8285d42aa41601f9afe7ea6d15c57706062f4db4dd1,archive_then_delete,generation_checkpoint,生成或推理任务的断点 JSON。,当前任务均已结束；删除后不能从原断点续跑，只能重新运行。,object,10,,
data/qa/cross_pdf/hard_expansion/fulltext_pairs_claude/checkpoints/hvp_0060.json,1303,7241c4b9d2ff3cba0cfd3fbd56cf88eeb967edaa6689c32e42a6de0812d441b8,archive_then_delete,generation_checkpoint,生成或推理任务的断点 JSON。,当前任务均已结束；删除后不能从原断点续跑，只能重新运行。,object,10,,
data/qa/cross_pdf/hard_expansion/fulltext_pairs_claude_round2/checkpoints/hvp_0001.json,25287,8fb50897c7fb4d0c6118d269534fd6c74dfa54b94cc8020ec2fe2f177e9a0978,archive_then_delete,generation_checkpoint,生成或推理任务的断点 JSON。,当前任务均已结束；删除后不能从原断点续跑，只能重新运行。,object,9,,
data/qa/cross_pdf/hard_expansion/fulltext_pairs_claude_round2/checkpoints/hvp_0002.json,21400,949d30def7f26a12e5894a0c6c9f7306b5da8885c147fbd5fd2af5f16867a57a,archive_then_delete,generation_checkpoint,生成或推理任务的断点 JSON。,当前任务均已结束；删除后不能从原断点续跑，只能重新运行。,object,9,,
data/qa/cross_pdf/hard_expansion/fulltext_pairs_claude_round2/checkpoints/hvp_0003.json,39157,9af8318e7c526c8a5777a0d62d515099d3482253a5af30547dc167bb9e25358a,archive_then_delete,generation_checkpoint,生成或推理任务的断点 JSON。,当前任务均已结束；删除后不能从原断点续跑，只能重新运行。,object,9,,
data/qa/cross_pdf/hard_expansion/fulltext_pairs_claude_round2/checkpoints/hvp_0004.json,22341,9442b72cb28d3be7f6e8eeba5531382d90d8291da1cc64e351243a2d816e2ee6,archive_then_delete,generation_checkpoint,生成或推理任务的断点 JSON。,当前任务均已结束；删除后不能从原断点续跑，只能重新运行。,object,9,,
data/qa/cross_pdf/hard_expansion/fulltext_pairs_claude_round2/checkpoints/hvp_0005.json,33963,64c3124e365b0067b1f950e1defe49b60bd7df194ad4cf1a817a73a8cea31d47,archive_then_delete,generation_checkpoint,生成或推理任务的断点 JSON。,当前任务均已结束；删除后不能从原断点续跑，只能重新运行。,object,9,,
data/qa/cross_pdf/hard_expansion/fulltext_pairs_claude_round2/checkpoints/hvp_0006.json,28132,af3a4c84cf9cc2fcd90ed891a1fa2a154b1de424497dcf9a5d3a32e25ed5251c,archive_then_delete,generation_checkpoint,生成或推理任务的断点 JSON。,当前任务均已结束；删除后不能从原断点续跑，只能重新运行。,object,9,,
data/qa/cross_pdf/hard_expansion/fulltext_pairs_claude_round2/checkpoints/hvp_0007.json,2225,01469f2d9ec7ba75b26902713000734576eb60c5e9089dd6f593cbb780f2decf,archive_then_delete,generation_checkpoint,生成或推理任务的断点 JSON。,当前任务均已结束；删除后不能从原断点续跑，只能重新运行。,object,9,,
data/qa/cross_pdf/hard_expansion/fulltext_pairs_claude_round2/checkpoints/hvp_0008.json,30536,620a7b90320ff6ab80b5ea33acdb5d77e3ecbaf2fb9a47847d26317ed6462328,archive_then_delete,generation_checkpoint,生成或推理任务的断点 JSON。,当前任务均已结束；删除后不能从原断点续跑，只能重新运行。,object,9,,
data/qa/cross_pdf/hard_expansion/fulltext_pairs_claude_round2/checkpoints/hvp_0009.json,26949,63d015237a77ae51780103407dc6bf0ddda3ec9716ef6926ff67835f3463025e,archive_then_delete,generation_checkpoint,生成或推理任务的断点 JSON。,当前任务均已结束；删除后不能从原断点续跑，只能重新运行。,object,9,,
data/qa/cross_pdf/hard_expansion/fulltext_pairs_claude_round2/checkpoints/hvp_0010.json,9789,d53cd5fda208de0b8c8e90df7cfcb29993bcf410dc5f1f2bda2ed20e2355a89e,archive_then_delete,generation_checkpoint,生成或推理任务的断点 JSON。,当前任务均已结束；删除后不能从原断点续跑，只能重新运行。,object,9,,
data/qa/cross_pdf/hard_expansion/fulltext_pairs_claude_round2/checkpoints/hvp_0011.json,1827,f32abbf44e7a1707b07e0d6d5d6f900ebc7987662ba761173c57b31e7e555891,archive_then_delete,generation_checkpoint,生成或推理任务的断点 JSON。,当前任务均已结束；删除后不能从原断点续跑，只能重新运行。,object,9,,
data/qa/cross_pdf/hard_expansion/fulltext_pairs_claude_round2/checkpoints/hvp_0012.json,29028,e85817db4a9d2fadfc1dd8cd0d5b7409a404f75c2d63ce876ad1f55a7fe85a44,archive_then_delete,generation_checkpoint,生成或推理任务的断点 JSON。,当前任务均已结束；删除后不能从原断点续跑，只能重新运行。,object,9,,
data/qa/cross_pdf/hard_expansion/fulltext_pairs_claude_round2/checkpoints/hvp_0013.json,19675,d7d87d81d8fd6eaa6d01b82ceadac8487f2b367d02e40af7492c92e4bf228938,archive_then_delete,generation_checkpoint,生成或推理任务的断点 JSON。,当前任务均已结束；删除后不能从原断点续跑，只能重新运行。,object,9,,
data/qa/cross_pdf/hard_expansion/fulltext_pairs_claude_round2/checkpoints/hvp_0015.json,34903,6628e73facf3728377588bb8dcb42da1ecc995a702d4972bad6a84a44a2b8c2b,archive_then_delete,generation_checkpoint,生成或推理任务的断点 JSON。,当前任务均已结束；删除后不能从原断点续跑，只能重新运行。,object,9,,
data/qa/cross_pdf/hard_expansion/fulltext_pairs_claude_round2/checkpoints/hvp_0016.json,725,941f67086b50b6c82f43d627ae4c8d45b7eaafb8e86aad4577c9f5eb8dc7320d,archive_then_delete,generation_checkpoint,生成或推理任务的断点 JSON。,当前任务均已结束；删除后不能从原断点续跑，只能重新运行。,object,9,,
data/qa/cross_pdf/hard_expansion/fulltext_pairs_claude_round2/checkpoints/hvp_0018.json,1772,754edf0cdd2e1a05eba7531583ede86edff0d35c2a80b690b324f9248325a3e6,archive_then_delete,generation_checkpoint,生成或推理任务的断点 JSON。,当前任务均已结束；删除后不能从原断点续跑，只能重新运行。,object,9,,
data/qa/cross_pdf/hard_expansion/fulltext_pairs_claude_round2/checkpoints/hvp_0019.json,19187,a9283e8227515462fa73eac0349d40d4cac03690625b63068cbc95760440c244,archive_then_delete,generation_checkpoint,生成或推理任务的断点 JSON。,当前任务均已结束；删除后不能从原断点续跑，只能重新运行。,object,9,,
data/qa/cross_pdf/hard_expansion/fulltext_pairs_claude_round2/checkpoints/hvp_0020.json,21845,1cbd79420d0684dd4c7646ecdc2dddd99faec720a60dfe2e2dc92a56e5989368,archive_then_delete,generation_checkpoint,生成或推理任务的断点 JSON。,当前任务均已结束；删除后不能从原断点续跑，只能重新运行。,object,9,,
data/qa/cross_pdf/hard_expansion/fulltext_pairs_claude_round2/checkpoints/hvp_0021.json,24480,2e3d6d65909e973d262983a66c3fe87d60b3e354901ccadfa6fe6976cb1fbdfe,archive_then_delete,generation_checkpoint,生成或推理任务的断点 JSON。,当前任务均已结束；删除后不能从原断点续跑，只能重新运行。,object,9,,
data/qa/cross_pdf/hard_expansion/fulltext_pairs_claude_round2/checkpoints/hvp_0022.json,49740,9332087c36becd552eb943f6cc01f4cd5f953fd0dad70cf1c788842631bdca3a,archive_then_delete,generation_checkpoint,生成或推理任务的断点 JSON。,当前任务均已结束；删除后不能从原断点续跑，只能重新运行。,object,9,,
data/qa/cross_pdf/hard_expansion/fulltext_pairs_claude_round2/checkpoints/hvp_0023.json,40513,a0c513e0ef30bd81c33c3882a1896fcf7650ddfc7b5424f96edc822f1d0d17d1,archive_then_delete,generation_checkpoint,生成或推理任务的断点 JSON。,当前任务均已结束；删除后不能从原断点续跑，只能重新运行。,object,9,,
data/qa/cross_pdf/hard_expansion/fulltext_pairs_claude_round2/checkpoints/hvp_0024.json,30396,c8f526eb71ac41c621ef0d254f17c3e47450ff732d78af00a00a130c912d589a,archive_then_delete,generation_checkpoint,生成或推理任务的断点 JSON。,当前任务均已结束；删除后不能从原断点续跑，只能重新运行。,object,9,,
data/qa/cross_pdf/hard_expansion/fulltext_pairs_claude_round2/checkpoints/hvp_0025.json,1999,d94bb2c31c5c2f0e4d6cd9804c4691a5ac4c5fa3a8b1f3c712cd822018e97d18,archive_then_delete,generation_checkpoint,生成或推理任务的断点 JSON。,当前任务均已结束；删除后不能从原断点续跑，只能重新运行。,object,9,,
data/qa/cross_pdf/hard_expansion/fulltext_pairs_claude_round2/checkpoints/hvp_0026.json,726,2f629760ec354a37c64f12896827ee6921db5ea211c856cd64b2d112aa6468c1,archive_then_delete,generation_checkpoint,生成或推理任务的断点 JSON。,当前任务均已结束；删除后不能从原断点续跑，只能重新运行。,object,9,,
data/qa/cross_pdf/hard_expansion/fulltext_pairs_claude_round2/checkpoints/hvp_0027.json,1830,2a446d9e8420a7e340ae50b01b59f92d2162718a46c6beca2253fc827385d9f5,archive_then_delete,generation_checkpoint,生成或推理任务的断点 JSON。,当前任务均已结束；删除后不能从原断点续跑，只能重新运行。,object,9,,
data/qa/cross_pdf/hard_expansion/fulltext_pairs_claude_round2/checkpoints/hvp_0028.json,35636,680c4fad353796a4e1456fb8095b7a6bb13dedd830c1565be1869909983b3533,archive_then_delete,generation_checkpoint,生成或推理任务的断点 JSON。,当前任务均已结束；删除后不能从原断点续跑，只能重新运行。,object,9,,
data/qa/cross_pdf/hard_expansion/fulltext_pairs_claude_round2/checkpoints/hvp_0029.json,21340,db1963d3da20e6b0941b6a02cccf64758644946f2ad980f356148ad0444c0c96,archive_then_delete,generation_checkpoint,生成或推理任务的断点 JSON。,当前任务均已结束；删除后不能从原断点续跑，只能重新运行。,object,9,,
data/qa/cross_pdf/hard_expansion/fulltext_pairs_claude_round2/checkpoints/hvp_0030.json,17877,049426a7367099db9d2bf49e0751e00f2495e349a6ac15bda62b8b0cb8629758,archive_then_delete,generation_checkpoint,生成或推理任务的断点 JSON。,当前任务均已结束；删除后不能从原断点续跑，只能重新运行。,object,9,,
data/qa/cross_pdf/hard_expansion/fulltext_pairs_claude_round2/checkpoints/hvp_0032.json,47078,958f4de3352f2a2776864a5ed476a488656c161e450aee6f72d24b510567cc64,archive_then_delete,generation_checkpoint,生成或推理任务的断点 JSON。,当前任务均已结束；删除后不能从原断点续跑，只能重新运行。,object,9,,
data/qa/cross_pdf/hard_expansion/fulltext_pairs_claude_round2/checkpoints/hvp_0033.json,18850,c355f993a05b7ed61d4bd97d3718ee0e1510f4240b56f60336a88a792689b10d,archive_then_delete,generation_checkpoint,生成或推理任务的断点 JSON。,当前任务均已结束；删除后不能从原断点续跑，只能重新运行。,object,9,,
data/qa/cross_pdf/hard_expansion/fulltext_pairs_claude_round2/checkpoints/hvp_0034.json,2645,032067f693bce90b9edaa31a3f5018a785a3488dffbf63c597139f1e31ab2fbd,archive_then_delete,generation_checkpoint,生成或推理任务的断点 JSON。,当前任务均已结束；删除后不能从原断点续跑，只能重新运行。,object,9,,
data/qa/cross_pdf/hard_expansion/fulltext_pairs_claude_round2/checkpoints/hvp_0036.json,28665,7bcf4ee7846933f09211c319ddd84812feafe703a146bf9a71caf023b2f7baf0,archive_then_delete,generation_checkpoint,生成或推理任务的断点 JSON。,当前任务均已结束；删除后不能从原断点续跑，只能重新运行。,object,9,,
data/qa/cross_pdf/hard_expansion/fulltext_pairs_claude_round2/checkpoints/hvp_0037.json,31172,8bb8b6fa3c368890ef31d18b321454b19abf53cbb3ba6af2c5aea372687c343a,archive_then_delete,generation_checkpoint,生成或推理任务的断点 JSON。,当前任务均已结束；删除后不能从原断点续跑，只能重新运行。,object,9,,
data/qa/cross_pdf/hard_expansion/fulltext_pairs_claude_round2/checkpoints/hvp_0038.json,33212,8625d0c52d38f8df2bc90e64879866d7ec22a287b46c45289b951cca32b13799,archive_then_delete,generation_checkpoint,生成或推理任务的断点 JSON。,当前任务均已结束；删除后不能从原断点续跑，只能重新运行。,object,9,,
data/qa/cross_pdf/hard_expansion/fulltext_pairs_claude_round2/checkpoints/hvp_0040.json,9298,0566c43048b4773775e87a59adb17f22d1975f9a755ac7ba47ff34ef4a1b2fb0,archive_then_delete,generation_checkpoint,生成或推理任务的断点 JSON。,当前任务均已结束；删除后不能从原断点续跑，只能重新运行。,object,9,,
data/qa/cross_pdf/hard_expansion/fulltext_pairs_claude_round2/checkpoints/hvp_0041.json,18968,91ef66f70baae3287b0525a1d56edeb584003359c983838dd2266abe1d944d08,archive_then_delete,generation_checkpoint,生成或推理任务的断点 JSON。,当前任务均已结束；删除后不能从原断点续跑，只能重新运行。,object,9,,
data/qa/cross_pdf/hard_expansion/fulltext_pairs_claude_round2/checkpoints/hvp_0043.json,2711,83fab544d44915c1a417e33570bd86a12f9f63bd8cbd96dedbb86ffc650831be,archive_then_delete,generation_checkpoint,生成或推理任务的断点 JSON。,当前任务均已结束；删除后不能从原断点续跑，只能重新运行。,object,9,,
data/qa/cross_pdf/hard_expansion/fulltext_pairs_claude_round2/checkpoints/hvp_0044.json,2264,1201d466477c6e2b19f5310f378a6bf5132035357a792b8c16a08eaed9395d5b,archive_then_delete,generation_checkpoint,生成或推理任务的断点 JSON。,当前任务均已结束；删除后不能从原断点续跑，只能重新运行。,object,9,,
data/qa/cross_pdf/hard_expansion/fulltext_pairs_claude_round2/checkpoints/hvp_0046.json,2410,09044c4124257ec3d7256d375958f18394bcce72aff48772b4ad4372584f1974,archive_then_delete,generation_checkpoint,生成或推理任务的断点 JSON。,当前任务均已结束；删除后不能从原断点续跑，只能重新运行。,object,9,,
data/qa/cross_pdf/hard_expansion/fulltext_pairs_claude_round2/checkpoints/hvp_0047.json,21403,5a4bb4592c9fc9bc779e573ac79460377f4753cc64141c0a7840cc7dca53633a,archive_then_delete,generation_checkpoint,生成或推理任务的断点 JSON。,当前任务均已结束；删除后不能从原断点续跑，只能重新运行。,object,9,,
data/qa/cross_pdf/hard_expansion/fulltext_pairs_claude_round2/checkpoints/hvp_0048.json,24738,4286fe6684d3cc6c9626a3d2b45ed029641080e91ffbd98faeb3df3a3e6c365a,archive_then_delete,generation_checkpoint,生成或推理任务的断点 JSON。,当前任务均已结束；删除后不能从原断点续跑，只能重新运行。,object,9,,
data/qa/cross_pdf/hard_expansion/fulltext_pairs_claude_round2/checkpoints/hvp_0049.json,19926,5f457bf66d0a8b8d88445e6dcaaff2b0823061f4e887b236d6739c6634e94fd2,archive_then_delete,generation_checkpoint,生成或推理任务的断点 JSON。,当前任务均已结束；删除后不能从原断点续跑，只能重新运行。,object,9,,
data/qa/cross_pdf/hard_expansion/fulltext_pairs_claude_round2/checkpoints/hvp_0050.json,1255,9be5744fd244369959f9c8d51fccda6502b93a759633968f1b52388723104bf0,archive_then_delete,generation_checkpoint,生成或推理任务的断点 JSON。,当前任务均已结束；删除后不能从原断点续跑，只能重新运行。,object,9,,
data/qa/cross_pdf/hard_expansion/fulltext_pairs_claude_round2/checkpoints/hvp_0051.json,29388,28829ebb374c597d443264ffdd34a28ae56fd8e5ff2f7ef0eeb44e2c90299dbe,archive_then_delete,generation_checkpoint,生成或推理任务的断点 JSON。,当前任务均已结束；删除后不能从原断点续跑，只能重新运行。,object,9,,
data/qa/cross_pdf/hard_expansion/fulltext_pairs_claude_round2/checkpoints/hvp_0052.json,1256,6e5c4260007a021979044ce170f4db4e44c2a2605e1085029142feb89171048a,archive_then_delete,generation_checkpoint,生成或推理任务的断点 JSON。,当前任务均已结束；删除后不能从原断点续跑，只能重新运行。,object,9,,
data/qa/cross_pdf/hard_expansion/fulltext_pairs_claude_round2/checkpoints/hvp_0053.json,22681,78f298d5b05b1109ed8add8bc233d1e009117d1c5ba4fcb9bc35c30550d0f666,archive_then_delete,generation_checkpoint,生成或推理任务的断点 JSON。,当前任务均已结束；删除后不能从原断点续跑，只能重新运行。,object,9,,
data/qa/cross_pdf/hard_expansion/fulltext_pairs_claude_round2/checkpoints/hvp_0054.json,1969,5e181da86036548124781414a138989386bf94473ee0584d33418ca43a1a255c,archive_then_delete,generation_checkpoint,生成或推理任务的断点 JSON。,当前任务均已结束；删除后不能从原断点续跑，只能重新运行。,object,9,,
data/qa/cross_pdf/hard_expansion/fulltext_pairs_claude_round2/checkpoints/hvp_0055.json,28970,bee2919482971344864d43f61fbeb6659b192249878c4d955ca694daca90af4c,archive_then_delete,generation_checkpoint,生成或推理任务的断点 JSON。,当前任务均已结束；删除后不能从原断点续跑，只能重新运行。,object,9,,
data/qa/cross_pdf/hard_expansion/fulltext_pairs_claude_round2/checkpoints/hvp_0056.json,19071,7df984b72d9508d1a16b49b2558ae0d67742b75d62eb9d91e47c6bfad41a9424,archive_then_delete,generation_checkpoint,生成或推理任务的断点 JSON。,当前任务均已结束；删除后不能从原断点续跑，只能重新运行。,object,9,,
data/qa/cross_pdf/hard_expansion/fulltext_pairs_claude_round2/checkpoints/hvp_0057.json,32963,436dd854ec43ffe085c27a7829ef4a8b931702a39fb89e9f9ccae39492557a68,archive_then_delete,generation_checkpoint,生成或推理任务的断点 JSON。,当前任务均已结束；删除后不能从原断点续跑，只能重新运行。,object,9,,
data/qa/cross_pdf/hard_expansion/fulltext_pairs_claude_round2/checkpoints/hvp_0058.json,17990,85aed0aa574f387037c5f90cf9ffaa335a8d6602ac7f5cc38ff3cf87615352fb,archive_then_delete,generation_checkpoint,生成或推理任务的断点 JSON。,当前任务均已结束；删除后不能从原断点续跑，只能重新运行。,object,9,,
data/qa/cross_pdf/hard_expansion/fulltext_pairs_claude_round2/checkpoints/hvp_0059.json,26115,8bad44aceb40842eae1aa2ab41632d92e94bd7aa2a23b799c7956dbe3f0e9ebf,archive_then_delete,generation_checkpoint,生成或推理任务的断点 JSON。,当前任务均已结束；删除后不能从原断点续跑，只能重新运行。,object,9,,
data/qa/cross_pdf/hard_expansion/fulltext_pairs_claude_round2/checkpoints/hvp_0060.json,47650,d30ec6ac31c66d9b330b894767d3193fe41151a0aa7c49627185b6efdf0dc979,archive_then_delete,generation_checkpoint,生成或推理任务的断点 JSON。,当前任务均已结束；删除后不能从原断点续跑，只能重新运行。,object,9,,
data/qa/cross_pdf/hard_expansion/fulltext_pilot_triples/checkpoints/hvt_0001.json,1511,c113228a006af8b0b22268c35d287c39268f08c7999c4a32a423ee297680a178,archive_then_delete,generation_checkpoint,生成或推理任务的断点 JSON。,当前任务均已结束；删除后不能从原断点续跑，只能重新运行。,object,9,,
data/qa/cross_pdf/hard_expansion/fulltext_pilot_triples/checkpoints/hvt_0002.json,3298,cabc814bbe3ec91ee827e0a875de913c53e615f0b37199e6f2d7a712d7891cb5,archive_then_delete,generation_checkpoint,生成或推理任务的断点 JSON。,当前任务均已结束；删除后不能从原断点续跑，只能重新运行。,object,9,,
data/qa/cross_pdf/hard_expansion/fulltext_title_v4_claude/checkpoints/hxf_0001.json,2153,4e5ff4a4a22f60f97b8fe7e5a1059bfa93bd10c78c51a831382e8c6fb3061b66,archive_then_delete,generation_checkpoint,生成或推理任务的断点 JSON。,当前任务均已结束；删除后不能从原断点续跑，只能重新运行。,object,9,,
data/qa/cross_pdf/hard_expansion/fulltext_title_v4_claude/checkpoints/hxf_0003.json,26933,0373f4ed13f39f4a9c7b0de9227651a0af4defe536b43f052e7f79bb6aa21fac,archive_then_delete,generation_checkpoint,生成或推理任务的断点 JSON。,当前任务均已结束；删除后不能从原断点续跑，只能重新运行。,object,9,,
data/qa/cross_pdf/hard_expansion/fulltext_title_v4_claude/checkpoints/hxf_0004.json,33749,161388029c72883eba83656131e828be51aeff064cbd3abb9f9c0c0665fd0649,archive_then_delete,generation_checkpoint,生成或推理任务的断点 JSON。,当前任务均已结束；删除后不能从原断点续跑，只能重新运行。,object,9,,
data/qa/cross_pdf/hard_expansion/fulltext_title_v4_claude/checkpoints/hxf_0005.json,24369,2ef36ac0672a593d677698ffbdcebfb7e94a7ec343731e06ff55582f5c70607b,archive_then_delete,generation_checkpoint,生成或推理任务的断点 JSON。,当前任务均已结束；删除后不能从原断点续跑，只能重新运行。,object,9,,
data/qa/cross_pdf/hard_expansion/fulltext_title_v4_claude/checkpoints/hxf_0006.json,29077,5fa8e18186b1f2ede67e29c30eb9258343682fea31043b49e8fb55e821912044,archive_then_delete,generation_checkpoint,生成或推理任务的断点 JSON。,当前任务均已结束；删除后不能从原断点续跑，只能重新运行。,object,9,,
data/qa/cross_pdf/hard_expansion/fulltext_title_v4_claude/checkpoints/hxf_0007.json,39952,899b8f9bb07ee8ffa860511baa2d312e36ca2d4d9b7d3cb0094338337220473f,archive_then_delete,generation_checkpoint,生成或推理任务的断点 JSON。,当前任务均已结束；删除后不能从原断点续跑，只能重新运行。,object,9,,
data/qa/cross_pdf/hard_expansion/fulltext_title_v4_claude/checkpoints/hxf_0008.json,1401,f85dae9de96ec44fad96680feb4cfffc17b40f6bda7df760c19c0455d904f3b0,archive_then_delete,generation_checkpoint,生成或推理任务的断点 JSON。,当前任务均已结束；删除后不能从原断点续跑，只能重新运行。,object,9,,
data/qa/cross_pdf/hard_expansion/fulltext_title_v4_claude/checkpoints/hxf_0009.json,21864,25e7b73c15e3f95037feb8e67f6bb1ac3bf3bb5b3873b26759e5c3fac0009cfc,archive_then_delete,generation_checkpoint,生成或推理任务的断点 JSON。,当前任务均已结束；删除后不能从原断点续跑，只能重新运行。,object,9,,
data/qa/cross_pdf/hard_expansion/fulltext_title_v4_claude/checkpoints/hxf_0010.json,37820,e9a6717e61e457a44411294e6cd1940723d54f1c87f90516eb4a948202f4f01c,archive_then_delete,generation_checkpoint,生成或推理任务的断点 JSON。,当前任务均已结束；删除后不能从原断点续跑，只能重新运行。,object,9,,
data/qa/cross_pdf/hard_expansion/fulltext_title_v4_claude/checkpoints/hxf_0012.json,27349,ff9fe86aa42eeb07265f02e952fc0eb2ed8d73efabca47e7d2e378addac4d213,archive_then_delete,generation_checkpoint,生成或推理任务的断点 JSON。,当前任务均已结束；删除后不能从原断点续跑，只能重新运行。,object,9,,
data/qa/cross_pdf/hard_expansion/fulltext_title_v4_claude/checkpoints/hxf_0013.json,28590,dcdcfec53c437a4a442ce72f78da0e70eabfb972f1f42e4820908d17a68cff77,archive_then_delete,generation_checkpoint,生成或推理任务的断点 JSON。,当前任务均已结束；删除后不能从原断点续跑，只能重新运行。,object,9,,
data/qa/cross_pdf/hard_expansion/fulltext_title_v4_claude/checkpoints/hxf_0014.json,29663,57a453767691ca4cfe524282dd72429f3d5aac9586944885bd4797da2cec11ba,archive_then_delete,generation_checkpoint,生成或推理任务的断点 JSON。,当前任务均已结束；删除后不能从原断点续跑，只能重新运行。,object,9,,
data/qa/cross_pdf/hard_expansion/fulltext_title_v4_claude/checkpoints/hxf_0015.json,38018,d04867f498d6311051f5ffa252a77c4ac77b9f278b5e78e0b6f49b8c8f27d827,archive_then_delete,generation_checkpoint,生成或推理任务的断点 JSON。,当前任务均已结束；删除后不能从原断点续跑，只能重新运行。,object,9,,
data/qa/cross_pdf/hard_expansion/fulltext_title_v4_claude/checkpoints/hxf_0016.json,36908,a2d89bed8477aa3bcdb83ad8579843528d58fff77acef1e29a84831754d3a8af,archive_then_delete,generation_checkpoint,生成或推理任务的断点 JSON。,当前任务均已结束；删除后不能从原断点续跑，只能重新运行。,object,9,,
data/qa/cross_pdf/hard_expansion/fulltext_title_v4_claude/checkpoints/hxf_0017.json,29271,da60d2a3ed6bf01449cd33f38ded10b51aac094ee4eb911ab4cab27f8f881725,archive_then_delete,generation_checkpoint,生成或推理任务的断点 JSON。,当前任务均已结束；删除后不能从原断点续跑，只能重新运行。,object,9,,
data/qa/cross_pdf/hard_expansion/fulltext_title_v4_claude/checkpoints/hxf_0018.json,33839,cf820bd1a9e4d024c878c366925142b88741145163f70424bada55cd158e25b8,archive_then_delete,generation_checkpoint,生成或推理任务的断点 JSON。,当前任务均已结束；删除后不能从原断点续跑，只能重新运行。,object,9,,
data/qa/cross_pdf/hard_expansion/fulltext_title_v4_claude/checkpoints/hxf_0019.json,22315,01a47af2d2a5e465b70ceadf4c76bd01d18ee8627b86b18a5deb910ae747323f,archive_then_delete,generation_checkpoint,生成或推理任务的断点 JSON。,当前任务均已结束；删除后不能从原断点续跑，只能重新运行。,object,9,,
data/qa/cross_pdf/hard_expansion/fulltext_title_v4_claude/checkpoints/hxf_0020.json,1405,958febf7251297a900e8b953719da420f884aedacf3fbcea9e618e68cd45a055,archive_then_delete,generation_checkpoint,生成或推理任务的断点 JSON。,当前任务均已结束；删除后不能从原断点续跑，只能重新运行。,object,9,,
data/qa/cross_pdf/hard_expansion/fulltext_title_v4_claude/checkpoints/hxf_0021.json,13114,1859336a0a6658d169e77490f0a8cf4520b09d38da4505bf511a3bf7bfb9cc5e,archive_then_delete,generation_checkpoint,生成或推理任务的断点 JSON。,当前任务均已结束；删除后不能从原断点续跑，只能重新运行。,object,9,,
data/qa/cross_pdf/hard_expansion/fulltext_title_v4_claude/checkpoints/hxf_0022.json,29790,739074b858b7ecd24a82d328907584c5633a183c7773346f4dbc37ee643cb9eb,archive_then_delete,generation_checkpoint,生成或推理任务的断点 JSON。,当前任务均已结束；删除后不能从原断点续跑，只能重新运行。,object,9,,
data/qa/cross_pdf/hard_expansion/fulltext_title_v4_claude/checkpoints/hxf_0023.json,725,46847ebd469e1ce61b33728e6afdd438abe387f4df20f2821d6f5e6e3adf0963,archive_then_delete,generation_checkpoint,生成或推理任务的断点 JSON。,当前任务均已结束；删除后不能从原断点续跑，只能重新运行。,object,9,,
data/qa/cross_pdf/hard_expansion/fulltext_title_v4_claude/checkpoints/hxf_0024.json,725,ada63c3f719553cdb8887233d2f2f8451738e52cf23b21d32eff23b2d2b842c6,archive_then_delete,generation_checkpoint,生成或推理任务的断点 JSON。,当前任务均已结束；删除后不能从原断点续跑，只能重新运行。,object,9,,
data/qa/cross_pdf/hard_expansion/fulltext_title_v4_claude/checkpoints/hxf_0025.json,2403,773fe8eb73c52f5884518874175d17a59d030abe59196a4151142849cf69a67f,archive_then_delete,generation_checkpoint,生成或推理任务的断点 JSON。,当前任务均已结束；删除后不能从原断点续跑，只能重新运行。,object,9,,
data/qa/cross_pdf/hard_expansion/fulltext_title_v4_claude/checkpoints/hxf_0027.json,2672,14ebbbf9c8fa209074c9a54f7a2744a1150f3cbeb8ed910cff810a223b409a55,archive_then_delete,generation_checkpoint,生成或推理任务的断点 JSON。,当前任务均已结束；删除后不能从原断点续跑，只能重新运行。,object,9,,
data/qa/cross_pdf/hard_expansion/fulltext_title_v4_claude/checkpoints/hxf_0028.json,34291,916939f24703355d68c1f60982e9df683969a668c1d6b64d452b19082721ca12,archive_then_delete,generation_checkpoint,生成或推理任务的断点 JSON。,当前任务均已结束；删除后不能从原断点续跑，只能重新运行。,object,9,,
data/qa/cross_pdf/hard_expansion/fulltext_title_v4_claude/checkpoints/hxf_0029.json,24337,c39dc7ae37d05f947fc1630f6d6ce1d82fa1b8b195ed74c7982b57b755ea20b4,archive_then_delete,generation_checkpoint,生成或推理任务的断点 JSON。,当前任务均已结束；删除后不能从原断点续跑，只能重新运行。,object,9,,
data/qa/cross_pdf/hard_expansion/fulltext_title_v4_claude/checkpoints/hxf_0030.json,726,0b3f268633b36c7ebb72384971b42f2265c348349f143b204150558a555dd9f9,archive_then_delete,generation_checkpoint,生成或推理任务的断点 JSON。,当前任务均已结束；删除后不能从原断点续跑，只能重新运行。,object,9,,
data/qa/cross_pdf/hard_expansion/fulltext_title_v4_claude/checkpoints/hxf_0031.json,28251,eef7cb65071792acc437c5651e3937890ecbc3b1e20868f41c9e55bb7948b4ed,archive_then_delete,generation_checkpoint,生成或推理任务的断点 JSON。,当前任务均已结束；删除后不能从原断点续跑，只能重新运行。,object,9,,
data/qa/cross_pdf/hard_expansion/fulltext_title_v4_claude/checkpoints/hxf_0032.json,1239,4ae324f63a75180d74eff1e685de4c9d12558471bcc2716b7a11958a4e6ca068,archive_then_delete,generation_checkpoint,生成或推理任务的断点 JSON。,当前任务均已结束；删除后不能从原断点续跑，只能重新运行。,object,9,,
data/qa/cross_pdf/hard_expansion/fulltext_title_v4_claude/checkpoints/hxf_0033.json,24108,8a11dda31da2e170bb446e14d06ffbc61f5d89db0f17889d5507b05c6324102b,archive_then_delete,generation_checkpoint,生成或推理任务的断点 JSON。,当前任务均已结束；删除后不能从原断点续跑，只能重新运行。,object,9,,
data/qa/cross_pdf/hard_expansion/fulltext_title_v4_claude/checkpoints/hxf_0034.json,28648,1f28e7432fd78a565bdcd576788f7c55dc1a837d7c4f08f5c34e6b3248851d14,archive_then_delete,generation_checkpoint,生成或推理任务的断点 JSON。,当前任务均已结束；删除后不能从原断点续跑，只能重新运行。,object,9,,
data/qa/cross_pdf/hard_expansion/fulltext_title_v4_claude/checkpoints/hxf_0035.json,33801,00ebacb8242106420069b7da2a064794e7ee6c17f7d07542552f7dd828ace45a,archive_then_delete,generation_checkpoint,生成或推理任务的断点 JSON。,当前任务均已结束；删除后不能从原断点续跑，只能重新运行。,object,9,,
data/qa/cross_pdf/hard_expansion/fulltext_title_v4_claude/checkpoints/hxf_0036.json,1872,53b1a20af82ba09d86abf33e2aab28d49db0986d409a2277df0daca83829c65d,archive_then_delete,generation_checkpoint,生成或推理任务的断点 JSON。,当前任务均已结束；删除后不能从原断点续跑，只能重新运行。,object,9,,
data/qa/cross_pdf/hard_expansion/fulltext_title_v4_claude/checkpoints/hxf_0037.json,6795,573caf5185d5e15aa3c9fc6f396df2331a518a058d880c33abcfccf4ce5ca1a2,archive_then_delete,generation_checkpoint,生成或推理任务的断点 JSON。,当前任务均已结束；删除后不能从原断点续跑，只能重新运行。,object,9,,
data/qa/cross_pdf/hard_expansion/fulltext_title_v4_claude/checkpoints/hxf_0038.json,44226,db65d1814ecbf523c87c003e5d4217e4f548bbea23ac97c5785a373bbc13600e,archive_then_delete,generation_checkpoint,生成或推理任务的断点 JSON。,当前任务均已结束；删除后不能从原断点续跑，只能重新运行。,object,9,,
data/qa/cross_pdf/hard_expansion/fulltext_title_v4_claude/checkpoints/hxf_0039.json,27861,165ae03127e142c83e73ec133e184c4fb359cbb5e55ddfae7370208440e02415,archive_then_delete,generation_checkpoint,生成或推理任务的断点 JSON。,当前任务均已结束；删除后不能从原断点续跑，只能重新运行。,object,9,,
data/qa/cross_pdf/hard_expansion/fulltext_title_v4_claude/checkpoints/hxf_0040.json,1780,1aa4e33fcd29b1baba0b9dba47aa93c1c6f94ef47a5d078b126b56f38abfce4a,archive_then_delete,generation_checkpoint,生成或推理任务的断点 JSON。,当前任务均已结束；删除后不能从原断点续跑，只能重新运行。,object,9,,
data/qa/cross_pdf/hard_expansion/fulltext_title_v4_claude/checkpoints/hxf_0041.json,7905,4b9b0a65c8876e1ef61471d7dcc2e24caa212ebd50337f6740ea8a6d77e9e326,archive_then_delete,generation_checkpoint,生成或推理任务的断点 JSON。,当前任务均已结束；删除后不能从原断点续跑，只能重新运行。,object,9,,
data/qa/cross_pdf/hard_expansion/fulltext_title_v4_claude/checkpoints/hxf_0042.json,1709,541e4cc4c2de2836da2b0751d2053f5289b632e5b6a19d6094b568f16d135c98,archive_then_delete,generation_checkpoint,生成或推理任务的断点 JSON。,当前任务均已结束；删除后不能从原断点续跑，只能重新运行。,object,9,,
data/qa/cross_pdf/hard_expansion/fulltext_title_v4_claude/checkpoints/hxf_0043.json,33175,883778e7d5350f8d637966701171b54b881aff14d4856d02073bee16ec5c1e05,archive_then_delete,generation_checkpoint,生成或推理任务的断点 JSON。,当前任务均已结束；删除后不能从原断点续跑，只能重新运行。,object,9,,
data/qa/cross_pdf/hard_expansion/fulltext_title_v4_claude/checkpoints/hxf_0044.json,3244,6d62d18623243a65f28ad1ef873341dc215c609cebb7fab6a6b8260463ce0110,archive_then_delete,generation_checkpoint,生成或推理任务的断点 JSON。,当前任务均已结束；删除后不能从原断点续跑，只能重新运行。,object,9,,
data/qa/cross_pdf/hard_expansion/fulltext_title_v4_claude/checkpoints/hxf_0045.json,30920,dfe3661fcc0b54da3e423dc6964586c281e6e2b3fc4265fcfc51d5dd42a5e56e,archive_then_delete,generation_checkpoint,生成或推理任务的断点 JSON。,当前任务均已结束；删除后不能从原断点续跑，只能重新运行。,object,9,,
data/qa/cross_pdf/hard_expansion/fulltext_title_v4_claude/checkpoints/hxf_0046.json,42676,29637587f2fb17cf7b5f37cec20045c9d86dcbd51f78c45ae5ef679f8dfc00b9,archive_then_delete,generation_checkpoint,生成或推理任务的断点 JSON。,当前任务均已结束；删除后不能从原断点续跑，只能重新运行。,object,9,,
data/qa/cross_pdf/hard_expansion/fulltext_title_v4_claude/checkpoints/hxf_0048.json,727,451343aeed8337f0d0bc59cba7c7616ebc1045343db11b9fb615024d8749f38e,archive_then_delete,generation_checkpoint,生成或推理任务的断点 JSON。,当前任务均已结束；删除后不能从原断点续跑，只能重新运行。,object,9,,
data/qa/cross_pdf/hard_expansion/fulltext_title_v4_claude/checkpoints/hxf_0050.json,38701,31acda6b5523ca122b98466dbee632c1a48a48c5df47488105fb57ba9aebadd3,archive_then_delete,generation_checkpoint,生成或推理任务的断点 JSON。,当前任务均已结束；删除后不能从原断点续跑，只能重新运行。,object,9,,
data/qa/cross_pdf/hard_expansion/fulltext_title_v4_claude/checkpoints/hxf_0051.json,31046,529ec6964cc56a9fd47c5f6d805a65df7dfb8fee394dea00198ab6f657dda420,archive_then_delete,generation_checkpoint,生成或推理任务的断点 JSON。,当前任务均已结束；删除后不能从原断点续跑，只能重新运行。,object,9,,
data/qa/cross_pdf/hard_expansion/fulltext_title_v4_claude/checkpoints/hxf_0052.json,40409,51dd2085ed69cb1ec9a8f46cc8f6f153dee7f59b2423e81c2f6607dce68c16d3,archive_then_delete,generation_checkpoint,生成或推理任务的断点 JSON。,当前任务均已结束；删除后不能从原断点续跑，只能重新运行。,object,9,,
data/qa/cross_pdf/hard_expansion/fulltext_title_v4_claude/checkpoints/hxf_0053.json,23989,8c137329e0a4af9d774d55d263c79f44f520c54ac3a98267a26fee0b99ab0e20,archive_then_delete,generation_checkpoint,生成或推理任务的断点 JSON。,当前任务均已结束；删除后不能从原断点续跑，只能重新运行。,object,9,,
data/qa/cross_pdf/hard_expansion/fulltext_title_v4_claude/checkpoints/hxf_0054.json,24239,6ec55d8dcaddeff543721fcfc838f3fc2d2796b5f3d80ca0d8305f2096359e20,archive_then_delete,generation_checkpoint,生成或推理任务的断点 JSON。,当前任务均已结束；删除后不能从原断点续跑，只能重新运行。,object,9,,
data/qa/cross_pdf/hard_expansion/fulltext_title_v4_claude/checkpoints/hxf_0055.json,36639,356a14919b419be2947dd2bf210fb3048f71120aa7a4f54736f826c32575db7a,archive_then_delete,generation_checkpoint,生成或推理任务的断点 JSON。,当前任务均已结束；删除后不能从原断点续跑，只能重新运行。,object,9,,
data/qa/cross_pdf/hard_expansion/fulltext_title_v4_claude/checkpoints/hxf_0056.json,2870,3f47641e9d07e9063ba20122ba29dcd7ecc0d53268f27b88f72eca745da5b899,archive_then_delete,generation_checkpoint,生成或推理任务的断点 JSON。,当前任务均已结束；删除后不能从原断点续跑，只能重新运行。,object,9,,
data/qa/cross_pdf/hard_expansion/fulltext_title_v4_claude/checkpoints/hxf_0057.json,2230,5d1837315712e79df6efb389c3ee9ef06c4e61631635e78bd5ad2ae6a4cad868,archive_then_delete,generation_checkpoint,生成或推理任务的断点 JSON。,当前任务均已结束；删除后不能从原断点续跑，只能重新运行。,object,9,,
data/qa/cross_pdf/hard_expansion/fulltext_title_v4_claude/checkpoints/hxf_0058.json,2983,4108b933a90f2c76e0c83917d625f3a6023426e102a106a224fa5406a3e1efd9,archive_then_delete,generation_checkpoint,生成或推理任务的断点 JSON。,当前任务均已结束；删除后不能从原断点续跑，只能重新运行。,object,9,,
data/qa/cross_pdf/hard_expansion/fulltext_title_v4_claude/checkpoints/hxf_0059.json,33459,e6349ac76b5165d83e4e1e023adf8def73d509999d2f5071fd272271b7fd758a,archive_then_delete,generation_checkpoint,生成或推理任务的断点 JSON。,当前任务均已结束；删除后不能从原断点续跑，只能重新运行。,object,9,,
data/qa/cross_pdf/hard_expansion/fulltext_title_v4_claude/checkpoints/hxf_0060.json,2912,f7c31cb2e8d662caf9bbd2a4661a9f0bce1770765ce06f505e2e0e9798e09502,archive_then_delete,generation_checkpoint,生成或推理任务的断点 JSON。,当前任务均已结束；删除后不能从原断点续跑，只能重新运行。,object,9,,
data/qa/cross_pdf/hard_expansion/fulltext_title_v4_claude/checkpoints/hxf_0062.json,26543,7eb7ce20d2c42bfcdf22ddf0e9af17798e78251871841a7db74bc807ab4a2466,archive_then_delete,generation_checkpoint,生成或推理任务的断点 JSON。,当前任务均已结束；删除后不能从原断点续跑，只能重新运行。,object,9,,
data/qa/cross_pdf/hard_expansion/fulltext_title_v4_claude/checkpoints/hxf_0064.json,16477,3c6d8016e2bd5e0e7f65c7a539aba2061e89a1cd280bf2d045eca216cd3f3b66,archive_then_delete,generation_checkpoint,生成或推理任务的断点 JSON。,当前任务均已结束；删除后不能从原断点续跑，只能重新运行。,object,9,,
data/qa/cross_pdf/hard_expansion/fulltext_title_v4_claude/checkpoints/hxf_0065.json,30828,1ba8af1658e2acd9b40cb118e0cc03c7988fdb2c5ff926fd0bddaee7c464b790,archive_then_delete,generation_checkpoint,生成或推理任务的断点 JSON。,当前任务均已结束；删除后不能从原断点续跑，只能重新运行。,object,9,,
data/qa/cross_pdf/hard_expansion/fulltext_title_v4_claude/checkpoints/hxf_0066.json,726,c2d2770e5696ad39c133bd7f226bc11dddabd55be6a33cd9987a4c1e11408b0b,archive_then_delete,generation_checkpoint,生成或推理任务的断点 JSON。,当前任务均已结束；删除后不能从原断点续跑，只能重新运行。,object,9,,
data/qa/cross_pdf/hard_expansion/fulltext_title_v4_claude/checkpoints/hxf_0067.json,1945,431394b4924a2c1f8039a4b5ef42c6a6cc1cd69a17a266889726a6b80beb396d,archive_then_delete,generation_checkpoint,生成或推理任务的断点 JSON。,当前任务均已结束；删除后不能从原断点续跑，只能重新运行。,object,9,,
data/qa/cross_pdf/hard_expansion/fulltext_title_v4_claude/checkpoints/hxf_0068.json,26354,0ffebc7b8b46106e0c7fbbd91a03eba5be77b7efa2f54ccefeed13cdee54316e,archive_then_delete,generation_checkpoint,生成或推理任务的断点 JSON。,当前任务均已结束；删除后不能从原断点续跑，只能重新运行。,object,9,,
data/qa/cross_pdf/hard_expansion/fulltext_title_v4_claude/checkpoints/hxf_0069.json,23349,398fe54d4c5fd0d9054a12d6e2864e5f23e61544dda8e1bc77a7595798d7f48b,archive_then_delete,generation_checkpoint,生成或推理任务的断点 JSON。,当前任务均已结束；删除后不能从原断点续跑，只能重新运行。,object,9,,
data/qa/cross_pdf/hard_expansion/fulltext_title_v4_claude/checkpoints/hxf_0070.json,22411,d5a2b44afda8e741cde3ebefc4b5cfe2857bd13c578117bfc34d0f9007b3db77,archive_then_delete,generation_checkpoint,生成或推理任务的断点 JSON。,当前任务均已结束；删除后不能从原断点续跑，只能重新运行。,object,9,,
data/qa/cross_pdf/hard_expansion/fulltext_title_v4_claude/checkpoints/hxf_0072.json,41331,dab16f827eceb2d0f16ecc13fc424fb03672380611c91e76c3c4acb5a84190de,archive_then_delete,generation_checkpoint,生成或推理任务的断点 JSON。,当前任务均已结束；删除后不能从原断点续跑，只能重新运行。,object,9,,
data/qa/cross_pdf/hard_expansion/fulltext_title_v4_claude/checkpoints/hxf_0073.json,17178,bdd1001ee1e931ea4340c953fdac200aeedc5f96ba8fdb3534e13ed5bbdbee50,archive_then_delete,generation_checkpoint,生成或推理任务的断点 JSON。,当前任务均已结束；删除后不能从原断点续跑，只能重新运行。,object,9,,
data/qa/cross_pdf/hard_expansion/fulltext_title_v4_claude/checkpoints/hxf_0076.json,29488,9078639ca20289d9901119ede13d32196029d04e1774c3ea44b0d8991828c85d,archive_then_delete,generation_checkpoint,生成或推理任务的断点 JSON。,当前任务均已结束；删除后不能从原断点续跑，只能重新运行。,object,9,,
data/qa/cross_pdf/hard_expansion/fulltext_title_v4_claude/checkpoints/hxf_0077.json,21551,bc2a79dc8aa13a74d2bbb7f2dacdba24ddd8e4c7dee6d09fc8b85f9a570243f7,archive_then_delete,generation_checkpoint,生成或推理任务的断点 JSON。,当前任务均已结束；删除后不能从原断点续跑，只能重新运行。,object,9,,
data/qa/cross_pdf/hard_expansion/fulltext_title_v4_claude/checkpoints/hxf_0078.json,28191,ebd1f218474740715da1cae238ef7170e21dd390a45c685fdf6e44b235a3cd52,archive_then_delete,generation_checkpoint,生成或推理任务的断点 JSON。,当前任务均已结束；删除后不能从原断点续跑，只能重新运行。,object,9,,
data/qa/cross_pdf/hard_expansion/fulltext_title_v4_claude/checkpoints/hxf_0081.json,15929,b4e6a9f9a4b133c9e16b7eca7be508830bb32a31f7edc9b0a6f1312b8afb099d,archive_then_delete,generation_checkpoint,生成或推理任务的断点 JSON。,当前任务均已结束；删除后不能从原断点续跑，只能重新运行。,object,9,,
data/qa/cross_pdf/hard_expansion/fulltext_title_v4_claude/checkpoints/hxf_0082.json,55254,59abf02dab4a63402c51a10dc157020a461b8b94c12141f00c3b682c77892703,archive_then_delete,generation_checkpoint,生成或推理任务的断点 JSON。,当前任务均已结束；删除后不能从原断点续跑，只能重新运行。,object,9,,
data/qa/cross_pdf/hard_expansion/fulltext_title_v4_claude/checkpoints/hxf_0083.json,23323,481df64b1c2250c0cea73f4d5060d0b3d7305082239f1b7ee353ebc31e9b3ca5,archive_then_delete,generation_checkpoint,生成或推理任务的断点 JSON。,当前任务均已结束；删除后不能从原断点续跑，只能重新运行。,object,9,,
data/qa/cross_pdf/hard_expansion/fulltext_title_v4_claude/checkpoints/hxf_0091.json,34529,e2761250d9174e32dae4aed0837ffa78ae3cd12ca93e5835166d7527f3808e79,archive_then_delete,generation_checkpoint,生成或推理任务的断点 JSON。,当前任务均已结束；删除后不能从原断点续跑，只能重新运行。,object,9,,
data/qa/cross_pdf/hard_expansion/fulltext_title_v4_claude/checkpoints/hxf_0093.json,3047,8e2000421c78ecfc53cbd5985b82514f8c3e30f10d5aa0d8b852a5707b1a83b5,archive_then_delete,generation_checkpoint,生成或推理任务的断点 JSON。,当前任务均已结束；删除后不能从原断点续跑，只能重新运行。,object,9,,
data/qa/cross_pdf/hard_expansion/fulltext_title_v4_claude/checkpoints/hxf_0095.json,24470,9666f3a7d44c0a6d5de106d336d7408888c3db2d8c9b77b88e3dab23b53050d1,archive_then_delete,generation_checkpoint,生成或推理任务的断点 JSON。,当前任务均已结束；删除后不能从原断点续跑，只能重新运行。,object,9,,
data/qa/cross_pdf/hard_expansion/fulltext_title_v4_claude/checkpoints/hxf_0099.json,36724,dee7d7dcba248387eaa79172f3e544be13c81e816f10a84aa8c5e6e0d6c52551,archive_then_delete,generation_checkpoint,生成或推理任务的断点 JSON。,当前任务均已结束；删除后不能从原断点续跑，只能重新运行。,object,9,,
data/qa/cross_pdf/hard_expansion/fulltext_title_v4_claude/checkpoints/hxf_0100.json,28497,0cec7534e778c886f10e94941668f6bcb195ebea6589150ff61036481c7a339b,archive_then_delete,generation_checkpoint,生成或推理任务的断点 JSON。,当前任务均已结束；删除后不能从原断点续跑，只能重新运行。,object,9,,
data/qa/cross_pdf/hard_expansion/fulltext_title_v4_claude/checkpoints/hxf_0101.json,26536,d0ca3b342c6d07f5f14e5188860284cae390419e5eba72a49e8d5ed42e960666,archive_then_delete,generation_checkpoint,生成或推理任务的断点 JSON。,当前任务均已结束；删除后不能从原断点续跑，只能重新运行。,object,9,,
data/qa/cross_pdf/hard_expansion/fulltext_title_v4_claude/checkpoints/hxf_0102.json,19247,df5568f02289cd5a66f5ddf33cbd254f3caf7fa106b6b63a391c420f35bf2975,archive_then_delete,generation_checkpoint,生成或推理任务的断点 JSON。,当前任务均已结束；删除后不能从原断点续跑，只能重新运行。,object,9,,
data/qa/cross_pdf/hard_expansion/fulltext_title_v4_claude/checkpoints/hxf_0103.json,32428,c6f680bdefa352be58750a3ac08d46f7487ea74d2b7b42a66a76abcbed14a512,archive_then_delete,generation_checkpoint,生成或推理任务的断点 JSON。,当前任务均已结束；删除后不能从原断点续跑，只能重新运行。,object,9,,
data/qa/cross_pdf/hard_expansion/fulltext_title_v4_claude/checkpoints/hxf_0104.json,29462,fe146e06a9957680f4d780a677a79a5857834831cf1a63986d64832392ee0e7a,archive_then_delete,generation_checkpoint,生成或推理任务的断点 JSON。,当前任务均已结束；删除后不能从原断点续跑，只能重新运行。,object,9,,
data/qa/cross_pdf/hard_expansion/fulltext_title_v4_claude/checkpoints/hxf_0105.json,1412,e9d713e7cc6b5367027b185f33ca339ab010a89ecf7dbf0fd74c792f0ab900a8,archive_then_delete,generation_checkpoint,生成或推理任务的断点 JSON。,当前任务均已结束；删除后不能从原断点续跑，只能重新运行。,object,9,,
data/qa/cross_pdf/hard_expansion/fulltext_title_v4_claude/checkpoints/hxf_0106.json,21153,f62d888c8ab97aa4ceff0c13b62821ae7790dbd85593532d1ce4bf25db5cfd99,archive_then_delete,generation_checkpoint,生成或推理任务的断点 JSON。,当前任务均已结束；删除后不能从原断点续跑，只能重新运行。,object,9,,
data/qa/cross_pdf/hard_expansion/fulltext_title_v4_claude/checkpoints/hxf_0107.json,28220,5d01d3e6119610541b6c8c8bcd5db2bf6c0b41871af1224e80af38af79c08553,archive_then_delete,generation_checkpoint,生成或推理任务的断点 JSON。,当前任务均已结束；删除后不能从原断点续跑，只能重新运行。,object,9,,
data/qa/cross_pdf/hard_expansion/fulltext_title_v4_claude/checkpoints/hxf_0108.json,37654,3f00fdb492a2284a237a3d0b21e3fddb8cf272153c8eb9e949facc9d2e5f1b79,archive_then_delete,generation_checkpoint,生成或推理任务的断点 JSON。,当前任务均已结束；删除后不能从原断点续跑，只能重新运行。,object,9,,
data/qa/cross_pdf/hard_expansion/fulltext_title_v4_claude/checkpoints/hxf_0109.json,1561,2fbad7baa52dc33e1f2c2c1810ad27371653e7eb98b215015bfdb60a2e4e2b79,archive_then_delete,generation_checkpoint,生成或推理任务的断点 JSON。,当前任务均已结束；删除后不能从原断点续跑，只能重新运行。,object,9,,
data/qa/cross_pdf/hard_expansion/fulltext_title_v4_claude/checkpoints/hxf_0111.json,30524,1907ec5361134e9f59807712da71ba1bc2a9e8f4fb870f46ebd15e555e16938e,archive_then_delete,generation_checkpoint,生成或推理任务的断点 JSON。,当前任务均已结束；删除后不能从原断点续跑，只能重新运行。,object,9,,
data/qa/cross_pdf/hard_expansion/fulltext_title_v4_claude/checkpoints/hxf_0112.json,34537,631289cd83e968cb23850da6c88442dc2a4a676a1342d361a3853259a89c08af,archive_then_delete,generation_checkpoint,生成或推理任务的断点 JSON。,当前任务均已结束；删除后不能从原断点续跑，只能重新运行。,object,9,,
data/qa/cross_pdf/hard_expansion/fulltext_title_v4_claude/checkpoints/hxf_0113.json,28344,1c332f6a0e723d4f3a229c57df150992b9868d4ff747d5b51925cc6e50c6e17f,archive_then_delete,generation_checkpoint,生成或推理任务的断点 JSON。,当前任务均已结束；删除后不能从原断点续跑，只能重新运行。,object,9,,
data/qa/cross_pdf/hard_expansion/fulltext_title_v4_claude/checkpoints/hxf_0114.json,54851,1a14033f83e6e172e2932b7f3e64eeea1a07f97db2c24040ebd204872c8be22e,archive_then_delete,generation_checkpoint,生成或推理任务的断点 JSON。,当前任务均已结束；删除后不能从原断点续跑，只能重新运行。,object,9,,
data/qa/cross_pdf/hard_expansion/fulltext_title_v4_claude/checkpoints/hxf_0115.json,44537,6a2f6992793f18aa0c4adc1192bb84ccc208ca68c7800fdde1afc5ae232ba495,archive_then_delete,generation_checkpoint,生成或推理任务的断点 JSON。,当前任务均已结束；删除后不能从原断点续跑，只能重新运行。,object,9,,
data/qa/cross_pdf/hard_expansion/fulltext_title_v4_claude/checkpoints/hxf_0116.json,27689,85c79fd77c2a74423b4d7c416867eba002b134f1bf3413ba23d121de3f141ad6,archive_then_delete,generation_checkpoint,生成或推理任务的断点 JSON。,当前任务均已结束；删除后不能从原断点续跑，只能重新运行。,object,9,,
data/qa/cross_pdf/hard_expansion/fulltext_title_v4_claude/checkpoints/hxf_0117.json,9719,7bddcf14a08226eb60c7e8c47c03f698efc3601555ac782c15fb22df017979fd,archive_then_delete,generation_checkpoint,生成或推理任务的断点 JSON。,当前任务均已结束；删除后不能从原断点续跑，只能重新运行。,object,9,,
data/qa/cross_pdf/hard_expansion/fulltext_title_v4_claude/checkpoints/hxf_0118.json,2415,6844a0e365d1bfc904390a00da235afdd56e2b9c90ed3ae3f940dd065163dabd,archive_then_delete,generation_checkpoint,生成或推理任务的断点 JSON。,当前任务均已结束；删除后不能从原断点续跑，只能重新运行。,object,9,,
data/qa/cross_pdf/hard_expansion/fulltext_title_v4_claude/checkpoints/hxf_0119.json,45375,0a00faccd7c31fa10341ea241a62a07c85dee036d9dbf583a30ba533b8eb1b78,archive_then_delete,generation_checkpoint,生成或推理任务的断点 JSON。,当前任务均已结束；删除后不能从原断点续跑，只能重新运行。,object,9,,
data/qa/cross_pdf/hard_expansion/fulltext_title_v4_claude/checkpoints/hxf_0120.json,21505,e7862050c001c2d4caa578f3a2a97e5bb8f0e998ada43e21435b2217a00f5720,archive_then_delete,generation_checkpoint,生成或推理任务的断点 JSON。,当前任务均已结束；删除后不能从原断点续跑，只能重新运行。,object,9,,
data/qa/cross_pdf/hard_expansion/fulltext_title_v4_claude/checkpoints/hxf_0122.json,29270,06908f4a811fbae16331c4ba3ea24e5e499c205b37907d23a9699312d322b660,archive_then_delete,generation_checkpoint,生成或推理任务的断点 JSON。,当前任务均已结束；删除后不能从原断点续跑，只能重新运行。,object,9,,
data/qa/cross_pdf/hard_expansion/fulltext_title_v4_claude/checkpoints/hxf_0123.json,2177,d2ca89d857c16b40d2c070680f1f3db57a0884646868958bebb0214c50817c97,archive_then_delete,generation_checkpoint,生成或推理任务的断点 JSON。,当前任务均已结束；删除后不能从原断点续跑，只能重新运行。,object,9,,
data/qa/cross_pdf/hard_expansion/fulltext_title_v4_claude/checkpoints/hxf_0124.json,51302,98115124987b77fff5f2a83c2a452a9a7645c645161c7914cfa326dbd9c76b09,archive_then_delete,generation_checkpoint,生成或推理任务的断点 JSON。,当前任务均已结束；删除后不能从原断点续跑，只能重新运行。,object,9,,
data/qa/cross_pdf/hard_expansion/fulltext_title_v4_claude/checkpoints/hxf_0125.json,50153,368b2e8ac396a9ab36d3772625bc5d645d671f843f88a825424640ad1065a283,archive_then_delete,generation_checkpoint,生成或推理任务的断点 JSON。,当前任务均已结束；删除后不能从原断点续跑，只能重新运行。,object,9,,
data/qa/cross_pdf/hard_expansion/fulltext_title_v4_claude/checkpoints/hxf_0126.json,25895,038f325372f9389913af7434ab699a90bfe24e3bf7bfb28258c02fe3a3acfafd,archive_then_delete,generation_checkpoint,生成或推理任务的断点 JSON。,当前任务均已结束；删除后不能从原断点续跑，只能重新运行。,object,9,,
data/qa/cross_pdf/hard_expansion/fulltext_title_v4_claude/checkpoints/hxf_0127.json,1512,8850e896d082a89f6b3f280ddd1ce6c02ea5ad7505b51d0a0087f5a60959a7eb,archive_then_delete,generation_checkpoint,生成或推理任务的断点 JSON。,当前任务均已结束；删除后不能从原断点续跑，只能重新运行。,object,9,,
data/qa/cross_pdf/hard_expansion/fulltext_title_v4_claude/checkpoints/hxf_0128.json,27075,e8046d1a7f27a3ef4f9b28b81b0245718580ac454169b8bff3220af771081904,archive_then_delete,generation_checkpoint,生成或推理任务的断点 JSON。,当前任务均已结束；删除后不能从原断点续跑，只能重新运行。,object,9,,
data/qa/cross_pdf/hard_expansion/fulltext_title_v4_claude/checkpoints/hxf_0129.json,1255,8cf28125c0dadccd1e3e9448a36e1d74c48401fa73eca098f29779bb2cded18e,archive_then_delete,generation_checkpoint,生成或推理任务的断点 JSON。,当前任务均已结束；删除后不能从原断点续跑，只能重新运行。,object,9,,
data/qa/cross_pdf/hard_expansion/fulltext_title_v4_claude/checkpoints/hxf_0130.json,725,cef1de7439a8ed79a881cea67a2c53bd88087d51d73b70a7b7fbf8aebfc26a22,archive_then_delete,generation_checkpoint,生成或推理任务的断点 JSON。,当前任务均已结束；删除后不能从原断点续跑，只能重新运行。,object,9,,
data/qa/cross_pdf/hard_expansion/fulltext_title_v4_claude/checkpoints/hxf_0131.json,1765,191e133f03f2b7e58c7ca167543ff0fdfa5c1f946f0ea89d4747300324545a07,archive_then_delete,generation_checkpoint,生成或推理任务的断点 JSON。,当前任务均已结束；删除后不能从原断点续跑，只能重新运行。,object,9,,
data/qa/cross_pdf/hard_expansion/fulltext_title_v4_claude/checkpoints/hxf_0132.json,722,a0d088411e1c4fac421a598eb510890817545bf93905f87242d913c9f58cc1ef,archive_then_delete,generation_checkpoint,生成或推理任务的断点 JSON。,当前任务均已结束；删除后不能从原断点续跑，只能重新运行。,object,9,,
data/qa/cross_pdf/hard_expansion/fulltext_title_v4_claude/checkpoints/hxf_0133.json,1513,09f41fb7e904ca7ebbb1d75f504f3ca258977c214a8b2816303bff6711054137,archive_then_delete,generation_checkpoint,生成或推理任务的断点 JSON。,当前任务均已结束；删除后不能从原断点续跑，只能重新运行。,object,9,,
data/qa/cross_pdf/hard_expansion/fulltext_title_v4_claude/checkpoints/hxf_0134.json,56857,92c6bfc8a1651e3abe9dc50b542e8783241c7731b01d7b847f649a263f03e276,archive_then_delete,generation_checkpoint,生成或推理任务的断点 JSON。,当前任务均已结束；删除后不能从原断点续跑，只能重新运行。,object,9,,
data/qa/cross_pdf/hard_expansion/fulltext_title_v4_claude/checkpoints/hxf_0136.json,15341,5107b0674dca211d48a243c47d727628a33aba493e352a37c499ae04c15c7723,archive_then_delete,generation_checkpoint,生成或推理任务的断点 JSON。,当前任务均已结束；删除后不能从原断点续跑，只能重新运行。,object,9,,
data/qa/cross_pdf/hard_expansion/fulltext_title_v4_claude/checkpoints/hxf_0137.json,15809,b8b6fa064d9977e097bb2face579db35b21479466e2a96a6162dde09acb8f712,archive_then_delete,generation_checkpoint,生成或推理任务的断点 JSON。,当前任务均已结束；删除后不能从原断点续跑，只能重新运行。,object,9,,
data/qa/cross_pdf/hard_expansion/fulltext_title_v4_claude/checkpoints/hxf_0138.json,21557,4788eede571aa21b7eb24a89dad537fa9de2695163f11a569d8aff28527ed9c3,archive_then_delete,generation_checkpoint,生成或推理任务的断点 JSON。,当前任务均已结束；删除后不能从原断点续跑，只能重新运行。,object,9,,
data/qa/cross_pdf/hard_expansion/fulltext_title_v4_claude/checkpoints/hxf_0139.json,19790,e38b494864be3834f5cccaa4158f260d7184b46a6222fd1c6cecbc6163b74b9b,archive_then_delete,generation_checkpoint,生成或推理任务的断点 JSON。,当前任务均已结束；删除后不能从原断点续跑，只能重新运行。,object,9,,
data/qa/cross_pdf/hard_expansion/fulltext_title_v4_claude/checkpoints/hxf_0140.json,2891,15d9f93afc1ea5e15b7096f384ffb030d1429c99d5061b4c2faffdc451553072,archive_then_delete,generation_checkpoint,生成或推理任务的断点 JSON。,当前任务均已结束；删除后不能从原断点续跑，只能重新运行。,object,9,,
data/qa/cross_pdf/hard_expansion/fulltext_title_v4_claude/checkpoints/hxf_0141.json,14875,79a77db479fd90508792e973b1b36aad2c4c344950a35578481ee64012ad5c01,archive_then_delete,generation_checkpoint,生成或推理任务的断点 JSON。,当前任务均已结束；删除后不能从原断点续跑，只能重新运行。,object,9,,
data/qa/cross_pdf/hard_expansion/fulltext_title_v4_claude/checkpoints/hxf_0142.json,27039,ac5d41c92de7214832512c959999018d500671dcbcdf6f4a6f61a4fde955469a,archive_then_delete,generation_checkpoint,生成或推理任务的断点 JSON。,当前任务均已结束；删除后不能从原断点续跑，只能重新运行。,object,9,,
data/qa/cross_pdf/hard_expansion/fulltext_title_v4_claude/checkpoints/hxf_0143.json,25949,97786958d2f0c78b45f20688dd68f824478357be214c05b4425bcc2e4388d032,archive_then_delete,generation_checkpoint,生成或推理任务的断点 JSON。,当前任务均已结束；删除后不能从原断点续跑，只能重新运行。,object,9,,
data/qa/cross_pdf/hard_expansion/fulltext_title_v4_claude/checkpoints/hxf_0144.json,28512,634729ab4bb7c6cc11f8252a38d2fbccbf3f849f3562b5da3226a6de3f888920,archive_then_delete,generation_checkpoint,生成或推理任务的断点 JSON。,当前任务均已结束；删除后不能从原断点续跑，只能重新运行。,object,9,,
data/qa/cross_pdf/hard_expansion/fulltext_title_v4_claude/checkpoints/hxf_0145.json,2753,ffec3a7624135b23c512f935ad48e50a2fe9c862ceb239aed7e0fdee7e2ed3b6,archive_then_delete,generation_checkpoint,生成或推理任务的断点 JSON。,当前任务均已结束；删除后不能从原断点续跑，只能重新运行。,object,9,,
data/qa/cross_pdf/hard_expansion/fulltext_title_v4_claude/checkpoints/hxf_0146.json,1745,e8c0f72a881d5ac1a9743dd7815f512da3711807dc3192b548ca500845f20925,archive_then_delete,generation_checkpoint,生成或推理任务的断点 JSON。,当前任务均已结束；删除后不能从原断点续跑，只能重新运行。,object,9,,
data/qa/cross_pdf/hard_expansion/fulltext_title_v4_claude/checkpoints/hxf_0147.json,1769,a3f437eb9eac977ebe2caf9827218eddb7ca1322fd9c0e677e0659572231dd7b,archive_then_delete,generation_checkpoint,生成或推理任务的断点 JSON。,当前任务均已结束；删除后不能从原断点续跑，只能重新运行。,object,9,,
data/qa/cross_pdf/hard_expansion/fulltext_title_v4_claude/checkpoints/hxf_0148.json,1717,ff9d6bfb4bfd07955cef97e445ebfda12d516c88947aef9065b7c38418fcd9f6,archive_then_delete,generation_checkpoint,生成或推理任务的断点 JSON。,当前任务均已结束；删除后不能从原断点续跑，只能重新运行。,object,9,,
data/qa/cross_pdf/hard_expansion/fulltext_title_v4_claude/checkpoints/hxf_0149.json,2749,2b26fbc8c9d40621460dd872e22399a915a2bbb2e51ddd19e9cefada7daca460,archive_then_delete,generation_checkpoint,生成或推理任务的断点 JSON。,当前任务均已结束；删除后不能从原断点续跑，只能重新运行。,object,9,,
data/qa/cross_pdf/hard_expansion/fulltext_title_v4_claude/checkpoints/hxf_0150.json,47383,f9143ee0095918d9d99da43c8033ab78c3f0879b539a2869182b936c8b6281c5,archive_then_delete,generation_checkpoint,生成或推理任务的断点 JSON。,当前任务均已结束；删除后不能从原断点续跑，只能重新运行。,object,9,,
data/qa/cross_pdf/hard_expansion/fulltext_title_v4_claude/checkpoints/hxf_0151.json,21937,d3324dd33c3cebb3e42146e7b4ed440074f71d2d86309aa38a82fe163168e5d8,archive_then_delete,generation_checkpoint,生成或推理任务的断点 JSON。,当前任务均已结束；删除后不能从原断点续跑，只能重新运行。,object,9,,
data/qa/cross_pdf/hard_expansion/fulltext_title_v4_claude/checkpoints/hxf_0152.json,18460,271e71cde69c871a52bec9ac4e8b2bb5304ac9c27dd6fce12279a3e1a210e4c0,archive_then_delete,generation_checkpoint,生成或推理任务的断点 JSON。,当前任务均已结束；删除后不能从原断点续跑，只能重新运行。,object,9,,
data/qa/cross_pdf/hard_expansion/fulltext_title_v4_claude/checkpoints/hxf_0153.json,30576,2d0055f0da2a5b1f06e743a61ebc6ea4c212c2fe025aa515c52b418788df85bd,archive_then_delete,generation_checkpoint,生成或推理任务的断点 JSON。,当前任务均已结束；删除后不能从原断点续跑，只能重新运行。,object,9,,
data/qa/cross_pdf/hard_expansion/fulltext_title_v4_claude/checkpoints/hxf_0154.json,1256,b26caefdee0db425e8573caf807663470871d0349825b3b1081abf3e416ac576,archive_then_delete,generation_checkpoint,生成或推理任务的断点 JSON。,当前任务均已结束；删除后不能从原断点续跑，只能重新运行。,object,9,,
data/qa/cross_pdf/hard_expansion/fulltext_title_v4_claude/checkpoints/hxf_0155.json,22126,2dc3b8f518250b01dcda9dcb9f802ac7a9d5f8900e9e268fe484e03918d17f5a,archive_then_delete,generation_checkpoint,生成或推理任务的断点 JSON。,当前任务均已结束；删除后不能从原断点续跑，只能重新运行。,object,9,,
data/qa/cross_pdf/hard_expansion/fulltext_title_v4_claude/checkpoints/hxf_0156.json,28896,0ce5982c2c13fb8499893a0796af978d9b562c2e87ef5174ed4031ea4cf7fdf5,archive_then_delete,generation_checkpoint,生成或推理任务的断点 JSON。,当前任务均已结束；删除后不能从原断点续跑，只能重新运行。,object,9,,
data/qa/cross_pdf/hard_expansion/fulltext_title_v4_claude/checkpoints/hxf_0157.json,8125,7b2dadcb38bbbd99da1a5fd4dac793f1ed8adbddc5f3d939cb5c94d9f4ab828f,archive_then_delete,generation_checkpoint,生成或推理任务的断点 JSON。,当前任务均已结束；删除后不能从原断点续跑，只能重新运行。,object,9,,
data/qa/cross_pdf/hard_expansion/fulltext_title_v4_claude/checkpoints/hxf_0159.json,1926,9edaae74b1b0f8e6b2f1e1822e6676e3b358edb0ca91417c997612d1342804e0,archive_then_delete,generation_checkpoint,生成或推理任务的断点 JSON。,当前任务均已结束；删除后不能从原断点续跑，只能重新运行。,object,9,,
data/qa/cross_pdf/hard_expansion/fulltext_title_v4_claude/checkpoints/hxf_0160.json,2178,d760809eb5cf677c0be1c58724d1039149044bf4e2d6c3cb74f36c472fc56166,archive_then_delete,generation_checkpoint,生成或推理任务的断点 JSON。,当前任务均已结束；删除后不能从原断点续跑，只能重新运行。,object,9,,
data/qa/cross_pdf/hard_expansion/fulltext_title_v4_claude/checkpoints/hxf_0161.json,31111,ec092ec71afb58a10f5ed0fcf3815f8719f4ef3ba4584669288ab1d7d5c45bda,archive_then_delete,generation_checkpoint,生成或推理任务的断点 JSON。,当前任务均已结束；删除后不能从原断点续跑，只能重新运行。,object,9,,
data/qa/cross_pdf/hard_expansion/fulltext_title_v4_claude/checkpoints/hxf_0162.json,18672,eaad22c98bcbec461f08acf058eee39d4bacbfc29b39c2f8b09c84f33ff932f7,archive_then_delete,generation_checkpoint,生成或推理任务的断点 JSON。,当前任务均已结束；删除后不能从原断点续跑，只能重新运行。,object,9,,
data/qa/cross_pdf/hard_expansion/fulltext_title_v4_claude/checkpoints/hxf_0163.json,24650,57589abe9a678c627262133d06af4dd062884e3aba59cd4a1832bad5dda1ba6a,archive_then_delete,generation_checkpoint,生成或推理任务的断点 JSON。,当前任务均已结束；删除后不能从原断点续跑，只能重新运行。,object,9,,
data/qa/cross_pdf/hard_expansion/fulltext_title_v4_claude/checkpoints/hxf_0164.json,2661,827ae6cfc7f0557bce15da46a7372622f8677234a9c38ea7a08ea13229fc10be,archive_then_delete,generation_checkpoint,生成或推理任务的断点 JSON。,当前任务均已结束；删除后不能从原断点续跑，只能重新运行。,object,9,,
data/qa/cross_pdf/hard_expansion/fulltext_title_v4_claude/checkpoints/hxf_0165.json,27550,3a0cfd97eac78274a5070b4c74075498e7ae3a231bd6d5aa7e4d02519b413c29,archive_then_delete,generation_checkpoint,生成或推理任务的断点 JSON。,当前任务均已结束；删除后不能从原断点续跑，只能重新运行。,object,9,,
data/qa/cross_pdf/hard_expansion/fulltext_title_v4_claude/checkpoints/hxf_0167.json,19469,16db3dab0cab9c003b1010930014775c99eb7d778d377683e286e39aa9664ed3,archive_then_delete,generation_checkpoint,生成或推理任务的断点 JSON。,当前任务均已结束；删除后不能从原断点续跑，只能重新运行。,object,9,,
data/qa/cross_pdf/hard_expansion/fulltext_title_v4_claude/checkpoints/hxf_0168.json,22900,afc3b7306015ae57e9a56d0d6f0fff011124a34fd7f0532955367a43c61b3822,archive_then_delete,generation_checkpoint,生成或推理任务的断点 JSON。,当前任务均已结束；删除后不能从原断点续跑，只能重新运行。,object,9,,
data/qa/cross_pdf/hard_expansion/fulltext_title_v4_claude/checkpoints/hxf_0169.json,2683,9e3c1fbda3ae8f4d2934f6459e1879db50e8c002edb3a07b85b963f1bcffa035,archive_then_delete,generation_checkpoint,生成或推理任务的断点 JSON。,当前任务均已结束；删除后不能从原断点续跑，只能重新运行。,object,9,,
data/qa/cross_pdf/hard_expansion/fulltext_title_v4_claude/checkpoints/hxf_0170.json,32582,a44d602d2f5e28a35f7fb6861151de8d21caacb705672ed068f119b4ba597504,archive_then_delete,generation_checkpoint,生成或推理任务的断点 JSON。,当前任务均已结束；删除后不能从原断点续跑，只能重新运行。,object,9,,
data/qa/cross_pdf/hard_expansion/fulltext_title_v4_claude/checkpoints/hxf_0171.json,2638,d9302bac70b9cfc5c46f4d5c2cd51d87ac94b5ae7e6f8ae0a9b3071deef0d733,archive_then_delete,generation_checkpoint,生成或推理任务的断点 JSON。,当前任务均已结束；删除后不能从原断点续跑，只能重新运行。,object,9,,
data/qa/cross_pdf/hard_expansion/fulltext_title_v4_claude/checkpoints/hxf_0172.json,1828,8ec77ecb4e5c5078bc9d0e54946f06440cb60e62aa640caaf3872b1b2b01b51f,archive_then_delete,generation_checkpoint,生成或推理任务的断点 JSON。,当前任务均已结束；删除后不能从原断点续跑，只能重新运行。,object,9,,
data/qa/cross_pdf/hard_expansion/fulltext_title_v4_round2/checkpoints/hxf_0001.json,14362,78c3ae15d88a4ba1528ee1fa13cf33ad156e43b7f0052c7048230f77974dc034,archive_then_delete,generation_checkpoint,生成或推理任务的断点 JSON。,当前任务均已结束；删除后不能从原断点续跑，只能重新运行。,object,9,,
data/qa/cross_pdf/hard_expansion/fulltext_title_v4_round2/checkpoints/hxf_0002.json,44478,a251f45e15b7c30a62a036846824e8a8c4481cbe5a6e7e428b8d410a2e59f473,archive_then_delete,generation_checkpoint,生成或推理任务的断点 JSON。,当前任务均已结束；删除后不能从原断点续跑，只能重新运行。,object,9,,
data/qa/cross_pdf/hard_expansion/fulltext_title_v4_round2/checkpoints/hxf_0003.json,31405,f3c1e28e3de1ed4737d7b43374974b27d82255c0941d9f0f9332a419706fa1da,archive_then_delete,generation_checkpoint,生成或推理任务的断点 JSON。,当前任务均已结束；删除后不能从原断点续跑，只能重新运行。,object,9,,
data/qa/cross_pdf/hard_expansion/fulltext_title_v4_round2/checkpoints/hxf_0004.json,1971,6ff63eba430f4a5cdf71a3699f54b1a0eab0519c470ee2342d0c84b1a0afb0a1,archive_then_delete,generation_checkpoint,生成或推理任务的断点 JSON。,当前任务均已结束；删除后不能从原断点续跑，只能重新运行。,object,9,,
data/qa/cross_pdf/hard_expansion/fulltext_title_v4_round2/checkpoints/hxf_0005.json,32636,649cf9f22e65f5ac944fe4e2fc60192737d6456e3a39fecdd1397ac62be67342,archive_then_delete,generation_checkpoint,生成或推理任务的断点 JSON。,当前任务均已结束；删除后不能从原断点续跑，只能重新运行。,object,9,,
data/qa/cross_pdf/hard_expansion/fulltext_title_v4_round2/checkpoints/hxf_0006.json,30028,99d122204b2d088c8fd613d4eae972caaade9e53f6157fd9f38ddd5f9b5f0bae,archive_then_delete,generation_checkpoint,生成或推理任务的断点 JSON。,当前任务均已结束；删除后不能从原断点续跑，只能重新运行。,object,9,,
data/qa/cross_pdf/hard_expansion/fulltext_title_v4_round2/checkpoints/hxf_0007.json,31216,08aff0f99b3fb69342c17d51480ce52ef14617af78b7b96411e9ef96fe43ed0c,archive_then_delete,generation_checkpoint,生成或推理任务的断点 JSON。,当前任务均已结束；删除后不能从原断点续跑，只能重新运行。,object,9,,
data/qa/cross_pdf/hard_expansion/fulltext_title_v4_round2/checkpoints/hxf_0008.json,725,52c9d58d9257ec7f530e74856ee5026e3f439075359f2e871d8372a1cfb1520f,archive_then_delete,generation_checkpoint,生成或推理任务的断点 JSON。,当前任务均已结束；删除后不能从原断点续跑，只能重新运行。,object,9,,
data/qa/cross_pdf/hard_expansion/fulltext_title_v4_round2/checkpoints/hxf_0009.json,29972,82591457a56e1bedba6661227c302324ff5d5d0a196d807a2930a54b4940e575,archive_then_delete,generation_checkpoint,生成或推理任务的断点 JSON。,当前任务均已结束；删除后不能从原断点续跑，只能重新运行。,object,9,,
data/qa/cross_pdf/hard_expansion/fulltext_title_v4_round2/checkpoints/hxf_0010.json,27891,dc9359b4014fbdba9131db2c78b98054867d454c8e4c153fa3cdfe7caa7bcbda,archive_then_delete,generation_checkpoint,生成或推理任务的断点 JSON。,当前任务均已结束；删除后不能从原断点续跑，只能重新运行。,object,9,,
data/qa/cross_pdf/hard_expansion/fulltext_title_v4_round2/checkpoints/hxf_0011.json,28997,71a61aef1fc793d43c16f90f614144ee035c3577dde1e46688317afa9178cc54,archive_then_delete,generation_checkpoint,生成或推理任务的断点 JSON。,当前任务均已结束；删除后不能从原断点续跑，只能重新运行。,object,9,,
data/qa/cross_pdf/hard_expansion/fulltext_title_v4_round2/checkpoints/hxf_0012.json,38375,7b8270186e60c63dab620385474bbb011ab33852c7647aa3a58ae7c1d30f7fdc,archive_then_delete,generation_checkpoint,生成或推理任务的断点 JSON。,当前任务均已结束；删除后不能从原断点续跑，只能重新运行。,object,9,,
data/qa/cross_pdf/hard_expansion/fulltext_title_v4_round2/checkpoints/hxf_0014.json,24280,94b624c7cf2b24a9f3e6ac3be01c9c657cdd60ba2feeaaeadebc5265d0699f73,archive_then_delete,generation_checkpoint,生成或推理任务的断点 JSON。,当前任务均已结束；删除后不能从原断点续跑，只能重新运行。,object,9,,
data/qa/cross_pdf/hard_expansion/fulltext_title_v4_round2/checkpoints/hxf_0015.json,15411,d936bd4500aa82228db9a320e5a7302d350f7205a8015caf9768e012b86e303e,archive_then_delete,generation_checkpoint,生成或推理任务的断点 JSON。,当前任务均已结束；删除后不能从原断点续跑，只能重新运行。,object,9,,
data/qa/cross_pdf/hard_expansion/fulltext_title_v4_round2/checkpoints/hxf_0017.json,48878,c83f38d99ab7f457598f4d86029bb18906615e1af0ff62db86cd9b198a1f2403,archive_then_delete,generation_checkpoint,生成或推理任务的断点 JSON。,当前任务均已结束；删除后不能从原断点续跑，只能重新运行。,object,9,,
data/qa/cross_pdf/hard_expansion/fulltext_title_v4_round2/checkpoints/hxf_0018.json,36351,ebf3ca91b3b3036ed832b96559ec169df99209079474eb9cf6d7739c7e082243,archive_then_delete,generation_checkpoint,生成或推理任务的断点 JSON。,当前任务均已结束；删除后不能从原断点续跑，只能重新运行。,object,9,,
data/qa/cross_pdf/hard_expansion/fulltext_title_v4_round2/checkpoints/hxf_0019.json,31415,0e918f7aa6d6fa354ea92803ada9612cb3d61d329e5942cba6b06036b065865a,archive_then_delete,generation_checkpoint,生成或推理任务的断点 JSON。,当前任务均已结束；删除后不能从原断点续跑，只能重新运行。,object,9,,
data/qa/cross_pdf/hard_expansion/fulltext_title_v4_round2/checkpoints/hxf_0020.json,10817,fcf0267fcd5df6809155897eff3dc4adbeb32bec8d8dd8fcf04d240a0bd9cf81,archive_then_delete,generation_checkpoint,生成或推理任务的断点 JSON。,当前任务均已结束；删除后不能从原断点续跑，只能重新运行。,object,9,,
data/qa/cross_pdf/hard_expansion/fulltext_title_v4_round2/checkpoints/hxf_0021.json,12663,7cec4928e31315507cb0067b6c8c01041a7da1d14d1b8250a3e03d0ec26a7208,archive_then_delete,generation_checkpoint,生成或推理任务的断点 JSON。,当前任务均已结束；删除后不能从原断点续跑，只能重新运行。,object,9,,
data/qa/cross_pdf/hard_expansion/fulltext_title_v4_round2/checkpoints/hxf_0022.json,37768,52f17099d49be45ed7f4a080853cb34f138de33ded3d278d2047bbed48aad4fa,archive_then_delete,generation_checkpoint,生成或推理任务的断点 JSON。,当前任务均已结束；删除后不能从原断点续跑，只能重新运行。,object,9,,
data/qa/cross_pdf/hard_expansion/fulltext_title_v4_round2/checkpoints/hxf_0023.json,2815,55a231a28fc4f489cdb969bd43df07d9e7e9005b835629e7498f256675d5b876,archive_then_delete,generation_checkpoint,生成或推理任务的断点 JSON。,当前任务均已结束；删除后不能从原断点续跑，只能重新运行。,object,9,,
data/qa/cross_pdf/hard_expansion/fulltext_title_v4_round2/checkpoints/hxf_0024.json,40673,690bbaa0d9adc6520e23bfb8f6aeaeadd5885be107992020f9046a7ec68eef7f,archive_then_delete,generation_checkpoint,生成或推理任务的断点 JSON。,当前任务均已结束；删除后不能从原断点续跑，只能重新运行。,object,9,,
data/qa/cross_pdf/hard_expansion/fulltext_title_v4_round2/checkpoints/hxf_0025.json,2612,5453568a351f1e42dbd36c2559c7cbc97ef8e02043b6044581e761cbc3c8cae6,archive_then_delete,generation_checkpoint,生成或推理任务的断点 JSON。,当前任务均已结束；删除后不能从原断点续跑，只能重新运行。,object,9,,
data/qa/cross_pdf/hard_expansion/fulltext_title_v4_round2/checkpoints/hxf_0026.json,24783,aebc75cabc57826f7296f9cf7c384d8325bc358bf5c0d1b7cc6bb6614ce2a7af,archive_then_delete,generation_checkpoint,生成或推理任务的断点 JSON。,当前任务均已结束；删除后不能从原断点续跑，只能重新运行。,object,9,,
data/qa/cross_pdf/hard_expansion/fulltext_title_v4_round2/checkpoints/hxf_0027.json,30484,991170e0bf0d49ead133ba3ae19b26cb17e08ccf09ba507f2995ded066d6b601,archive_then_delete,generation_checkpoint,生成或推理任务的断点 JSON。,当前任务均已结束；删除后不能从原断点续跑，只能重新运行。,object,9,,
data/qa/cross_pdf/hard_expansion/fulltext_title_v4_round2/checkpoints/hxf_0028.json,23796,150630c9963f84b344479d81d9ef9b91150614fd5b09817f854381114a278eec,archive_then_delete,generation_checkpoint,生成或推理任务的断点 JSON。,当前任务均已结束；删除后不能从原断点续跑，只能重新运行。,object,9,,
data/qa/cross_pdf/hard_expansion/fulltext_title_v4_round2/checkpoints/hxf_0029.json,17348,846436145c58f98c0449467d34f5358837d0336cba092a594a72695656bcbb76,archive_then_delete,generation_checkpoint,生成或推理任务的断点 JSON。,当前任务均已结束；删除后不能从原断点续跑，只能重新运行。,object,9,,
data/qa/cross_pdf/hard_expansion/fulltext_title_v4_round2/checkpoints/hxf_0030.json,726,8ef8cf964af37b532d2aa459e103729781fff936264bd7fef8f2e6b25f791124,archive_then_delete,generation_checkpoint,生成或推理任务的断点 JSON。,当前任务均已结束；删除后不能从原断点续跑，只能重新运行。,object,9,,
data/qa/cross_pdf/hard_expansion/fulltext_title_v4_round2/checkpoints/hxf_0031.json,34137,c78e09dec259158575ade3ffd10dc44c9c7944510d19ec1859bd71f855158473,archive_then_delete,generation_checkpoint,生成或推理任务的断点 JSON。,当前任务均已结束；删除后不能从原断点续跑，只能重新运行。,object,9,,
data/qa/cross_pdf/hard_expansion/fulltext_title_v4_round2/checkpoints/hxf_0032.json,1431,ec46528a779c2a6efb8b16dec9c6289735c3f4edf67effdeed2e4c07df95c924,archive_then_delete,generation_checkpoint,生成或推理任务的断点 JSON。,当前任务均已结束；删除后不能从原断点续跑，只能重新运行。,object,9,,
data/qa/cross_pdf/hard_expansion/fulltext_title_v4_round2/checkpoints/hxf_0033.json,19146,a374321d78326a37ec328616329e390ec8b47cc4e03be6f15175292d034257c9,archive_then_delete,generation_checkpoint,生成或推理任务的断点 JSON。,当前任务均已结束；删除后不能从原断点续跑，只能重新运行。,object,9,,
data/qa/cross_pdf/hard_expansion/fulltext_title_v4_round2/checkpoints/hxf_0034.json,20167,ab5085efc09a4ffdb69f823ab1e852a67fa9a25d44ef0f140586272a3909ac6b,archive_then_delete,generation_checkpoint,生成或推理任务的断点 JSON。,当前任务均已结束；删除后不能从原断点续跑，只能重新运行。,object,9,,
data/qa/cross_pdf/hard_expansion/fulltext_title_v4_round2/checkpoints/hxf_0035.json,24736,ac9cd7c5926d3909ac7bf9c60da1b4338a31cfe78d5032f155ca1351c8aab91d,archive_then_delete,generation_checkpoint,生成或推理任务的断点 JSON。,当前任务均已结束；删除后不能从原断点续跑，只能重新运行。,object,9,,
data/qa/cross_pdf/hard_expansion/fulltext_title_v4_round2/checkpoints/hxf_0036.json,2680,a79ddca01b613947e86ce99dad5428d083632934db0e4bb763c17b166211166e,archive_then_delete,generation_checkpoint,生成或推理任务的断点 JSON。,当前任务均已结束；删除后不能从原断点续跑，只能重新运行。,object,9,,
data/qa/cross_pdf/hard_expansion/fulltext_title_v4_round2/checkpoints/hxf_0037.json,726,88e31e733e92938365501aa2130ba7e130581e60fee241a96b3e3e81188d7fab,archive_then_delete,generation_checkpoint,生成或推理任务的断点 JSON。,当前任务均已结束；删除后不能从原断点续跑，只能重新运行。,object,9,,
data/qa/cross_pdf/hard_expansion/fulltext_title_v4_round2/checkpoints/hxf_0038.json,43637,02d991be198ca41785da1545913270cda590aad0537c89fdae886d6bbd8e0837,archive_then_delete,generation_checkpoint,生成或推理任务的断点 JSON。,当前任务均已结束；删除后不能从原断点续跑，只能重新运行。,object,9,,
data/qa/cross_pdf/hard_expansion/fulltext_title_v4_round2/checkpoints/hxf_0040.json,2214,6db3eed76fabaf6d3f072b49cab2339b0ddd2bc259d9cae08ea73fdad8eacb62,archive_then_delete,generation_checkpoint,生成或推理任务的断点 JSON。,当前任务均已结束；删除后不能从原断点续跑，只能重新运行。,object,9,,
data/qa/cross_pdf/hard_expansion/fulltext_title_v4_round2/checkpoints/hxf_0041.json,34994,1fd2994c4e43f7226a0e0f82207b236f3304c55d5a9f0aa04185cfc0aca7955a,archive_then_delete,generation_checkpoint,生成或推理任务的断点 JSON。,当前任务均已结束；删除后不能从原断点续跑，只能重新运行。,object,9,,
data/qa/cross_pdf/hard_expansion/fulltext_title_v4_round2/checkpoints/hxf_0043.json,33997,89e8755c7311780999e875ed2cb3e6c8ebf03dc528d55ce65cd536a9f6fafd56,archive_then_delete,generation_checkpoint,生成或推理任务的断点 JSON。,当前任务均已结束；删除后不能从原断点续跑，只能重新运行。,object,9,,
data/qa/cross_pdf/hard_expansion/fulltext_title_v4_round2/checkpoints/hxf_0046.json,42441,0ff4974215523a6d9e879d3537f4ba59b43e4c850d6ad08aea6ec24396e027d5,archive_then_delete,generation_checkpoint,生成或推理任务的断点 JSON。,当前任务均已结束；删除后不能从原断点续跑，只能重新运行。,object,9,,
data/qa/cross_pdf/hard_expansion/fulltext_title_v4_round2/checkpoints/hxf_0047.json,29580,af9dfd85a3cd8abbd8befa018f7b8cf07689c42942e8b0f40cbc13c165fc4e00,archive_then_delete,generation_checkpoint,生成或推理任务的断点 JSON。,当前任务均已结束；删除后不能从原断点续跑，只能重新运行。,object,9,,
data/qa/cross_pdf/hard_expansion/fulltext_title_v4_round2/checkpoints/hxf_0048.json,35304,d2ab7deb3d1882ba7e0d7e2fbcb928ee8c2a2f054da45003d9521d2129d70776,archive_then_delete,generation_checkpoint,生成或推理任务的断点 JSON。,当前任务均已结束；删除后不能从原断点续跑，只能重新运行。,object,9,,
data/qa/cross_pdf/hard_expansion/fulltext_title_v4_round2/checkpoints/hxf_0049.json,38522,2dbbb67a8d7cb361b3f9b2a5ffd0b601561fabe4ac00183789d464b1e8b4cba6,archive_then_delete,generation_checkpoint,生成或推理任务的断点 JSON。,当前任务均已结束；删除后不能从原断点续跑，只能重新运行。,object,9,,
data/qa/cross_pdf/hard_expansion/fulltext_title_v4_round2/checkpoints/hxf_0050.json,20858,df9c0871b27cbad492096f9572b1f71a8543cb2d9809668df4f1c7ba4d9b898b,archive_then_delete,generation_checkpoint,生成或推理任务的断点 JSON。,当前任务均已结束；删除后不能从原断点续跑，只能重新运行。,object,9,,
data/qa/cross_pdf/hard_expansion/fulltext_title_v4_round2/checkpoints/hxf_0051.json,33106,cb02f5804f30268a4ad77dbd755662731633111d16a000b165774fa64abd636b,archive_then_delete,generation_checkpoint,生成或推理任务的断点 JSON。,当前任务均已结束；删除后不能从原断点续跑，只能重新运行。,object,9,,
data/qa/cross_pdf/hard_expansion/fulltext_title_v4_round2/checkpoints/hxf_0052.json,34752,65b8a6c53ee6b01d6f29f1a288de937bbdd4cd1e6dd081d4059e6f4dbe2ff94f,archive_then_delete,generation_checkpoint,生成或推理任务的断点 JSON。,当前任务均已结束；删除后不能从原断点续跑，只能重新运行。,object,9,,
data/qa/cross_pdf/hard_expansion/fulltext_title_v4_round2/checkpoints/hxf_0053.json,38092,dc8dac8a00de07cf451d5c682300c51fbc87160bd944237567140ca4a02c89ea,archive_then_delete,generation_checkpoint,生成或推理任务的断点 JSON。,当前任务均已结束；删除后不能从原断点续跑，只能重新运行。,object,9,,
data/qa/cross_pdf/hard_expansion/fulltext_title_v4_round2/checkpoints/hxf_0054.json,31092,85717b5aa24588df632964956f4c2b0ccb4f9de3a93e9b27195bc6c7caa08b47,archive_then_delete,generation_checkpoint,生成或推理任务的断点 JSON。,当前任务均已结束；删除后不能从原断点续跑，只能重新运行。,object,9,,
data/qa/cross_pdf/hard_expansion/fulltext_title_v4_round2/checkpoints/hxf_0056.json,2668,f1d6f0263f958df6e5e9e9593276793bb401925a8b9713d4d969904afe797c1e,archive_then_delete,generation_checkpoint,生成或推理任务的断点 JSON。,当前任务均已结束；删除后不能从原断点续跑，只能重新运行。,object,9,,
data/qa/cross_pdf/hard_expansion/fulltext_title_v4_round2/checkpoints/hxf_0057.json,21541,5cf9b6616e46909d331c3aea2d969dc59a3a53e7aecfe0f0c978f3f4bf7dc3fd,archive_then_delete,generation_checkpoint,生成或推理任务的断点 JSON。,当前任务均已结束；删除后不能从原断点续跑，只能重新运行。,object,9,,
data/qa/cross_pdf/hard_expansion/fulltext_title_v4_round2/checkpoints/hxf_0058.json,3252,0087c5455223a35e4bf2270a0283ec65be2a233c6275312cbbff71dc10326ec9,archive_then_delete,generation_checkpoint,生成或推理任务的断点 JSON。,当前任务均已结束；删除后不能从原断点续跑，只能重新运行。,object,9,,
data/qa/cross_pdf/hard_expansion/fulltext_title_v4_round2/checkpoints/hxf_0059.json,24458,d3b8d4d1347cb37c6a57f19e552835de017437a117bf383f6b278c6a231d68e9,archive_then_delete,generation_checkpoint,生成或推理任务的断点 JSON。,当前任务均已结束；删除后不能从原断点续跑，只能重新运行。,object,9,,
data/qa/cross_pdf/hard_expansion/fulltext_title_v4_round2/checkpoints/hxf_0060.json,36084,2bc6eb7184f2ea58b0081941600269ff0a02ab41d243a9ad50523873c7098b8b,archive_then_delete,generation_checkpoint,生成或推理任务的断点 JSON。,当前任务均已结束；删除后不能从原断点续跑，只能重新运行。,object,9,,
data/qa/cross_pdf/hard_expansion/fulltext_title_v4_round2/checkpoints/hxf_0061.json,25079,697d853c5f8d634fe05cd4600776928f72e358e76464d154a8c8c27b58912e27,archive_then_delete,generation_checkpoint,生成或推理任务的断点 JSON。,当前任务均已结束；删除后不能从原断点续跑，只能重新运行。,object,9,,
data/qa/cross_pdf/hard_expansion/fulltext_title_v4_round2/checkpoints/hxf_0062.json,23199,a2cd5685042a3ac0b4180391cd6e6a44e7d240208fe5a2937340ec16bdcdb3f3,archive_then_delete,generation_checkpoint,生成或推理任务的断点 JSON。,当前任务均已结束；删除后不能从原断点续跑，只能重新运行。,object,9,,
data/qa/cross_pdf/hard_expansion/fulltext_title_v4_round2/checkpoints/hxf_0064.json,25155,90590855bf8c0c5d679477e35dbbc3a24b7d14aed803c257b836dcd73d68610c,archive_then_delete,generation_checkpoint,生成或推理任务的断点 JSON。,当前任务均已结束；删除后不能从原断点续跑，只能重新运行。,object,9,,
data/qa/cross_pdf/hard_expansion/fulltext_title_v4_round2/checkpoints/hxf_0065.json,35977,1a8f578a916d83be2bf3c29143b4678a1694183ff3730bda5899610458a80dd4,archive_then_delete,generation_checkpoint,生成或推理任务的断点 JSON。,当前任务均已结束；删除后不能从原断点续跑，只能重新运行。,object,9,,
data/qa/cross_pdf/hard_expansion/fulltext_title_v4_round2/checkpoints/hxf_0066.json,16936,875c10c94415df6f9831d7d3923d8a7674cfe3b1bd918282b0748771eb5819a3,archive_then_delete,generation_checkpoint,生成或推理任务的断点 JSON。,当前任务均已结束；删除后不能从原断点续跑，只能重新运行。,object,9,,
data/qa/cross_pdf/hard_expansion/fulltext_title_v4_round2/checkpoints/hxf_0067.json,1468,30a9a6737d05aa4b2d0c5ab13a0c3748022c885b0b671cda8884890f72304762,archive_then_delete,generation_checkpoint,生成或推理任务的断点 JSON。,当前任务均已结束；删除后不能从原断点续跑，只能重新运行。,object,9,,
data/qa/cross_pdf/hard_expansion/fulltext_title_v4_round2/checkpoints/hxf_0068.json,36043,550a3d9b440b445f09914116f8385bbb920690b74cfbfe7c676b04e516283a02,archive_then_delete,generation_checkpoint,生成或推理任务的断点 JSON。,当前任务均已结束；删除后不能从原断点续跑，只能重新运行。,object,9,,
data/qa/cross_pdf/hard_expansion/fulltext_title_v4_round2/checkpoints/hxf_0069.json,22027,0007ab4bb6ac9f71797be280c28ab0c05838733fc97084bc9a56d9c2e0f9bd95,archive_then_delete,generation_checkpoint,生成或推理任务的断点 JSON。,当前任务均已结束；删除后不能从原断点续跑，只能重新运行。,object,9,,
data/qa/cross_pdf/hard_expansion/fulltext_title_v4_round2/checkpoints/hxf_0070.json,27340,2b6bded154140ec678b54ab6360e2ee71fc75b1c180272e75195793abd6e4cb5,archive_then_delete,generation_checkpoint,生成或推理任务的断点 JSON。,当前任务均已结束；删除后不能从原断点续跑，只能重新运行。,object,9,,
data/qa/cross_pdf/hard_expansion/fulltext_title_v4_round2/checkpoints/hxf_0071.json,18710,245d00db5e61b38ef7f49bd7204b52df4d880db544955ec02b0b8b8f43841220,archive_then_delete,generation_checkpoint,生成或推理任务的断点 JSON。,当前任务均已结束；删除后不能从原断点续跑，只能重新运行。,object,9,,
data/qa/cross_pdf/hard_expansion/fulltext_title_v4_round2/checkpoints/hxf_0072.json,56365,8e6b8ff41d04575a562d817b2546bfb8f5953f85f215e9d90ac4f67780260168,archive_then_delete,generation_checkpoint,生成或推理任务的断点 JSON。,当前任务均已结束；删除后不能从原断点续跑，只能重新运行。,object,9,,
data/qa/cross_pdf/hard_expansion/fulltext_title_v4_round2/checkpoints/hxf_0074.json,25636,edf9d6962f3878c737fd853262dda44241ca0ce242b0dee872621d6148090dd7,archive_then_delete,generation_checkpoint,生成或推理任务的断点 JSON。,当前任务均已结束；删除后不能从原断点续跑，只能重新运行。,object,9,,
data/qa/cross_pdf/hard_expansion/fulltext_title_v4_round2/checkpoints/hxf_0075.json,20108,7402036cce4ab2e8c2e3a327d95800710c98e6dceaf6a086e1222ece828cbbd9,archive_then_delete,generation_checkpoint,生成或推理任务的断点 JSON。,当前任务均已结束；删除后不能从原断点续跑，只能重新运行。,object,9,,
data/qa/cross_pdf/hard_expansion/fulltext_title_v4_round2/checkpoints/hxf_0076.json,1921,ef78ad88f89ca06d1d29318380a20d512c85e1e2f95b6a52f87ca040798ec31f,archive_then_delete,generation_checkpoint,生成或推理任务的断点 JSON。,当前任务均已结束；删除后不能从原断点续跑，只能重新运行。,object,9,,
data/qa/cross_pdf/hard_expansion/fulltext_title_v4_round2/checkpoints/hxf_0077.json,23004,6e02d034264f65de33b42a5524690a68fe150a6225968618733d2b63b7cdbd28,archive_then_delete,generation_checkpoint,生成或推理任务的断点 JSON。,当前任务均已结束；删除后不能从原断点续跑，只能重新运行。,object,9,,
data/qa/cross_pdf/hard_expansion/fulltext_title_v4_round2/checkpoints/hxf_0078.json,30858,a3e64419317fcc011a8085513cc853b75baacc61faf95037a60b4c61a89819d6,archive_then_delete,generation_checkpoint,生成或推理任务的断点 JSON。,当前任务均已结束；删除后不能从原断点续跑，只能重新运行。,object,9,,
data/qa/cross_pdf/hard_expansion/fulltext_title_v4_round2/checkpoints/hxf_0079.json,22090,2cc45c238f6a0f8b02637dbd98f1123c1e1b2899f5fc6e32a551ed0e63317d4c,archive_then_delete,generation_checkpoint,生成或推理任务的断点 JSON。,当前任务均已结束；删除后不能从原断点续跑，只能重新运行。,object,9,,
data/qa/cross_pdf/hard_expansion/fulltext_title_v4_round2/checkpoints/hxf_0080.json,25017,813999164e8c32cbd5c77e3f1dbd5829f06e003a92f001260866a3efa48643a7,archive_then_delete,generation_checkpoint,生成或推理任务的断点 JSON。,当前任务均已结束；删除后不能从原断点续跑，只能重新运行。,object,9,,
data/qa/cross_pdf/hard_expansion/fulltext_title_v4_round2/checkpoints/hxf_0081.json,22559,8f3180d21f6db1739f8860de0cb95404c563751ce4a0be01fdd86b34b8b64ecf,archive_then_delete,generation_checkpoint,生成或推理任务的断点 JSON。,当前任务均已结束；删除后不能从原断点续跑，只能重新运行。,object,9,,
data/qa/cross_pdf/hard_expansion/fulltext_title_v4_round2/checkpoints/hxf_0082.json,1581,b36561751724a87e647970fcb84799aa34e285f7277d906183ceed3199d9d60d,archive_then_delete,generation_checkpoint,生成或推理任务的断点 JSON。,当前任务均已结束；删除后不能从原断点续跑，只能重新运行。,object,9,,
data/qa/cross_pdf/hard_expansion/fulltext_title_v4_round2/checkpoints/hxf_0083.json,18885,d5496fa1e855e2312b467ca9aeb4cec7aa0c73a10db95465c276d88ec908d522,archive_then_delete,generation_checkpoint,生成或推理任务的断点 JSON。,当前任务均已结束；删除后不能从原断点续跑，只能重新运行。,object,9,,
data/qa/cross_pdf/hard_expansion/fulltext_title_v4_round2/checkpoints/hxf_0084.json,37491,cd045b7feb48d8b4808c9e86bc05e8a16668102c7e6a572244d4a29deaed8d58,archive_then_delete,generation_checkpoint,生成或推理任务的断点 JSON。,当前任务均已结束；删除后不能从原断点续跑，只能重新运行。,object,9,,
data/qa/cross_pdf/hard_expansion/fulltext_title_v4_round2/checkpoints/hxf_0085.json,1360,46b7f654ec25d5e101aac01deb16b4c850368d3cd4d37d122d2e04e8bb3c44e2,archive_then_delete,generation_checkpoint,生成或推理任务的断点 JSON。,当前任务均已结束；删除后不能从原断点续跑，只能重新运行。,object,9,,
data/qa/cross_pdf/hard_expansion/fulltext_title_v4_round2/checkpoints/hxf_0086.json,727,3c128029d8001574ea43187d478322789651f6056d091aac4929cb5449fb576a,archive_then_delete,generation_checkpoint,生成或推理任务的断点 JSON。,当前任务均已结束；删除后不能从原断点续跑，只能重新运行。,object,9,,
data/qa/cross_pdf/hard_expansion/fulltext_title_v4_round2/checkpoints/hxf_0087.json,1255,adcdf524fee5a4cee097d0e0301e893dd4e06a48178c74f120573d079d62b1ae,archive_then_delete,generation_checkpoint,生成或推理任务的断点 JSON。,当前任务均已结束；删除后不能从原断点续跑，只能重新运行。,object,9,,
data/qa/cross_pdf/hard_expansion/fulltext_title_v4_round2/checkpoints/hxf_0089.json,25769,4fb7a59778a4cc7ada356e796c5d4beeab142680740d64d40de72fffbb0ff2bd,archive_then_delete,generation_checkpoint,生成或推理任务的断点 JSON。,当前任务均已结束；删除后不能从原断点续跑，只能重新运行。,object,9,,
data/qa/cross_pdf/hard_expansion/fulltext_title_v4_round2/checkpoints/hxf_0090.json,1539,7165712d385770aebaef35c1ff7e7bc007c12f430478924ec7b31f13a9f3c695,archive_then_delete,generation_checkpoint,生成或推理任务的断点 JSON。,当前任务均已结束；删除后不能从原断点续跑，只能重新运行。,object,9,,
data/qa/cross_pdf/hard_expansion/fulltext_title_v4_round2/checkpoints/hxf_0091.json,21971,6483ebbcb84d67b26147c3c21346853d52bfeabc4f793b62d42b4a72ade9d8bd,archive_then_delete,generation_checkpoint,生成或推理任务的断点 JSON。,当前任务均已结束；删除后不能从原断点续跑，只能重新运行。,object,9,,
data/qa/cross_pdf/hard_expansion/fulltext_title_v4_round2/checkpoints/hxf_0092.json,54611,ad4e915c0738543d9a491a91a519271bcc24fdae777ffb118377896fd4b5b148,archive_then_delete,generation_checkpoint,生成或推理任务的断点 JSON。,当前任务均已结束；删除后不能从原断点续跑，只能重新运行。,object,9,,
data/qa/cross_pdf/hard_expansion/fulltext_title_v4_round2/checkpoints/hxf_0093.json,22996,d70b50d53e7f0cd92c105be1b851e3167e24572fbb8eb603eb891b7b60b5b02e,archive_then_delete,generation_checkpoint,生成或推理任务的断点 JSON。,当前任务均已结束；删除后不能从原断点续跑，只能重新运行。,object,9,,
data/qa/cross_pdf/hard_expansion/fulltext_title_v4_round2/checkpoints/hxf_0094.json,1931,778f8222d2c5c2027f391df16bf6920f96f23b08a0fb8ebe1ebee9a57517fda3,archive_then_delete,generation_checkpoint,生成或推理任务的断点 JSON。,当前任务均已结束；删除后不能从原断点续跑，只能重新运行。,object,9,,
data/qa/cross_pdf/hard_expansion/fulltext_title_v4_round2/checkpoints/hxf_0097.json,19367,2d037ac6817e23191581816088c34e8c3c67e5adf6220ebcde6ac477ebed78d2,archive_then_delete,generation_checkpoint,生成或推理任务的断点 JSON。,当前任务均已结束；删除后不能从原断点续跑，只能重新运行。,object,9,,
data/qa/cross_pdf/hard_expansion/fulltext_title_v4_round2/checkpoints/hxf_0098.json,28187,126272539b3aeb5ed20ed073efdb0ed248bcd3ecbad24bc237fd7f5388826881,archive_then_delete,generation_checkpoint,生成或推理任务的断点 JSON。,当前任务均已结束；删除后不能从原断点续跑，只能重新运行。,object,9,,
data/qa/cross_pdf/hard_expansion/fulltext_title_v4_round2/checkpoints/hxf_0099.json,1381,c702301c00c7f951894edc1ca3a19c6ab70ef955da29210c54b44e59d82993dc,archive_then_delete,generation_checkpoint,生成或推理任务的断点 JSON。,当前任务均已结束；删除后不能从原断点续跑，只能重新运行。,object,9,,
data/qa/cross_pdf/hard_expansion/fulltext_title_v4_round2/checkpoints/hxf_0100.json,19081,2397f1dd72f8854c0bfadcddbc916c5f70f486ddca8f494dc4459f23f5d88597,archive_then_delete,generation_checkpoint,生成或推理任务的断点 JSON。,当前任务均已结束；删除后不能从原断点续跑，只能重新运行。,object,9,,
data/qa/cross_pdf/hard_expansion/fulltext_title_v4_round2/checkpoints/hxf_0101.json,24882,7fb4476acec3e3fbc271cb5183184bd47ff706e9a96a02c7e3039db5d57763b6,archive_then_delete,generation_checkpoint,生成或推理任务的断点 JSON。,当前任务均已结束；删除后不能从原断点续跑，只能重新运行。,object,9,,
data/qa/cross_pdf/hard_expansion/fulltext_title_v4_round2/checkpoints/hxf_0102.json,55683,b2ea8e49f3f4daf156008e0050f84a90c423b52d7b5f232cda2a2c95dcbc5252,archive_then_delete,generation_checkpoint,生成或推理任务的断点 JSON。,当前任务均已结束；删除后不能从原断点续跑，只能重新运行。,object,9,,
data/qa/cross_pdf/hard_expansion/fulltext_title_v4_round2/checkpoints/hxf_0103.json,26952,eaaa8e7b1afed1c9c7872ec529ac253d8d1a2d138f63ce730229dd8c592f35bd,archive_then_delete,generation_checkpoint,生成或推理任务的断点 JSON。,当前任务均已结束；删除后不能从原断点续跑，只能重新运行。,object,9,,
data/qa/cross_pdf/hard_expansion/fulltext_title_v4_round2/checkpoints/hxf_0104.json,13545,b02501a5095a53eda0969048a7141ef83720c3e3cdfa1a68969c8b6df5ffab50,archive_then_delete,generation_checkpoint,生成或推理任务的断点 JSON。,当前任务均已结束；删除后不能从原断点续跑，只能重新运行。,object,9,,
data/qa/cross_pdf/hard_expansion/fulltext_title_v4_round2/checkpoints/hxf_0106.json,35509,88c5f64852d186f744dcd1d5b30ee72903bae391cce20a927ec85f8edfa7a1f0,archive_then_delete,generation_checkpoint,生成或推理任务的断点 JSON。,当前任务均已结束；删除后不能从原断点续跑，只能重新运行。,object,9,,
data/qa/cross_pdf/hard_expansion/fulltext_title_v4_round2/checkpoints/hxf_0107.json,24963,793e88a39f97db122206d3185cf4b5d15886c661989f51d897ccf1b63e91c8ad,archive_then_delete,generation_checkpoint,生成或推理任务的断点 JSON。,当前任务均已结束；删除后不能从原断点续跑，只能重新运行。,object,9,,
data/qa/cross_pdf/hard_expansion/fulltext_title_v4_round2/checkpoints/hxf_0108.json,20709,8e4fd420ec2eb904d98656ae0cb120d151130e29b7a5dd39147aa108a6753702,archive_then_delete,generation_checkpoint,生成或推理任务的断点 JSON。,当前任务均已结束；删除后不能从原断点续跑，只能重新运行。,object,9,,
data/qa/cross_pdf/hard_expansion/fulltext_title_v4_round2/checkpoints/hxf_0109.json,23556,e53c7e90ebae631e840c57c0f8a54ea2cd8880faf70106a29bded68cc5676061,archive_then_delete,generation_checkpoint,生成或推理任务的断点 JSON。,当前任务均已结束；删除后不能从原断点续跑，只能重新运行。,object,9,,
data/qa/cross_pdf/hard_expansion/fulltext_title_v4_round2/checkpoints/hxf_0110.json,30701,ae9e790991b5b9b558d83e7d3cb7f3226408c7cac9330c86bba35938e70620fd,archive_then_delete,generation_checkpoint,生成或推理任务的断点 JSON。,当前任务均已结束；删除后不能从原断点续跑，只能重新运行。,object,9,,
data/qa/cross_pdf/hard_expansion/fulltext_title_v4_round2/checkpoints/hxf_0111.json,19627,13b48c8bf773bdabb012ea7503ea44c492c7ec580ff084ad6950dca5791b0fb8,archive_then_delete,generation_checkpoint,生成或推理任务的断点 JSON。,当前任务均已结束；删除后不能从原断点续跑，只能重新运行。,object,9,,
data/qa/cross_pdf/hard_expansion/fulltext_title_v4_round2/checkpoints/hxf_0113.json,22180,6467216d541414dfea8686bd343712677c04dc223d4bd48115e69959c9f21c79,archive_then_delete,generation_checkpoint,生成或推理任务的断点 JSON。,当前任务均已结束；删除后不能从原断点续跑，只能重新运行。,object,9,,
data/qa/cross_pdf/hard_expansion/fulltext_title_v4_round2/checkpoints/hxf_0114.json,31511,ecebf957a80421e06597e5b2b04056f1e9345fc902c59c010aa85152b4b33ddc,archive_then_delete,generation_checkpoint,生成或推理任务的断点 JSON。,当前任务均已结束；删除后不能从原断点续跑，只能重新运行。,object,9,,
data/qa/cross_pdf/hard_expansion/fulltext_title_v4_round2/checkpoints/hxf_0115.json,38422,8509e0e450b314271d64aaecc1f53ff93a6f08b08db27e60fe6f47ea1025c0e3,archive_then_delete,generation_checkpoint,生成或推理任务的断点 JSON。,当前任务均已结束；删除后不能从原断点续跑，只能重新运行。,object,9,,
data/qa/cross_pdf/hard_expansion/fulltext_title_v4_round2/checkpoints/hxf_0116.json,29189,9a3788142dff1eb569866d46b4c7eccddf0408c8e073e6d8ed7bc8601acfce9e,archive_then_delete,generation_checkpoint,生成或推理任务的断点 JSON。,当前任务均已结束；删除后不能从原断点续跑，只能重新运行。,object,9,,
data/qa/cross_pdf/hard_expansion/fulltext_title_v4_round2/checkpoints/hxf_0117.json,1384,ac1ac309dad314cb05f7c34feeecc6950485e5059d30f43f1cceb012cbe25cc6,archive_then_delete,generation_checkpoint,生成或推理任务的断点 JSON。,当前任务均已结束；删除后不能从原断点续跑，只能重新运行。,object,9,,
data/qa/cross_pdf/hard_expansion/fulltext_title_v4_round2/checkpoints/hxf_0118.json,726,decc16ef8f9c4495e26bf4ea5bc9682621385703cab90bfe4016a513fa5c2670,archive_then_delete,generation_checkpoint,生成或推理任务的断点 JSON。,当前任务均已结束；删除后不能从原断点续跑，只能重新运行。,object,9,,
data/qa/cross_pdf/hard_expansion/fulltext_title_v4_round2/checkpoints/hxf_0119.json,1522,df87f5213df2ee30027e9b24cdd0b6355ed24ea990f6c06ad9b1d63ebcaad44d,archive_then_delete,generation_checkpoint,生成或推理任务的断点 JSON。,当前任务均已结束；删除后不能从原断点续跑，只能重新运行。,object,9,,
data/qa/cross_pdf/hard_expansion/fulltext_title_v4_round2/checkpoints/hxf_0120.json,20502,8dac586f69e9ed0add84d12e387421ff62957523beb0e918e7121e043dc92cdf,archive_then_delete,generation_checkpoint,生成或推理任务的断点 JSON。,当前任务均已结束；删除后不能从原断点续跑，只能重新运行。,object,9,,
data/qa/cross_pdf/hard_expansion/fulltext_title_v4_round2/checkpoints/hxf_0121.json,23815,4067a2293c8a2780cd01be10400fe5f0304f788d9c7c2e89d437a4bf7e412198,archive_then_delete,generation_checkpoint,生成或推理任务的断点 JSON。,当前任务均已结束；删除后不能从原断点续跑，只能重新运行。,object,9,,
data/qa/cross_pdf/hard_expansion/fulltext_title_v4_round2/checkpoints/hxf_0122.json,1140,c1a988d368439f9bdb2b03f1e500dd74fbef084edbaebbdf52cf3f89bc2c644e,archive_then_delete,generation_checkpoint,生成或推理任务的断点 JSON。,当前任务均已结束；删除后不能从原断点续跑，只能重新运行。,object,9,,
data/qa/cross_pdf/hard_expansion/fulltext_title_v4_round2/checkpoints/hxf_0123.json,1372,c0bc6cf5067f193181592132537ec5e9c4312a6d797baff0ff9f52596bbe7155,archive_then_delete,generation_checkpoint,生成或推理任务的断点 JSON。,当前任务均已结束；删除后不能从原断点续跑，只能重新运行。,object,9,,
data/qa/cross_pdf/hard_expansion/fulltext_title_v4_round2/checkpoints/hxf_0124.json,25706,e8b818c21de17b79b47aa960543c5063979f1372863db15121ccd8a295e6952a,archive_then_delete,generation_checkpoint,生成或推理任务的断点 JSON。,当前任务均已结束；删除后不能从原断点续跑，只能重新运行。,object,9,,
data/qa/cross_pdf/hard_expansion/fulltext_title_v4_round2/checkpoints/hxf_0125.json,13212,d8c9fe5ac40216f12d33b386ab344cb6bf26720680d991241bfbfd3a7fdb6ecf,archive_then_delete,generation_checkpoint,生成或推理任务的断点 JSON。,当前任务均已结束；删除后不能从原断点续跑，只能重新运行。,object,9,,
data/qa/cross_pdf/hard_expansion/fulltext_title_v4_round2/checkpoints/hxf_0126.json,36356,1293f68fc78c2da6d15a64f924dae50d8dd73ff8d4174a546ee87a71225b9523,archive_then_delete,generation_checkpoint,生成或推理任务的断点 JSON。,当前任务均已结束；删除后不能从原断点续跑，只能重新运行。,object,9,,
data/qa/cross_pdf/hard_expansion/fulltext_title_v4_round2/checkpoints/hxf_0127.json,2053,50d8271ef3ec58b4da9c509f1e0e4c5232cc39b5e11c869009df6d623e089e07,archive_then_delete,generation_checkpoint,生成或推理任务的断点 JSON。,当前任务均已结束；删除后不能从原断点续跑，只能重新运行。,object,9,,
data/qa/cross_pdf/hard_expansion/fulltext_title_v4_round2/checkpoints/hxf_0128.json,19021,9cee51622011852ac360e418e76e302962423353605ee57df801b739d9fdc96c,archive_then_delete,generation_checkpoint,生成或推理任务的断点 JSON。,当前任务均已结束；删除后不能从原断点续跑，只能重新运行。,object,9,,
data/qa/cross_pdf/hard_expansion/fulltext_title_v4_round2/checkpoints/hxf_0129.json,1504,1d30270b67f9e2f6230505389c09f4a997c3e5508db5b8c0e36dac23a441ee6e,archive_then_delete,generation_checkpoint,生成或推理任务的断点 JSON。,当前任务均已结束；删除后不能从原断点续跑，只能重新运行。,object,9,,
data/qa/cross_pdf/hard_expansion/fulltext_title_v4_round2/checkpoints/hxf_0130.json,1297,3e527681bb8c2da79c66a46bcc1ed993e6c9a84949fd8ccaed3c05141e7c99de,archive_then_delete,generation_checkpoint,生成或推理任务的断点 JSON。,当前任务均已结束；删除后不能从原断点续跑，只能重新运行。,object,9,,
data/qa/cross_pdf/hard_expansion/fulltext_title_v4_round2/checkpoints/hxf_0132.json,13234,237ad14611b4242f2f71ae50258d2868f27ab16b116631dc669b7e79bf104fdb,archive_then_delete,generation_checkpoint,生成或推理任务的断点 JSON。,当前任务均已结束；删除后不能从原断点续跑，只能重新运行。,object,9,,
data/qa/cross_pdf/hard_expansion/fulltext_title_v4_round2/checkpoints/hxf_0133.json,1143,e95ecd389998f4f9f7758bed1807d727ff1d490dfcf4a43eb54eb65318add519,archive_then_delete,generation_checkpoint,生成或推理任务的断点 JSON。,当前任务均已结束；删除后不能从原断点续跑，只能重新运行。,object,9,,
data/qa/cross_pdf/hard_expansion/fulltext_title_v4_round2/checkpoints/hxf_0134.json,22799,83c5db7ef6e16cb6b84b55bbc04e51be0371cba0945ddc7e26c59e5968115e95,archive_then_delete,generation_checkpoint,生成或推理任务的断点 JSON。,当前任务均已结束；删除后不能从原断点续跑，只能重新运行。,object,9,,
data/qa/cross_pdf/hard_expansion/fulltext_title_v4_round2/checkpoints/hxf_0135.json,20666,ba9f1736ddc4e43c6976ad3ed93e8338e21cc50f5249b9455ac60a469ea30fe9,archive_then_delete,generation_checkpoint,生成或推理任务的断点 JSON。,当前任务均已结束；删除后不能从原断点续跑，只能重新运行。,object,9,,
data/qa/cross_pdf/hard_expansion/fulltext_title_v4_round2/checkpoints/hxf_0136.json,27531,822840893ee755675c1b63abaf1b5428cd2eb520fe483426b8bcb7404d14bc7e,archive_then_delete,generation_checkpoint,生成或推理任务的断点 JSON。,当前任务均已结束；删除后不能从原断点续跑，只能重新运行。,object,9,,
data/qa/cross_pdf/hard_expansion/fulltext_title_v4_round2/checkpoints/hxf_0137.json,42044,c8280a0d8c0eb7bd11d051dc34cad7ce36000eca3fde90db7feb5a7e0c9a4314,archive_then_delete,generation_checkpoint,生成或推理任务的断点 JSON。,当前任务均已结束；删除后不能从原断点续跑，只能重新运行。,object,9,,
data/qa/cross_pdf/hard_expansion/fulltext_title_v4_round2/checkpoints/hxf_0138.json,46950,834cead2297d0717f528c9e8217d1ae68db29391adac617cb7ce9847ab4eed58,archive_then_delete,generation_checkpoint,生成或推理任务的断点 JSON。,当前任务均已结束；删除后不能从原断点续跑，只能重新运行。,object,9,,
data/qa/cross_pdf/hard_expansion/fulltext_title_v4_round2/checkpoints/hxf_0139.json,1637,a7ad82c4f6cdd9b6fd5957e017d7dd30304ed77201d927b453c65ef1890e0ee4,archive_then_delete,generation_checkpoint,生成或推理任务的断点 JSON。,当前任务均已结束；删除后不能从原断点续跑，只能重新运行。,object,9,,
data/qa/cross_pdf/hard_expansion/fulltext_title_v4_round2/checkpoints/hxf_0140.json,17111,b91df48f5eeebbbf2c5d575bf32318c78b6b1e5afec9edb8ff9266be43e90833,archive_then_delete,generation_checkpoint,生成或推理任务的断点 JSON。,当前任务均已结束；删除后不能从原断点续跑，只能重新运行。,object,9,,
data/qa/cross_pdf/hard_expansion/fulltext_title_v4_round2/checkpoints/hxf_0141.json,27473,16f1111164a6f36c671042f39ddbb9a16ae7c8a9bdf4a2f794e31f274d33b77a,archive_then_delete,generation_checkpoint,生成或推理任务的断点 JSON。,当前任务均已结束；删除后不能从原断点续跑，只能重新运行。,object,9,,
data/qa/cross_pdf/hard_expansion/fulltext_title_v4_round2/checkpoints/hxf_0142.json,17438,eb15bc6b2a40a0c00d0bc1b06c530a1ca150250a13da52ff30702335c4e5155f,archive_then_delete,generation_checkpoint,生成或推理任务的断点 JSON。,当前任务均已结束；删除后不能从原断点续跑，只能重新运行。,object,9,,
data/qa/cross_pdf/hard_expansion/fulltext_title_v4_round2/checkpoints/hxf_0143.json,22636,5c9f56e06a7fc808d4dc4cf84f52cf817a744df470c694c56f5ed2a07b76f9ce,archive_then_delete,generation_checkpoint,生成或推理任务的断点 JSON。,当前任务均已结束；删除后不能从原断点续跑，只能重新运行。,object,9,,
data/qa/cross_pdf/hard_expansion/fulltext_title_v4_round2/checkpoints/hxf_0145.json,3117,6b5fc81ba2db150b1f23b1d0d6defe7680e9356366eed54c90e4ab97e6d94475,archive_then_delete,generation_checkpoint,生成或推理任务的断点 JSON。,当前任务均已结束；删除后不能从原断点续跑，只能重新运行。,object,9,,
data/qa/cross_pdf/hard_expansion/fulltext_title_v4_round2/checkpoints/hxf_0146.json,16702,40a5f4c1fb0a440cd1a51bd7fa1c49d77a95da937f47857cbd63c045587846eb,archive_then_delete,generation_checkpoint,生成或推理任务的断点 JSON。,当前任务均已结束；删除后不能从原断点续跑，只能重新运行。,object,9,,
data/qa/cross_pdf/hard_expansion/fulltext_title_v4_round2/checkpoints/hxf_0147.json,1912,883bcc45b928f2f155574ee90995a141afd2e31effd3169d32d570a7efdc60e8,archive_then_delete,generation_checkpoint,生成或推理任务的断点 JSON。,当前任务均已结束；删除后不能从原断点续跑，只能重新运行。,object,9,,
data/qa/cross_pdf/hard_expansion/fulltext_title_v4_round2/checkpoints/hxf_0148.json,3560,77818b35c2f45e33e6b39df0771fb3ccc515852bc16f8012ac83464502f1956b,archive_then_delete,generation_checkpoint,生成或推理任务的断点 JSON。,当前任务均已结束；删除后不能从原断点续跑，只能重新运行。,object,9,,
data/qa/cross_pdf/hard_expansion/fulltext_title_v4_round2/checkpoints/hxf_0149.json,3309,0db820c20b417fcca414485e6cd639b4055259296b071a823bec673405144ebc,archive_then_delete,generation_checkpoint,生成或推理任务的断点 JSON。,当前任务均已结束；删除后不能从原断点续跑，只能重新运行。,object,9,,
data/qa/cross_pdf/hard_expansion/fulltext_title_v4_round2/checkpoints/hxf_0150.json,2234,2a358b170cf8b7df1318c38b97c27cf24499b1d02b797f6f62275f58670465b4,archive_then_delete,generation_checkpoint,生成或推理任务的断点 JSON。,当前任务均已结束；删除后不能从原断点续跑，只能重新运行。,object,9,,
data/qa/cross_pdf/hard_expansion/fulltext_title_v4_round2/checkpoints/hxf_0151.json,22461,eabf0e698dfebde10b09dded71bfff5c6aa7065fd9e28a37cb3ff5319287a5f0,archive_then_delete,generation_checkpoint,生成或推理任务的断点 JSON。,当前任务均已结束；删除后不能从原断点续跑，只能重新运行。,object,9,,
data/qa/cross_pdf/hard_expansion/fulltext_title_v4_round2/checkpoints/hxf_0152.json,19713,6425150940aa8d21ccfd34763855f1d004863f40425ef04c7dce923427717119,archive_then_delete,generation_checkpoint,生成或推理任务的断点 JSON。,当前任务均已结束；删除后不能从原断点续跑，只能重新运行。,object,9,,
data/qa/cross_pdf/hard_expansion/fulltext_title_v4_round2/checkpoints/hxf_0153.json,23737,2e524e4f006eb966d6b9cfbc6b35659bb1b484dcaf0d675af36bfba9fc24f39a,archive_then_delete,generation_checkpoint,生成或推理任务的断点 JSON。,当前任务均已结束；删除后不能从原断点续跑，只能重新运行。,object,9,,
data/qa/cross_pdf/hard_expansion/fulltext_title_v4_round2/checkpoints/hxf_0154.json,721,8ed3edd613e52e9a54a9b66154801d4c1d099ffcb14fe1482a4a32eb5f4d7c73,archive_then_delete,generation_checkpoint,生成或推理任务的断点 JSON。,当前任务均已结束；删除后不能从原断点续跑，只能重新运行。,object,9,,
data/qa/cross_pdf/hard_expansion/fulltext_title_v4_round2/checkpoints/hxf_0155.json,28077,8ad5941e2a856e4c3e9b72e1a3590d0561957aaf77e9523889ad370cf2ab83f0,archive_then_delete,generation_checkpoint,生成或推理任务的断点 JSON。,当前任务均已结束；删除后不能从原断点续跑，只能重新运行。,object,9,,
data/qa/cross_pdf/hard_expansion/fulltext_title_v4_round2/checkpoints/hxf_0157.json,18306,1af51e3dd6bee0dc7b7628be8f48b831c0adfc69205de2faba2dc0eb7ee0a498,archive_then_delete,generation_checkpoint,生成或推理任务的断点 JSON。,当前任务均已结束；删除后不能从原断点续跑，只能重新运行。,object,9,,
data/qa/cross_pdf/hard_expansion/fulltext_title_v4_round2/checkpoints/hxf_0158.json,44499,9093a6d58c4c12e68fb6ecbff2161c6bbb572ebf1d73514a8eeef3ee9d38d6f7,archive_then_delete,generation_checkpoint,生成或推理任务的断点 JSON。,当前任务均已结束；删除后不能从原断点续跑，只能重新运行。,object,9,,
data/qa/cross_pdf/hard_expansion/fulltext_title_v4_round2/checkpoints/hxf_0159.json,53416,efdc7a9f5878c8c03aff41927bb10552a569fe19dd8304769e5a419b53afcdf6,archive_then_delete,generation_checkpoint,生成或推理任务的断点 JSON。,当前任务均已结束；删除后不能从原断点续跑，只能重新运行。,object,9,,
data/qa/cross_pdf/hard_expansion/fulltext_title_v4_round2/checkpoints/hxf_0160.json,19549,a1a9a03ae391ee82a48238ffd97d7be648b8742d5befc34bcd22d2517db941da,archive_then_delete,generation_checkpoint,生成或推理任务的断点 JSON。,当前任务均已结束；删除后不能从原断点续跑，只能重新运行。,object,9,,
data/qa/cross_pdf/hard_expansion/fulltext_title_v4_round2/checkpoints/hxf_0161.json,33494,c750f0cdccb14ff9a2112c6ff80a457e944e1e4b1361c6df41dfde4dfd6c106f,archive_then_delete,generation_checkpoint,生成或推理任务的断点 JSON。,当前任务均已结束；删除后不能从原断点续跑，只能重新运行。,object,9,,
data/qa/cross_pdf/hard_expansion/fulltext_title_v4_round2/checkpoints/hxf_0162.json,1667,0d808768414be4f367545747e279acfdd36d5c66ad0607d6d43a83b0a41e7553,archive_then_delete,generation_checkpoint,生成或推理任务的断点 JSON。,当前任务均已结束；删除后不能从原断点续跑，只能重新运行。,object,9,,
data/qa/cross_pdf/hard_expansion/fulltext_title_v4_round2/checkpoints/hxf_0163.json,17339,192373c585161d79255e317a440df79165a74bf94d3f993b673d4d7eb4d928e6,archive_then_delete,generation_checkpoint,生成或推理任务的断点 JSON。,当前任务均已结束；删除后不能从原断点续跑，只能重新运行。,object,9,,
data/qa/cross_pdf/hard_expansion/fulltext_title_v4_round2/checkpoints/hxf_0164.json,1256,ebb4894bb85ac26e696a82244b9c0b05426ded9bb38a451bbf4d4e584036a869,archive_then_delete,generation_checkpoint,生成或推理任务的断点 JSON。,当前任务均已结束；删除后不能从原断点续跑，只能重新运行。,object,9,,
data/qa/cross_pdf/hard_expansion/fulltext_title_v4_round2/checkpoints/hxf_0165.json,29563,73bd60d4a6fed6c2feda5c30f8e0b79db2a98b347112fe424b86ad94780d82e6,archive_then_delete,generation_checkpoint,生成或推理任务的断点 JSON。,当前任务均已结束；删除后不能从原断点续跑，只能重新运行。,object,9,,
data/qa/cross_pdf/hard_expansion/fulltext_title_v4_round2/checkpoints/hxf_0166.json,35753,9baff8d9b74ef4b7a10523c60e3b569f7fed1cf3017c83e95c47cfdcc75feb2e,archive_then_delete,generation_checkpoint,生成或推理任务的断点 JSON。,当前任务均已结束；删除后不能从原断点续跑，只能重新运行。,object,9,,
data/qa/cross_pdf/hard_expansion/fulltext_title_v4_round2/checkpoints/hxf_0168.json,20588,e776315e2819022c3e6b16b21c065f0b0957548debf858c121b93f32dc9894d4,archive_then_delete,generation_checkpoint,生成或推理任务的断点 JSON。,当前任务均已结束；删除后不能从原断点续跑，只能重新运行。,object,9,,
data/qa/cross_pdf/hard_expansion/fulltext_title_v4_round2/checkpoints/hxf_0170.json,21638,010efd43f5c7e8f68316f106c2460624769800842df73efccae54f5ac079d8dc,archive_then_delete,generation_checkpoint,生成或推理任务的断点 JSON。,当前任务均已结束；删除后不能从原断点续跑，只能重新运行。,object,9,,
data/qa/cross_pdf/hard_expansion/fulltext_title_v4_round2/checkpoints/hxf_0171.json,1590,7c7588482af1e5dab85010a2a1943fa5689642d9562c3ff864cd0bdb4613db51,archive_then_delete,generation_checkpoint,生成或推理任务的断点 JSON。,当前任务均已结束；删除后不能从原断点续跑，只能重新运行。,object,9,,
data/qa/cross_pdf/hard_expansion/fulltext_title_v4_round2/checkpoints/hxf_0172.json,1411,af4ae1352ca1dc01988664cb6b3bfd4d709652564a1e319ac312bc78cad8b4c6,archive_then_delete,generation_checkpoint,生成或推理任务的断点 JSON。,当前任务均已结束；删除后不能从原断点续跑，只能重新运行。,object,9,,
data/qa/cross_pdf/hard_expansion/fulltext_title_v4_round3/checkpoints/hxf_0001.json,25218,6e74472a297d354fb24396453f7dcc866a8cfa0e622bf4f5bd69dd7f627aa7ed,archive_then_delete,generation_checkpoint,生成或推理任务的断点 JSON。,当前任务均已结束；删除后不能从原断点续跑，只能重新运行。,object,9,,
data/qa/cross_pdf/hard_expansion/fulltext_title_v4_round3/checkpoints/hxf_0003.json,19826,beb93fcf6898822e086d68a98aaf47c1091af121ab92d7cf663f573be745c97e,archive_then_delete,generation_checkpoint,生成或推理任务的断点 JSON。,当前任务均已结束；删除后不能从原断点续跑，只能重新运行。,object,9,,
data/qa/cross_pdf/hard_expansion/fulltext_title_v4_round3/checkpoints/hxf_0004.json,17358,9dcdf2dafc00fa7571434b5946d4ca0c1a4794836918f8bf79cd49f91223c65b,archive_then_delete,generation_checkpoint,生成或推理任务的断点 JSON。,当前任务均已结束；删除后不能从原断点续跑，只能重新运行。,object,9,,
data/qa/cross_pdf/hard_expansion/fulltext_title_v4_round3/checkpoints/hxf_0005.json,38160,d36019ed081910655152ff54086fb938ee47fde118d83d52f8484da2385644fe,archive_then_delete,generation_checkpoint,生成或推理任务的断点 JSON。,当前任务均已结束；删除后不能从原断点续跑，只能重新运行。,object,9,,
data/qa/cross_pdf/hard_expansion/fulltext_title_v4_round3/checkpoints/hxf_0006.json,2928,48cf29a24e36a762190caf233ff9e59cb04d5555891a26f1f484ab77203ed2ec,archive_then_delete,generation_checkpoint,生成或推理任务的断点 JSON。,当前任务均已结束；删除后不能从原断点续跑，只能重新运行。,object,9,,
data/qa/cross_pdf/hard_expansion/fulltext_title_v4_round3/checkpoints/hxf_0007.json,30622,e39030ef7c0cb654eb303ce96d452607a6b3c44e35590bfc8f193d9fad379b4d,archive_then_delete,generation_checkpoint,生成或推理任务的断点 JSON。,当前任务均已结束；删除后不能从原断点续跑，只能重新运行。,object,9,,
data/qa/cross_pdf/hard_expansion/fulltext_title_v4_round3/checkpoints/hxf_0008.json,726,984c1dc3ae8b372825631f95643a61687db6923dbe490cb72c8dd52d89599d89,archive_then_delete,generation_checkpoint,生成或推理任务的断点 JSON。,当前任务均已结束；删除后不能从原断点续跑，只能重新运行。,object,9,,
data/qa/cross_pdf/hard_expansion/fulltext_title_v4_round3/checkpoints/hxf_0009.json,39084,44ef23ffc91688e1bc585009a226b943e4c6d9add9453893d62a4633a8eee6b5,archive_then_delete,generation_checkpoint,生成或推理任务的断点 JSON。,当前任务均已结束；删除后不能从原断点续跑，只能重新运行。,object,9,,
data/qa/cross_pdf/hard_expansion/fulltext_title_v4_round3/checkpoints/hxf_0010.json,27205,f26953ff0c83032e8eed0dad10226ccd366cf99f7f8c1bae0cd7ebcd766793d5,archive_then_delete,generation_checkpoint,生成或推理任务的断点 JSON。,当前任务均已结束；删除后不能从原断点续跑，只能重新运行。,object,9,,
data/qa/cross_pdf/hard_expansion/fulltext_title_v4_round3/checkpoints/hxf_0011.json,39071,b0446a80d65aa23613954c9dab29a8896496a6deb603fcf2e8c2fe3055ae9cbd,archive_then_delete,generation_checkpoint,生成或推理任务的断点 JSON。,当前任务均已结束；删除后不能从原断点续跑，只能重新运行。,object,9,,
data/qa/cross_pdf/hard_expansion/fulltext_title_v4_round3/checkpoints/hxf_0012.json,37313,0db081f5820cd5f60b5a4933a551911a230f00cdbad23358f5f1144d45971f5f,archive_then_delete,generation_checkpoint,生成或推理任务的断点 JSON。,当前任务均已结束；删除后不能从原断点续跑，只能重新运行。,object,9,,
data/qa/cross_pdf/hard_expansion/fulltext_title_v4_round3/checkpoints/hxf_0013.json,28915,adcb91cf7a12eb5c6ba65f187b74447857ed8f11f170e301a114d36a81f28c85,archive_then_delete,generation_checkpoint,生成或推理任务的断点 JSON。,当前任务均已结束；删除后不能从原断点续跑，只能重新运行。,object,9,,
data/qa/cross_pdf/hard_expansion/fulltext_title_v4_round3/checkpoints/hxf_0014.json,29483,8673919d070c4aa4fbdb7933924112b82c6bf072bf3d4e612c33bb77d6db5e3c,archive_then_delete,generation_checkpoint,生成或推理任务的断点 JSON。,当前任务均已结束；删除后不能从原断点续跑，只能重新运行。,object,9,,
data/qa/cross_pdf/hard_expansion/fulltext_title_v4_round3/checkpoints/hxf_0015.json,21799,4496c6ab08b2e9563d102a8d5551115a2ea3f5c874a33cbd2104e2d4ca947b20,archive_then_delete,generation_checkpoint,生成或推理任务的断点 JSON。,当前任务均已结束；删除后不能从原断点续跑，只能重新运行。,object,9,,
data/qa/cross_pdf/hard_expansion/fulltext_title_v4_round3/checkpoints/hxf_0016.json,32717,54633ff8abe5135e66193b1cdaaa57eb708d08d52fd88f1261dc72380ecd1119,archive_then_delete,generation_checkpoint,生成或推理任务的断点 JSON。,当前任务均已结束；删除后不能从原断点续跑，只能重新运行。,object,9,,
data/qa/cross_pdf/hard_expansion/fulltext_title_v4_round3/checkpoints/hxf_0017.json,38267,5159d0a0b2d84d912fae00e2b3144e2eac706d0a4c1919f64815c7b4d3f1b351,archive_then_delete,generation_checkpoint,生成或推理任务的断点 JSON。,当前任务均已结束；删除后不能从原断点续跑，只能重新运行。,object,9,,
data/qa/cross_pdf/hard_expansion/fulltext_title_v4_round3/checkpoints/hxf_0018.json,26741,4612ef52f342b554889434776e895d37a13578ac56c918f2a0b9a9d9a81352d2,archive_then_delete,generation_checkpoint,生成或推理任务的断点 JSON。,当前任务均已结束；删除后不能从原断点续跑，只能重新运行。,object,9,,
data/qa/cross_pdf/hard_expansion/fulltext_title_v4_round3/checkpoints/hxf_0019.json,21506,8ef317dbe356d1ee609886735cf499e0f50eaf207269d49920ae29b775b02e03,archive_then_delete,generation_checkpoint,生成或推理任务的断点 JSON。,当前任务均已结束；删除后不能从原断点续跑，只能重新运行。,object,9,,
data/qa/cross_pdf/hard_expansion/fulltext_title_v4_round3/checkpoints/hxf_0020.json,725,fca496bdbc0f9562a28130f941fc24a2a29c998c959e849462a87d3d199c5411,archive_then_delete,generation_checkpoint,生成或推理任务的断点 JSON。,当前任务均已结束；删除后不能从原断点续跑，只能重新运行。,object,9,,
data/qa/cross_pdf/hard_expansion/fulltext_title_v4_round3/checkpoints/hxf_0021.json,23470,6200b1570b29ff40180c82ead2d1b5d9d1336a41396366b8b27b3fbe16026d25,archive_then_delete,generation_checkpoint,生成或推理任务的断点 JSON。,当前任务均已结束；删除后不能从原断点续跑，只能重新运行。,object,9,,
data/qa/cross_pdf/hard_expansion/fulltext_title_v4_round3/checkpoints/hxf_0022.json,25876,d25b5d53ea8b046c474ef95a1b8c8e3b2ecb3ba79fcb6533fd1ba14929b84f7d,archive_then_delete,generation_checkpoint,生成或推理任务的断点 JSON。,当前任务均已结束；删除后不能从原断点续跑，只能重新运行。,object,9,,
data/qa/cross_pdf/hard_expansion/fulltext_title_v4_round3/checkpoints/hxf_0023.json,1645,8e08a02e59395d7d48369ad04de22a2e12ca5d91efd10b7bcef162549186b1f1,archive_then_delete,generation_checkpoint,生成或推理任务的断点 JSON。,当前任务均已结束；删除后不能从原断点续跑，只能重新运行。,object,9,,
data/qa/cross_pdf/hard_expansion/fulltext_title_v4_round3/checkpoints/hxf_0024.json,31941,48d30e3d17570bdfc8497eec34bbadb625b2edbdf0267788062a0cf1d6282b95,archive_then_delete,generation_checkpoint,生成或推理任务的断点 JSON。,当前任务均已结束；删除后不能从原断点续跑，只能重新运行。,object,9,,
data/qa/cross_pdf/hard_expansion/fulltext_title_v4_round3/checkpoints/hxf_0025.json,12185,17916ae20cb3970ce2e8d0e9986c41cbd4aa94d272adc90befe7eae39b2fce74,archive_then_delete,generation_checkpoint,生成或推理任务的断点 JSON。,当前任务均已结束；删除后不能从原断点续跑，只能重新运行。,object,9,,
data/qa/cross_pdf/hard_expansion/fulltext_title_v4_round3/checkpoints/hxf_0026.json,43232,75d808821fd3af5c2c3752a880d87aee4725ee5f12f000f8538db58082c9a7ab,archive_then_delete,generation_checkpoint,生成或推理任务的断点 JSON。,当前任务均已结束；删除后不能从原断点续跑，只能重新运行。,object,9,,
data/qa/cross_pdf/hard_expansion/fulltext_title_v4_round3/checkpoints/hxf_0027.json,28312,c90096c945b0b5de9814aa1edf3d8632f999425bf1d83f6ca6b91e53c8bcc260,archive_then_delete,generation_checkpoint,生成或推理任务的断点 JSON。,当前任务均已结束；删除后不能从原断点续跑，只能重新运行。,object,9,,
data/qa/cross_pdf/hard_expansion/fulltext_title_v4_round3/checkpoints/hxf_0028.json,19576,debdfe27b463416cb9a21df3598fe739460c2187fe070fcac446844a5ea5931c,archive_then_delete,generation_checkpoint,生成或推理任务的断点 JSON。,当前任务均已结束；删除后不能从原断点续跑，只能重新运行。,object,9,,
data/qa/cross_pdf/hard_expansion/fulltext_title_v4_round3/checkpoints/hxf_0029.json,725,758a8b7343ac4a825171c8f2b0de44e4169f004d85bdb1528fe2e376bfe194d4,archive_then_delete,generation_checkpoint,生成或推理任务的断点 JSON。,当前任务均已结束；删除后不能从原断点续跑，只能重新运行。,object,9,,
data/qa/cross_pdf/hard_expansion/fulltext_title_v4_round3/checkpoints/hxf_0030.json,3434,f4b236283ccfe087ecfce60a7949117d3ed9fc2c76e1ffbd73b60012d9619ec9,archive_then_delete,generation_checkpoint,生成或推理任务的断点 JSON。,当前任务均已结束；删除后不能从原断点续跑，只能重新运行。,object,9,,
data/qa/cross_pdf/hard_expansion/fulltext_title_v4_round3/checkpoints/hxf_0031.json,27587,d0cef2ef4fdfff1814fffcdeb04c638b7561286d2112262abda6a5c653f9224b,archive_then_delete,generation_checkpoint,生成或推理任务的断点 JSON。,当前任务均已结束；删除后不能从原断点续跑，只能重新运行。,object,9,,
data/qa/cross_pdf/hard_expansion/fulltext_title_v4_round3/checkpoints/hxf_0032.json,1489,02a9d06b0b5a0f3ba8032cd804a3537399d179640cd0d68010efd37b8c185e73,archive_then_delete,generation_checkpoint,生成或推理任务的断点 JSON。,当前任务均已结束；删除后不能从原断点续跑，只能重新运行。,object,9,,
data/qa/cross_pdf/hard_expansion/fulltext_title_v4_round3/checkpoints/hxf_0033.json,25664,f04c62b519034470c09b36af4bbae68f5be99567313099b39bf8441912ab8ef6,archive_then_delete,generation_checkpoint,生成或推理任务的断点 JSON。,当前任务均已结束；删除后不能从原断点续跑，只能重新运行。,object,9,,
data/qa/cross_pdf/hard_expansion/fulltext_title_v4_round3/checkpoints/hxf_0034.json,3190,e31aaaf301ef65668f4494d51cf985008eb01db60675ce0880f1c98c72f5ea8f,archive_then_delete,generation_checkpoint,生成或推理任务的断点 JSON。,当前任务均已结束；删除后不能从原断点续跑，只能重新运行。,object,9,,
data/qa/cross_pdf/hard_expansion/fulltext_title_v4_round3/checkpoints/hxf_0035.json,17055,8b581ad6d585fd4efc7a472a31d0b9bcd40abc6f9e3f2d2be03df01ac7aae5a4,archive_then_delete,generation_checkpoint,生成或推理任务的断点 JSON。,当前任务均已结束；删除后不能从原断点续跑，只能重新运行。,object,9,,
data/qa/cross_pdf/hard_expansion/fulltext_title_v4_round3/checkpoints/hxf_0036.json,2923,999591aecd1bd3f376d37db877247ee2eef246db350c85aed48c6b289e028e66,archive_then_delete,generation_checkpoint,生成或推理任务的断点 JSON。,当前任务均已结束；删除后不能从原断点续跑，只能重新运行。,object,9,,
data/qa/cross_pdf/hard_expansion/fulltext_title_v4_round3/checkpoints/hxf_0037.json,726,0b86397c7d9ff60c37eeb821d2bd3852b4f8d8df8ab56e944e5f4d038dba4174,archive_then_delete,generation_checkpoint,生成或推理任务的断点 JSON。,当前任务均已结束；删除后不能从原断点续跑，只能重新运行。,object,9,,
data/qa/cross_pdf/hard_expansion/fulltext_title_v4_round3/checkpoints/hxf_0039.json,24934,5361c657e6878d6317d751437f3023a79953b8d5d36940042ac8b49e2b43bde8,archive_then_delete,generation_checkpoint,生成或推理任务的断点 JSON。,当前任务均已结束；删除后不能从原断点续跑，只能重新运行。,object,9,,
data/qa/cross_pdf/hard_expansion/fulltext_title_v4_round3/checkpoints/hxf_0040.json,1706,587b7d2a180cfe7f7a4f0433f57620175412212779324d278bce368378693281,archive_then_delete,generation_checkpoint,生成或推理任务的断点 JSON。,当前任务均已结束；删除后不能从原断点续跑，只能重新运行。,object,9,,
data/qa/cross_pdf/hard_expansion/fulltext_title_v4_round3/checkpoints/hxf_0041.json,24888,7ed2736db8bf1c2e01dfa881f6c07322232312068fda136dd83367f67fe50435,archive_then_delete,generation_checkpoint,生成或推理任务的断点 JSON。,当前任务均已结束；删除后不能从原断点续跑，只能重新运行。,object,9,,
data/qa/cross_pdf/hard_expansion/fulltext_title_v4_round3/checkpoints/hxf_0042.json,1800,bdafe5d3683636780c7e36aa8bb9606ced3f69dd325a909c30ae259d18e89ba2,archive_then_delete,generation_checkpoint,生成或推理任务的断点 JSON。,当前任务均已结束；删除后不能从原断点续跑，只能重新运行。,object,9,,
data/qa/cross_pdf/hard_expansion/fulltext_title_v4_round3/checkpoints/hxf_0043.json,27801,c5777d5a36b3f526b46cf0c1428c147f447e408cd71e6f1847b50d4266d68aa5,archive_then_delete,generation_checkpoint,生成或推理任务的断点 JSON。,当前任务均已结束；删除后不能从原断点续跑，只能重新运行。,object,9,,
data/qa/cross_pdf/hard_expansion/fulltext_title_v4_round3/checkpoints/hxf_0044.json,1943,c662220cff5b2059beff42cd92afee22389ee9c4d4fa9e3f39242ffe08366b7b,archive_then_delete,generation_checkpoint,生成或推理任务的断点 JSON。,当前任务均已结束；删除后不能从原断点续跑，只能重新运行。,object,9,,
data/qa/cross_pdf/hard_expansion/fulltext_title_v4_round3/checkpoints/hxf_0045.json,26336,bfa0838ebe724041c76d1a4e7a97432bf7b6d17ee17f12e88a47e44c1fc1352c,archive_then_delete,generation_checkpoint,生成或推理任务的断点 JSON。,当前任务均已结束；删除后不能从原断点续跑，只能重新运行。,object,9,,
data/qa/cross_pdf/hard_expansion/fulltext_title_v4_round3/checkpoints/hxf_0046.json,47111,c67d450dc9efb3c28765548d5f3f980484df628542422468466f93e4284faf78,archive_then_delete,generation_checkpoint,生成或推理任务的断点 JSON。,当前任务均已结束；删除后不能从原断点续跑，只能重新运行。,object,9,,
data/qa/cross_pdf/hard_expansion/fulltext_title_v4_round3/checkpoints/hxf_0047.json,19437,192d073d74dc9e7d29714bcec70bbadc8b8f620d285afe6839a2177805067c14,archive_then_delete,generation_checkpoint,生成或推理任务的断点 JSON。,当前任务均已结束；删除后不能从原断点续跑，只能重新运行。,object,9,,
data/qa/cross_pdf/hard_expansion/fulltext_title_v4_round3/checkpoints/hxf_0048.json,32202,62b8d9f1e201cce5af3802d06332b0a74c43c3320d3b0094394620da953dd72b,archive_then_delete,generation_checkpoint,生成或推理任务的断点 JSON。,当前任务均已结束；删除后不能从原断点续跑，只能重新运行。,object,9,,
data/qa/cross_pdf/hard_expansion/fulltext_title_v4_round3/checkpoints/hxf_0049.json,33545,ce87f4eab4ea4366fcb351d9513404da764643cbb2967f74676c1ddf043ef3e0,archive_then_delete,generation_checkpoint,生成或推理任务的断点 JSON。,当前任务均已结束；删除后不能从原断点续跑，只能重新运行。,object,9,,
data/qa/cross_pdf/hard_expansion/fulltext_title_v4_round3/checkpoints/hxf_0051.json,29716,e83a38380f1f001903150089d9f1019ab61fac63521c232aebf1de55512bae6b,archive_then_delete,generation_checkpoint,生成或推理任务的断点 JSON。,当前任务均已结束；删除后不能从原断点续跑，只能重新运行。,object,9,,
data/qa/cross_pdf/hard_expansion/fulltext_title_v4_round3/checkpoints/hxf_0052.json,35697,32743ce3cefadfa92791fcf33b683e4d58eb87f8c23b1e01b85ca2090c117d64,archive_then_delete,generation_checkpoint,生成或推理任务的断点 JSON。,当前任务均已结束；删除后不能从原断点续跑，只能重新运行。,object,9,,
data/qa/cross_pdf/hard_expansion/fulltext_title_v4_round3/checkpoints/hxf_0053.json,21123,2a15d71dd344f4811121bd65cac21c2b810676c1d0d16f3c3c747e9bab882b01,archive_then_delete,generation_checkpoint,生成或推理任务的断点 JSON。,当前任务均已结束；删除后不能从原断点续跑，只能重新运行。,object,9,,
data/qa/cross_pdf/hard_expansion/fulltext_title_v4_round3/checkpoints/hxf_0054.json,17478,65df582b1008b981d9c87dee9d3388339c08d91f3deaf42ae173b0af6969a6ce,archive_then_delete,generation_checkpoint,生成或推理任务的断点 JSON。,当前任务均已结束；删除后不能从原断点续跑，只能重新运行。,object,9,,
data/qa/cross_pdf/hard_expansion/fulltext_title_v4_round3/checkpoints/hxf_0055.json,27653,bdce89744b7000729ef61f30445bf6a727a93066f3a0201fd4db1288b9ecbf05,archive_then_delete,generation_checkpoint,生成或推理任务的断点 JSON。,当前任务均已结束；删除后不能从原断点续跑，只能重新运行。,object,9,,
data/qa/cross_pdf/hard_expansion/fulltext_title_v4_round3/checkpoints/hxf_0056.json,25009,857cc8ab0ccd1324c8b733b0f5fef5072c0b066cab35c820bef7175c3d23e1f4,archive_then_delete,generation_checkpoint,生成或推理任务的断点 JSON。,当前任务均已结束；删除后不能从原断点续跑，只能重新运行。,object,9,,
data/qa/cross_pdf/hard_expansion/fulltext_title_v4_round3/checkpoints/hxf_0057.json,25938,2b74a37050977ee86e635fa5abbc16042deee64f0bbadfebe046d7da9c65b44e,archive_then_delete,generation_checkpoint,生成或推理任务的断点 JSON。,当前任务均已结束；删除后不能从原断点续跑，只能重新运行。,object,9,,
data/qa/cross_pdf/hard_expansion/fulltext_title_v4_round3/checkpoints/hxf_0058.json,23034,ce81bf88616b72b618e55889fec7f114573beada4de628bfdb4cefa7d8fabde3,archive_then_delete,generation_checkpoint,生成或推理任务的断点 JSON。,当前任务均已结束；删除后不能从原断点续跑，只能重新运行。,object,9,,
data/qa/cross_pdf/hard_expansion/fulltext_title_v4_round3/checkpoints/hxf_0059.json,34004,104c9fe72f77dfb464487e4c464293128abf6f2913775db253616ea73a844adc,archive_then_delete,generation_checkpoint,生成或推理任务的断点 JSON。,当前任务均已结束；删除后不能从原断点续跑，只能重新运行。,object,9,,
data/qa/cross_pdf/hard_expansion/fulltext_title_v4_round3/checkpoints/hxf_0061.json,35127,2b745d789dc114c423dd7aa8c80394133c79c703dfc117acf4378b91251f6c68,archive_then_delete,generation_checkpoint,生成或推理任务的断点 JSON。,当前任务均已结束；删除后不能从原断点续跑，只能重新运行。,object,9,,
data/qa/cross_pdf/hard_expansion/fulltext_title_v4_round3/checkpoints/hxf_0062.json,16734,209266baa95f7c24cdea46adb773ae79b666d8f7e3209f4a280345977c9c5ec4,archive_then_delete,generation_checkpoint,生成或推理任务的断点 JSON。,当前任务均已结束；删除后不能从原断点续跑，只能重新运行。,object,9,,
data/qa/cross_pdf/hard_expansion/fulltext_title_v4_round3/checkpoints/hxf_0063.json,37586,a9cb555ade7729f6f4c3fdb4256b9446e1ed16769a0b455df3b76e9f80387306,archive_then_delete,generation_checkpoint,生成或推理任务的断点 JSON。,当前任务均已结束；删除后不能从原断点续跑，只能重新运行。,object,9,,
data/qa/cross_pdf/hard_expansion/fulltext_title_v4_round3/checkpoints/hxf_0064.json,27694,011c009c2b080cc6ac58768b2512b4a120f2fa32c9096522ebb66449de766979,archive_then_delete,generation_checkpoint,生成或推理任务的断点 JSON。,当前任务均已结束；删除后不能从原断点续跑，只能重新运行。,object,9,,
data/qa/cross_pdf/hard_expansion/fulltext_title_v4_round3/checkpoints/hxf_0065.json,40865,3b164b933e6aa8537f4f7b2fa0fe00f6d0d5de334ca98a3fc3a853d5ac2dd263,archive_then_delete,generation_checkpoint,生成或推理任务的断点 JSON。,当前任务均已结束；删除后不能从原断点续跑，只能重新运行。,object,9,,
data/qa/cross_pdf/hard_expansion/fulltext_title_v4_round3/checkpoints/hxf_0066.json,725,d9d759393153e96909e6a549297fe83cb307b2b197ee075af5976c22e57d2513,archive_then_delete,generation_checkpoint,生成或推理任务的断点 JSON。,当前任务均已结束；删除后不能从原断点续跑，只能重新运行。,object,9,,
data/qa/cross_pdf/hard_expansion/fulltext_title_v4_round3/checkpoints/hxf_0067.json,1948,f38b3d7f21089fc7d841c10a2043c1f514ae6648277fcd5af50b21f10459dab7,archive_then_delete,generation_checkpoint,生成或推理任务的断点 JSON。,当前任务均已结束；删除后不能从原断点续跑，只能重新运行。,object,9,,
data/qa/cross_pdf/hard_expansion/fulltext_title_v4_round3/checkpoints/hxf_0068.json,25659,6d99efa822a5c97714d359f2f9ef83b4342e6efc0723e666ead133f8ceceac3e,archive_then_delete,generation_checkpoint,生成或推理任务的断点 JSON。,当前任务均已结束；删除后不能从原断点续跑，只能重新运行。,object,9,,
data/qa/cross_pdf/hard_expansion/fulltext_title_v4_round3/checkpoints/hxf_0069.json,3445,e245005dfcda75cc6b181591956846322cd38f447bdcd6b5ecf2fd6d0a24ddeb,archive_then_delete,generation_checkpoint,生成或推理任务的断点 JSON。,当前任务均已结束；删除后不能从原断点续跑，只能重新运行。,object,9,,
data/qa/cross_pdf/hard_expansion/fulltext_title_v4_round3/checkpoints/hxf_0070.json,28195,e913baf7bec34956c7faa732fb1f92ffda735dfa71adb0cf7db32690204c84e7,archive_then_delete,generation_checkpoint,生成或推理任务的断点 JSON。,当前任务均已结束；删除后不能从原断点续跑，只能重新运行。,object,9,,
data/qa/cross_pdf/hard_expansion/fulltext_title_v4_round3/checkpoints/hxf_0071.json,1411,ad7fddcc02cdcf2eb4aa16041d20aaa4bf80374f8a5531b91a6ed76203bb42a9,archive_then_delete,generation_checkpoint,生成或推理任务的断点 JSON。,当前任务均已结束；删除后不能从原断点续跑，只能重新运行。,object,9,,
data/qa/cross_pdf/hard_expansion/fulltext_title_v4_round3/checkpoints/hxf_0072.json,36332,4afabd955fe6211bbb5fdb6dbaea4fa9dd7305ad26b46378fbfcd88b1b0e70a0,archive_then_delete,generation_checkpoint,生成或推理任务的断点 JSON。,当前任务均已结束；删除后不能从原断点续跑，只能重新运行。,object,9,,
data/qa/cross_pdf/hard_expansion/fulltext_title_v4_round3/checkpoints/hxf_0073.json,25187,1e6549e9864a5347c1b5887f4d747b8733ab5083387a5623eeb5207522422f16,archive_then_delete,generation_checkpoint,生成或推理任务的断点 JSON。,当前任务均已结束；删除后不能从原断点续跑，只能重新运行。,object,9,,
data/qa/cross_pdf/hard_expansion/fulltext_title_v4_round3/checkpoints/hxf_0074.json,39846,90f9f1f8c4c162af83c6a90a35f5db5403324d45e9e0fc3721cfb154ef61a5e9,archive_then_delete,generation_checkpoint,生成或推理任务的断点 JSON。,当前任务均已结束；删除后不能从原断点续跑，只能重新运行。,object,9,,
data/qa/cross_pdf/hard_expansion/fulltext_title_v4_round3/checkpoints/hxf_0075.json,12350,2e9e1017127d641eeeff81efd2cbf98ac1bb70e5e45f203eb6275350e4aa6273,archive_then_delete,generation_checkpoint,生成或推理任务的断点 JSON。,当前任务均已结束；删除后不能从原断点续跑，只能重新运行。,object,9,,
data/qa/cross_pdf/hard_expansion/fulltext_title_v4_round3/checkpoints/hxf_0076.json,1997,be790ce25417adc4b60f1a587cc0404cbc01ddfe43b0869f661225e42d754144,archive_then_delete,generation_checkpoint,生成或推理任务的断点 JSON。,当前任务均已结束；删除后不能从原断点续跑，只能重新运行。,object,9,,
data/qa/cross_pdf/hard_expansion/fulltext_title_v4_round3/checkpoints/hxf_0077.json,20241,d0c15c6002a88e62bbf74b2c8ca0e0606a11c64cb1d5fa376659d53233c7429e,archive_then_delete,generation_checkpoint,生成或推理任务的断点 JSON。,当前任务均已结束；删除后不能从原断点续跑，只能重新运行。,object,9,,
data/qa/cross_pdf/hard_expansion/fulltext_title_v4_round3/checkpoints/hxf_0078.json,4205,a475b893988016d7ae49d90d7848790d7fa436d97756d9495e5f4fd6962b9870,archive_then_delete,generation_checkpoint,生成或推理任务的断点 JSON。,当前任务均已结束；删除后不能从原断点续跑，只能重新运行。,object,9,,
data/qa/cross_pdf/hard_expansion/fulltext_title_v4_round3/checkpoints/hxf_0079.json,22070,87f6a047644ca64f23cdc03e0244ed8ce82e06b9ee0be9ffd237102de3c64f76,archive_then_delete,generation_checkpoint,生成或推理任务的断点 JSON。,当前任务均已结束；删除后不能从原断点续跑，只能重新运行。,object,9,,
data/qa/cross_pdf/hard_expansion/fulltext_title_v4_round3/checkpoints/hxf_0080.json,1717,893aa8ffc7700e708eccea362be4f79dedac9baf5a080ace55f7d9ac2152a18d,archive_then_delete,generation_checkpoint,生成或推理任务的断点 JSON。,当前任务均已结束；删除后不能从原断点续跑，只能重新运行。,object,9,,
data/qa/cross_pdf/hard_expansion/fulltext_title_v4_round3/checkpoints/hxf_0082.json,30477,f3bd25d15fdb6fd05daf1a1b016d32073a9280f7a707a98e35040a0ebfd4881a,archive_then_delete,generation_checkpoint,生成或推理任务的断点 JSON。,当前任务均已结束；删除后不能从原断点续跑，只能重新运行。,object,9,,
data/qa/cross_pdf/hard_expansion/fulltext_title_v4_round3/checkpoints/hxf_0083.json,40150,4ac80ac69e5a7225adee36add335fb3043dab42578d17af0f56ecd622bd9aa69,archive_then_delete,generation_checkpoint,生成或推理任务的断点 JSON。,当前任务均已结束；删除后不能从原断点续跑，只能重新运行。,object,9,,
data/qa/cross_pdf/hard_expansion/fulltext_title_v4_round3/checkpoints/hxf_0084.json,12283,3b2153b0dd95f3394860d35fe8f17283029f8d7ea3ebc281508d0becf8dcef70,archive_then_delete,generation_checkpoint,生成或推理任务的断点 JSON。,当前任务均已结束；删除后不能从原断点续跑，只能重新运行。,object,9,,
data/qa/cross_pdf/hard_expansion/fulltext_title_v4_round3/checkpoints/hxf_0085.json,2540,235f57df1927db029af711bfe971e118d1fdb21d6f17c761d4960401f3331197,archive_then_delete,generation_checkpoint,生成或推理任务的断点 JSON。,当前任务均已结束；删除后不能从原断点续跑，只能重新运行。,object,9,,
data/qa/cross_pdf/hard_expansion/fulltext_title_v4_round3/checkpoints/hxf_0086.json,727,2d2938c82df9b71537fafc7b72198470a749581e6abd81756916db19589a82ee,archive_then_delete,generation_checkpoint,生成或推理任务的断点 JSON。,当前任务均已结束；删除后不能从原断点续跑，只能重新运行。,object,9,,
data/qa/cross_pdf/hard_expansion/fulltext_title_v4_round3/checkpoints/hxf_0087.json,725,1c7196911a954e94cc913080be66e35359ada749e76171697cc628873d5a1e86,archive_then_delete,generation_checkpoint,生成或推理任务的断点 JSON。,当前任务均已结束；删除后不能从原断点续跑，只能重新运行。,object,9,,
data/qa/cross_pdf/hard_expansion/fulltext_title_v4_round3/checkpoints/hxf_0090.json,1201,a45440d38fc6253dd63b7ad9982d9a26c92062c17097b193f193c13088012baa,archive_then_delete,generation_checkpoint,生成或推理任务的断点 JSON。,当前任务均已结束；删除后不能从原断点续跑，只能重新运行。,object,9,,
data/qa/cross_pdf/hard_expansion/fulltext_title_v4_round3/checkpoints/hxf_0091.json,22195,0a7169021617afc050923ec24d227b25271a351dbceec182967d99b7047da5c4,archive_then_delete,generation_checkpoint,生成或推理任务的断点 JSON。,当前任务均已结束；删除后不能从原断点续跑，只能重新运行。,object,9,,
data/qa/cross_pdf/hard_expansion/fulltext_title_v4_round3/checkpoints/hxf_0092.json,21332,d45bd4f18a5c25179e667c37e3de0fd6009192493e3a55de59b326a495dbf4d3,archive_then_delete,generation_checkpoint,生成或推理任务的断点 JSON。,当前任务均已结束；删除后不能从原断点续跑，只能重新运行。,object,9,,
data/qa/cross_pdf/hard_expansion/fulltext_title_v4_round3/checkpoints/hxf_0093.json,45329,bd4b2e8c5ffbb35b81b6bde61c58031b9f15a8d11138bf15859f553c8030e30f,archive_then_delete,generation_checkpoint,生成或推理任务的断点 JSON。,当前任务均已结束；删除后不能从原断点续跑，只能重新运行。,object,9,,
data/qa/cross_pdf/hard_expansion/fulltext_title_v4_round3/checkpoints/hxf_0094.json,17853,010fefd751a7fc5efc28df77bee55e9308a7107f71d22333987f84f26d3e288d,archive_then_delete,generation_checkpoint,生成或推理任务的断点 JSON。,当前任务均已结束；删除后不能从原断点续跑，只能重新运行。,object,9,,
data/qa/cross_pdf/hard_expansion/fulltext_title_v4_round3/checkpoints/hxf_0095.json,24460,87f5919a9dad7fa4cd21c3b6053fe1de551451664f6e99bdd9ea80e6b9d85514,archive_then_delete,generation_checkpoint,生成或推理任务的断点 JSON。,当前任务均已结束；删除后不能从原断点续跑，只能重新运行。,object,9,,
data/qa/cross_pdf/hard_expansion/fulltext_title_v4_round3/checkpoints/hxf_0096.json,25133,034e3aecfd31c868437b052c150c3903224b5666fe26331b2fea066bd65e88b5,archive_then_delete,generation_checkpoint,生成或推理任务的断点 JSON。,当前任务均已结束；删除后不能从原断点续跑，只能重新运行。,object,9,,
data/qa/cross_pdf/hard_expansion/fulltext_title_v4_round3/checkpoints/hxf_0097.json,26051,1ab77c33038faf648f673cda2b51165c5e8dc51281c8df84f4e3dbf8d51738cf,archive_then_delete,generation_checkpoint,生成或推理任务的断点 JSON。,当前任务均已结束；删除后不能从原断点续跑，只能重新运行。,object,9,,
data/qa/cross_pdf/hard_expansion/fulltext_title_v4_round3/checkpoints/hxf_0098.json,22122,463e7cb853a054d4582c0070fa5d9eb907c7c50c23e0cf6d64e018f4c32cc28e,archive_then_delete,generation_checkpoint,生成或推理任务的断点 JSON。,当前任务均已结束；删除后不能从原断点续跑，只能重新运行。,object,9,,
data/qa/cross_pdf/hard_expansion/fulltext_title_v4_round3/checkpoints/hxf_0099.json,18465,f698ee112d3f24b919ff167058035abc6e0f9e906dd9fb1bba1234758f12889e,archive_then_delete,generation_checkpoint,生成或推理任务的断点 JSON。,当前任务均已结束；删除后不能从原断点续跑，只能重新运行。,object,9,,
data/qa/cross_pdf/hard_expansion/fulltext_title_v4_round3/checkpoints/hxf_0100.json,20947,604edce218988564f6d6442ba6a608612deef8415d46d737b527157c42e8a9c1,archive_then_delete,generation_checkpoint,生成或推理任务的断点 JSON。,当前任务均已结束；删除后不能从原断点续跑，只能重新运行。,object,9,,
data/qa/cross_pdf/hard_expansion/fulltext_title_v4_round3/checkpoints/hxf_0101.json,9088,be55ca3c5d34c1e1a17974fab25973006f8c405710b1b9aba8ac2cb810ae5bbc,archive_then_delete,generation_checkpoint,生成或推理任务的断点 JSON。,当前任务均已结束；删除后不能从原断点续跑，只能重新运行。,object,9,,
data/qa/cross_pdf/hard_expansion/fulltext_title_v4_round3/checkpoints/hxf_0102.json,19899,a939584ba2aeea01d2ea66298e65021aab492d790f9749284785ec00e4b4b9a7,archive_then_delete,generation_checkpoint,生成或推理任务的断点 JSON。,当前任务均已结束；删除后不能从原断点续跑，只能重新运行。,object,9,,
data/qa/cross_pdf/hard_expansion/fulltext_title_v4_round3/checkpoints/hxf_0103.json,27006,e999ed04f6451f340c22778fa0cf68286f618e89f9179377197af090bd0b3839,archive_then_delete,generation_checkpoint,生成或推理任务的断点 JSON。,当前任务均已结束；删除后不能从原断点续跑，只能重新运行。,object,9,,
data/qa/cross_pdf/hard_expansion/fulltext_title_v4_round3/checkpoints/hxf_0104.json,4565,e88a9ef23802bd5447ec4b9af30465bab217ace881b627cbe1df3747e7ac201e,archive_then_delete,generation_checkpoint,生成或推理任务的断点 JSON。,当前任务均已结束；删除后不能从原断点续跑，只能重新运行。,object,9,,
data/qa/cross_pdf/hard_expansion/fulltext_title_v4_round3/checkpoints/hxf_0105.json,1412,47986b712b995e4fb2f03b0dc3b76b7096d22366b095e3cab37e6e2e42c557ca,archive_then_delete,generation_checkpoint,生成或推理任务的断点 JSON。,当前任务均已结束；删除后不能从原断点续跑，只能重新运行。,object,9,,
data/qa/cross_pdf/hard_expansion/fulltext_title_v4_round3/checkpoints/hxf_0106.json,10919,733d7c5c830ee327f34774f2f26b07283e29c661cecd792e5c67d1b54a43df5c,archive_then_delete,generation_checkpoint,生成或推理任务的断点 JSON。,当前任务均已结束；删除后不能从原断点续跑，只能重新运行。,object,9,,
data/qa/cross_pdf/hard_expansion/fulltext_title_v4_round3/checkpoints/hxf_0107.json,30984,64d64eb58fbf200607c53f2d5f29cdde8865d08b60a61047d91b53c4eb725691,archive_then_delete,generation_checkpoint,生成或推理任务的断点 JSON。,当前任务均已结束；删除后不能从原断点续跑，只能重新运行。,object,9,,
data/qa/cross_pdf/hard_expansion/fulltext_title_v4_round3/checkpoints/hxf_0108.json,22052,c69faa9225e2cb0f1c3f5255c72d25e7cffa790c8e235305adcfe57fc9e0c66c,archive_then_delete,generation_checkpoint,生成或推理任务的断点 JSON。,当前任务均已结束；删除后不能从原断点续跑，只能重新运行。,object,9,,
data/qa/cross_pdf/hard_expansion/fulltext_title_v4_round3/checkpoints/hxf_0109.json,24196,f003118270542101081058e02461f7f49933d073b245fc50762cb343e4744cbf,archive_then_delete,generation_checkpoint,生成或推理任务的断点 JSON。,当前任务均已结束；删除后不能从原断点续跑，只能重新运行。,object,9,,
data/qa/cross_pdf/hard_expansion/fulltext_title_v4_round3/checkpoints/hxf_0110.json,34626,1bd96defb376c7e1665e73b5c41f3c616a595889f7defd2c6de3b356b0bba636,archive_then_delete,generation_checkpoint,生成或推理任务的断点 JSON。,当前任务均已结束；删除后不能从原断点续跑，只能重新运行。,object,9,,
data/qa/cross_pdf/hard_expansion/fulltext_title_v4_round3/checkpoints/hxf_0112.json,16149,22710723dadde9fff63bd47348d8bb6b1f4131553f4d958cfca9a7f6244b1eee,archive_then_delete,generation_checkpoint,生成或推理任务的断点 JSON。,当前任务均已结束；删除后不能从原断点续跑，只能重新运行。,object,9,,
data/qa/cross_pdf/hard_expansion/fulltext_title_v4_round3/checkpoints/hxf_0113.json,33765,b90ab80ac33ae2e94b09a46b70a907b20ba715b82c37343b5988f63bd14e704c,archive_then_delete,generation_checkpoint,生成或推理任务的断点 JSON。,当前任务均已结束；删除后不能从原断点续跑，只能重新运行。,object,9,,
data/qa/cross_pdf/hard_expansion/fulltext_title_v4_round3/checkpoints/hxf_0114.json,17587,b203726df71b990ddfc842eba1cfdd03052eb33b461fb257dc78b3f47dfa0c29,archive_then_delete,generation_checkpoint,生成或推理任务的断点 JSON。,当前任务均已结束；删除后不能从原断点续跑，只能重新运行。,object,9,,
data/qa/cross_pdf/hard_expansion/fulltext_title_v4_round3/checkpoints/hxf_0115.json,1694,925170976c50ad7d31a072e98fb1e77ac4dc29fe8edf94e98bbb7fb72c25af5b,archive_then_delete,generation_checkpoint,生成或推理任务的断点 JSON。,当前任务均已结束；删除后不能从原断点续跑，只能重新运行。,object,9,,
data/qa/cross_pdf/hard_expansion/fulltext_title_v4_round3/checkpoints/hxf_0116.json,40219,69dac0092499d4372477676e1b9113c606e8d9da0eb674cc3b84a39bdc2c8b99,archive_then_delete,generation_checkpoint,生成或推理任务的断点 JSON。,当前任务均已结束；删除后不能从原断点续跑，只能重新运行。,object,9,,
data/qa/cross_pdf/hard_expansion/fulltext_title_v4_round3/checkpoints/hxf_0117.json,1455,c6ab06be8385ca31bbdb564931cec5ad21d862e09206e8eaf825b814c01f7baa,archive_then_delete,generation_checkpoint,生成或推理任务的断点 JSON。,当前任务均已结束；删除后不能从原断点续跑，只能重新运行。,object,9,,
data/qa/cross_pdf/hard_expansion/fulltext_title_v4_round3/checkpoints/hxf_0118.json,2203,c0000eb21e88fd6e9aabd41a1da73a9de81806cd863beba13c7f1d7ea7d1a0e5,archive_then_delete,generation_checkpoint,生成或推理任务的断点 JSON。,当前任务均已结束；删除后不能从原断点续跑，只能重新运行。,object,9,,
data/qa/cross_pdf/hard_expansion/fulltext_title_v4_round3/checkpoints/hxf_0119.json,38658,79252bb2fa8d19d0e7564182bd4ef8321ab22d7758835c12c33fe6395b4a44ac,archive_then_delete,generation_checkpoint,生成或推理任务的断点 JSON。,当前任务均已结束；删除后不能从原断点续跑，只能重新运行。,object,9,,
data/qa/cross_pdf/hard_expansion/fulltext_title_v4_round3/checkpoints/hxf_0120.json,23165,225915f3047f4b419de2042f82f41e232c51edc84b2d34d283f55f66bfe90fbe,archive_then_delete,generation_checkpoint,生成或推理任务的断点 JSON。,当前任务均已结束；删除后不能从原断点续跑，只能重新运行。,object,9,,
data/qa/cross_pdf/hard_expansion/fulltext_title_v4_round3/checkpoints/hxf_0121.json,43038,04a9aa92dbbbd8a1265e6658eb93533f5e3593b81c3ea7224b338cf8e5630225,archive_then_delete,generation_checkpoint,生成或推理任务的断点 JSON。,当前任务均已结束；删除后不能从原断点续跑，只能重新运行。,object,9,,
data/qa/cross_pdf/hard_expansion/fulltext_title_v4_round3/checkpoints/hxf_0122.json,2682,0dd2d276ab5a28040079eb2eddb29f7eb1f4622c5e3e3b0d089327ce1e5c4844,archive_then_delete,generation_checkpoint,生成或推理任务的断点 JSON。,当前任务均已结束；删除后不能从原断点续跑，只能重新运行。,object,9,,
data/qa/cross_pdf/hard_expansion/fulltext_title_v4_round3/checkpoints/hxf_0123.json,1336,854b68adee8bf7806c33e2b74973f12e0eb00d6645ae31a1eb5d64f35464d07b,archive_then_delete,generation_checkpoint,生成或推理任务的断点 JSON。,当前任务均已结束；删除后不能从原断点续跑，只能重新运行。,object,9,,
data/qa/cross_pdf/hard_expansion/fulltext_title_v4_round3/checkpoints/hxf_0124.json,17593,b523a6e9ac709c8a1f1a96fc124bcabacc22123b40e637bcc05ad55fccbba9d9,archive_then_delete,generation_checkpoint,生成或推理任务的断点 JSON。,当前任务均已结束；删除后不能从原断点续跑，只能重新运行。,object,9,,
data/qa/cross_pdf/hard_expansion/fulltext_title_v4_round3/checkpoints/hxf_0125.json,35901,33720c0e643d9997eaf0f508ae9e094aba0c4c0ce1705c8677ea02374f71ba9a,archive_then_delete,generation_checkpoint,生成或推理任务的断点 JSON。,当前任务均已结束；删除后不能从原断点续跑，只能重新运行。,object,9,,
data/qa/cross_pdf/hard_expansion/fulltext_title_v4_round3/checkpoints/hxf_0126.json,41723,0bb6185483ed9994a1fb6b5e3d027a54bd536015abd60513b87a228e48420be5,archive_then_delete,generation_checkpoint,生成或推理任务的断点 JSON。,当前任务均已结束；删除后不能从原断点续跑，只能重新运行。,object,9,,
data/qa/cross_pdf/hard_expansion/fulltext_title_v4_round3/checkpoints/hxf_0127.json,3258,d752433c2d0a9dc14a0bb051c2208098edc9a7a5887197e1111ca398ab361474,archive_then_delete,generation_checkpoint,生成或推理任务的断点 JSON。,当前任务均已结束；删除后不能从原断点续跑，只能重新运行。,object,9,,
data/qa/cross_pdf/hard_expansion/fulltext_title_v4_round3/checkpoints/hxf_0128.json,31310,e599dbd426139e7a99b72917106d099d6b065d0c8d8556ae14d4206334111676,archive_then_delete,generation_checkpoint,生成或推理任务的断点 JSON。,当前任务均已结束；删除后不能从原断点续跑，只能重新运行。,object,9,,
data/qa/cross_pdf/hard_expansion/fulltext_title_v4_round3/checkpoints/hxf_0129.json,1257,679a23711dc80584442b5c6cba8e8cfe91bb9ad4e7e8f9ae2bbc4ba69faa4320,archive_then_delete,generation_checkpoint,生成或推理任务的断点 JSON。,当前任务均已结束；删除后不能从原断点续跑，只能重新运行。,object,9,,
data/qa/cross_pdf/hard_expansion/fulltext_title_v4_round3/checkpoints/hxf_0130.json,1119,a6dcc44d1863296450edf7a3ca440c0b61c8f618930278e6bad04ceae96fbbfb,archive_then_delete,generation_checkpoint,生成或推理任务的断点 JSON。,当前任务均已结束；删除后不能从原断点续跑，只能重新运行。,object,9,,
data/qa/cross_pdf/hard_expansion/fulltext_title_v4_round3/checkpoints/hxf_0131.json,29891,ba3f9cb710ca699a5bf3312400600dc98dd96b833d3a18da174a80d84d524d91,archive_then_delete,generation_checkpoint,生成或推理任务的断点 JSON。,当前任务均已结束；删除后不能从原断点续跑，只能重新运行。,object,9,,
data/qa/cross_pdf/hard_expansion/fulltext_title_v4_round3/checkpoints/hxf_0132.json,725,d9cb07b9baa328c71b5d55b2028872813ca9cbb9d02096df4419620774d5c197,archive_then_delete,generation_checkpoint,生成或推理任务的断点 JSON。,当前任务均已结束；删除后不能从原断点续跑，只能重新运行。,object,9,,
data/qa/cross_pdf/hard_expansion/fulltext_title_v4_round3/checkpoints/hxf_0133.json,1094,584a4efe41ad3f47deef3a649b1fdd2ebde441dc1e14bfc5369477cc096b7575,archive_then_delete,generation_checkpoint,生成或推理任务的断点 JSON。,当前任务均已结束；删除后不能从原断点续跑，只能重新运行。,object,9,,
data/qa/cross_pdf/hard_expansion/fulltext_title_v4_round3/checkpoints/hxf_0134.json,28883,d12f4a0bf00fc31b4c76dead6f10e313ef8abe50c3e6a250b32f3a1c7c268133,archive_then_delete,generation_checkpoint,生成或推理任务的断点 JSON。,当前任务均已结束；删除后不能从原断点续跑，只能重新运行。,object,9,,
data/qa/cross_pdf/hard_expansion/fulltext_title_v4_round3/checkpoints/hxf_0135.json,27392,ce7abc2c0fb6bcefde0b402eeed9c3757e468b637bfd9abc85cdd6530f11024f,archive_then_delete,generation_checkpoint,生成或推理任务的断点 JSON。,当前任务均已结束；删除后不能从原断点续跑，只能重新运行。,object,9,,
data/qa/cross_pdf/hard_expansion/fulltext_title_v4_round3/checkpoints/hxf_0136.json,9689,872d45cf173ea31e8599db37a4b65290d11024b2ecbf262bcf6ddebd41fd322b,archive_then_delete,generation_checkpoint,生成或推理任务的断点 JSON。,当前任务均已结束；删除后不能从原断点续跑，只能重新运行。,object,9,,
data/qa/cross_pdf/hard_expansion/fulltext_title_v4_round3/checkpoints/hxf_0137.json,48026,5d9dff7155b969c3ecd3ebb9a76cf61e9648459c34e51e1347e0fb4ccde12fc0,archive_then_delete,generation_checkpoint,生成或推理任务的断点 JSON。,当前任务均已结束；删除后不能从原断点续跑，只能重新运行。,object,9,,
data/qa/cross_pdf/hard_expansion/fulltext_title_v4_round3/checkpoints/hxf_0138.json,16437,c4a54a4d07b99c9617f8b81399bb9735b074499a920e2e314d8913d9aa6201f9,archive_then_delete,generation_checkpoint,生成或推理任务的断点 JSON。,当前任务均已结束；删除后不能从原断点续跑，只能重新运行。,object,9,,
data/qa/cross_pdf/hard_expansion/fulltext_title_v4_round3/checkpoints/hxf_0139.json,13893,241f4b20c6e312aa46b1ccf7d5adc32a83fd221995ff5330b244306dff51935a,archive_then_delete,generation_checkpoint,生成或推理任务的断点 JSON。,当前任务均已结束；删除后不能从原断点续跑，只能重新运行。,object,9,,
data/qa/cross_pdf/hard_expansion/fulltext_title_v4_round3/checkpoints/hxf_0140.json,1523,05ba22b693569a8e47f79d41d90a68d8677e422752868779d748bd832206f5ce,archive_then_delete,generation_checkpoint,生成或推理任务的断点 JSON。,当前任务均已结束；删除后不能从原断点续跑，只能重新运行。,object,9,,
data/qa/cross_pdf/hard_expansion/fulltext_title_v4_round3/checkpoints/hxf_0141.json,45604,85bed218907fda9388acbf30d2f06593b8b43252d6fb2a2a1798b67694c7d1bc,archive_then_delete,generation_checkpoint,生成或推理任务的断点 JSON。,当前任务均已结束；删除后不能从原断点续跑，只能重新运行。,object,9,,
data/qa/cross_pdf/hard_expansion/fulltext_title_v4_round3/checkpoints/hxf_0142.json,11809,41fb31d669ea80be7e2d46c4326e05799fddc4d3dbb87e0b0abfb78f97f89ba0,archive_then_delete,generation_checkpoint,生成或推理任务的断点 JSON。,当前任务均已结束；删除后不能从原断点续跑，只能重新运行。,object,9,,
data/qa/cross_pdf/hard_expansion/fulltext_title_v4_round3/checkpoints/hxf_0143.json,24191,30f133f24aa5569ad1a6e58964575d5e287d41f84e89672fa24172a4cec55681,archive_then_delete,generation_checkpoint,生成或推理任务的断点 JSON。,当前任务均已结束；删除后不能从原断点续跑，只能重新运行。,object,9,,
data/qa/cross_pdf/hard_expansion/fulltext_title_v4_round3/checkpoints/hxf_0144.json,19193,38a8b49fb643c4aef148b42385e214f420c3d140393c68efd6e7c97dd770936d,archive_then_delete,generation_checkpoint,生成或推理任务的断点 JSON。,当前任务均已结束；删除后不能从原断点续跑，只能重新运行。,object,9,,
data/qa/cross_pdf/hard_expansion/fulltext_title_v4_round3/checkpoints/hxf_0145.json,2428,9fdbad0872e3796f1c7f9ddcedc152cfa2ff83e1219575541ae45c98ed1d99e8,archive_then_delete,generation_checkpoint,生成或推理任务的断点 JSON。,当前任务均已结束；删除后不能从原断点续跑，只能重新运行。,object,9,,
data/qa/cross_pdf/hard_expansion/fulltext_title_v4_round3/checkpoints/hxf_0146.json,30685,cce0b6efd5e0e329a3660d071202b5b6e5ee123d7c111a02692b00943bf0c079,archive_then_delete,generation_checkpoint,生成或推理任务的断点 JSON。,当前任务均已结束；删除后不能从原断点续跑，只能重新运行。,object,9,,
data/qa/cross_pdf/hard_expansion/fulltext_title_v4_round3/checkpoints/hxf_0147.json,1427,43afca1fc05930f42310136620506832c8cdf03093de909bcd22c34754cc52f9,archive_then_delete,generation_checkpoint,生成或推理任务的断点 JSON。,当前任务均已结束；删除后不能从原断点续跑，只能重新运行。,object,9,,
data/qa/cross_pdf/hard_expansion/fulltext_title_v4_round3/checkpoints/hxf_0148.json,1777,60643a57dad2c3ffd7585ac12d0c965c4f9451f94a6508e5002fe65bea7b4ce3,archive_then_delete,generation_checkpoint,生成或推理任务的断点 JSON。,当前任务均已结束；删除后不能从原断点续跑，只能重新运行。,object,9,,
data/qa/cross_pdf/hard_expansion/fulltext_title_v4_round3/checkpoints/hxf_0149.json,725,f8303f09c05561a3a94b22aed455c077bace499cf3c2dc104196063205222869,archive_then_delete,generation_checkpoint,生成或推理任务的断点 JSON。,当前任务均已结束；删除后不能从原断点续跑，只能重新运行。,object,9,,
data/qa/cross_pdf/hard_expansion/fulltext_title_v4_round3/checkpoints/hxf_0150.json,2409,e978b85bf3ee053dec82ecedcdb309516a828ba92282269ad14132dec1c2ff03,archive_then_delete,generation_checkpoint,生成或推理任务的断点 JSON。,当前任务均已结束；删除后不能从原断点续跑，只能重新运行。,object,9,,
data/qa/cross_pdf/hard_expansion/fulltext_title_v4_round3/checkpoints/hxf_0151.json,26623,f8f660d7dc3994c75c9d3ae34c67b5d8e05cb8dc173a31581f960d9e081a411f,archive_then_delete,generation_checkpoint,生成或推理任务的断点 JSON。,当前任务均已结束；删除后不能从原断点续跑，只能重新运行。,object,9,,
data/qa/cross_pdf/hard_expansion/fulltext_title_v4_round3/checkpoints/hxf_0152.json,2883,13bfb9ec79dc9f9971f082148ff15a4fc6513bf82c0fbf027634c4fb8fbb06c7,archive_then_delete,generation_checkpoint,生成或推理任务的断点 JSON。,当前任务均已结束；删除后不能从原断点续跑，只能重新运行。,object,9,,
data/qa/cross_pdf/hard_expansion/fulltext_title_v4_round3/checkpoints/hxf_0153.json,30001,7f9aa53b54425b46e23cb4fd521a5d2eca6402b26b0087f3c41730407cea40f3,archive_then_delete,generation_checkpoint,生成或推理任务的断点 JSON。,当前任务均已结束；删除后不能从原断点续跑，只能重新运行。,object,9,,
data/qa/cross_pdf/hard_expansion/fulltext_title_v4_round3/checkpoints/hxf_0154.json,1123,7e49865080dfe28e8c60fd069b0193430295c4b7a69eb524156060d2495865ad,archive_then_delete,generation_checkpoint,生成或推理任务的断点 JSON。,当前任务均已结束；删除后不能从原断点续跑，只能重新运行。,object,9,,
data/qa/cross_pdf/hard_expansion/fulltext_title_v4_round3/checkpoints/hxf_0155.json,35638,cc3a0054a1c895b360c4e44d47b6f77d580aa32768eb82a24883ef0e7a7340e6,archive_then_delete,generation_checkpoint,生成或推理任务的断点 JSON。,当前任务均已结束；删除后不能从原断点续跑，只能重新运行。,object,9,,
data/qa/cross_pdf/hard_expansion/fulltext_title_v4_round3/checkpoints/hxf_0156.json,36280,4f4851c29489893637df921e852aaf25bf56dd1a09342b674adb7c41401219b0,archive_then_delete,generation_checkpoint,生成或推理任务的断点 JSON。,当前任务均已结束；删除后不能从原断点续跑，只能重新运行。,object,9,,
data/qa/cross_pdf/hard_expansion/fulltext_title_v4_round3/checkpoints/hxf_0157.json,41534,6876f67464e5110de97367464d20203fecd0f479c3f2a23d160e67b7fbfec1ff,archive_then_delete,generation_checkpoint,生成或推理任务的断点 JSON。,当前任务均已结束；删除后不能从原断点续跑，只能重新运行。,object,9,,
data/qa/cross_pdf/hard_expansion/fulltext_title_v4_round3/checkpoints/hxf_0158.json,19097,de4351cda0faf2247d98cb0dbf5cb704fff4bdd57249c803dc46d32708285ad7,archive_then_delete,generation_checkpoint,生成或推理任务的断点 JSON。,当前任务均已结束；删除后不能从原断点续跑，只能重新运行。,object,9,,
data/qa/cross_pdf/hard_expansion/fulltext_title_v4_round3/checkpoints/hxf_0159.json,14104,f3b4b0323cf12e286bb6a19fb99fa5dffbb2b08b58624030ddfb53966abba6dc,archive_then_delete,generation_checkpoint,生成或推理任务的断点 JSON。,当前任务均已结束；删除后不能从原断点续跑，只能重新运行。,object,9,,
data/qa/cross_pdf/hard_expansion/fulltext_title_v4_round3/checkpoints/hxf_0160.json,20800,85635de22fec52738b2d35ae168f5a08668a8358d41f9c390039300c49c9c40e,archive_then_delete,generation_checkpoint,生成或推理任务的断点 JSON。,当前任务均已结束；删除后不能从原断点续跑，只能重新运行。,object,9,,
data/qa/cross_pdf/hard_expansion/fulltext_title_v4_round3/checkpoints/hxf_0161.json,26911,586c7287d026a31127cb742ce3991d38c8b928647b0205f681800c97c339fd43,archive_then_delete,generation_checkpoint,生成或推理任务的断点 JSON。,当前任务均已结束；删除后不能从原断点续跑，只能重新运行。,object,9,,
data/qa/cross_pdf/hard_expansion/fulltext_title_v4_round3/checkpoints/hxf_0162.json,2669,c05e3c2bd42e1b7e82eef8e9e6fa44c196b0c4c91b1e9442d51938be04fb1bc9,archive_then_delete,generation_checkpoint,生成或推理任务的断点 JSON。,当前任务均已结束；删除后不能从原断点续跑，只能重新运行。,object,9,,
data/qa/cross_pdf/hard_expansion/fulltext_title_v4_round3/checkpoints/hxf_0163.json,42086,1d6e171592ce0a97ad802415f19809c252a437cd5dc02d8da4c676797b92eefe,archive_then_delete,generation_checkpoint,生成或推理任务的断点 JSON。,当前任务均已结束；删除后不能从原断点续跑，只能重新运行。,object,9,,
data/qa/cross_pdf/hard_expansion/fulltext_title_v4_round3/checkpoints/hxf_0164.json,31735,3233810b38f63125ce10c7ee91217675f1b09b0f341e3dfd4b812ba28e907218,archive_then_delete,generation_checkpoint,生成或推理任务的断点 JSON。,当前任务均已结束；删除后不能从原断点续跑，只能重新运行。,object,9,,
data/qa/cross_pdf/hard_expansion/fulltext_title_v4_round3/checkpoints/hxf_0166.json,2464,00e658eb0540d5cfdb381d674303697465dcf776be6db8ec7218fd04d87a4d6b,archive_then_delete,generation_checkpoint,生成或推理任务的断点 JSON。,当前任务均已结束；删除后不能从原断点续跑，只能重新运行。,object,9,,
data/qa/cross_pdf/hard_expansion/fulltext_title_v4_round3/checkpoints/hxf_0167.json,24042,174d3e97958b82a1d9a1d0efed13f15d4895f7eff07dd4d44c5d836ad1cfbc11,archive_then_delete,generation_checkpoint,生成或推理任务的断点 JSON。,当前任务均已结束；删除后不能从原断点续跑，只能重新运行。,object,9,,
data/qa/cross_pdf/hard_expansion/fulltext_title_v4_round3/checkpoints/hxf_0168.json,22574,dc71fe6c93144557d707baf0efacb28c7e721da3c79a8eb386a9b7ed3d52857a,archive_then_delete,generation_checkpoint,生成或推理任务的断点 JSON。,当前任务均已结束；删除后不能从原断点续跑，只能重新运行。,object,9,,
data/qa/cross_pdf/hard_expansion/fulltext_title_v4_round3/checkpoints/hxf_0169.json,52005,60e7b2531d6f6f98deb576992417ae22599718120162e043ea1c918d59a5725f,archive_then_delete,generation_checkpoint,生成或推理任务的断点 JSON。,当前任务均已结束；删除后不能从原断点续跑，只能重新运行。,object,9,,
data/qa/cross_pdf/hard_expansion/fulltext_title_v4_round3/checkpoints/hxf_0170.json,19189,e93fa60e15b52c06f8e4591d2868613fc3f2f3f97109ccc7f27fd4a9534a0b20,archive_then_delete,generation_checkpoint,生成或推理任务的断点 JSON。,当前任务均已结束；删除后不能从原断点续跑，只能重新运行。,object,9,,
data/qa/cross_pdf/hard_expansion/fulltext_title_v4_round3/checkpoints/hxf_0171.json,11122,37fc89bc78af5091ef3a9525b9f6e2f41fa36cd981d5c1a2dfabf4a51c6dadd3,archive_then_delete,generation_checkpoint,生成或推理任务的断点 JSON。,当前任务均已结束；删除后不能从原断点续跑，只能重新运行。,object,9,,
data/qa/cross_pdf/hard_expansion/fulltext_title_v4_round3/checkpoints/hxf_0172.json,724,3933f540b70873956ee7cfe01bf57a76fa19391380237d518de6595e18569d31,archive_then_delete,generation_checkpoint,生成或推理任务的断点 JSON。,当前任务均已结束；删除后不能从原断点续跑，只能重新运行。,object,9,,
data/qa/output/gpt56_terra_shortqa_first1211_wholepdf_dpi144_v1/checkpoint.json,17697,e0a63c035abb99863246ce96ac499c0eec924d741b5a275ecc358f5f068613c3,archive_then_delete,generation_checkpoint,生成或推理任务的断点 JSON。,当前任务均已结束；删除后不能从原断点续跑，只能重新运行。,object,6,,
