relative_path,pdf_id,kind,bytes,sha256,required_for_benchmark
data/pdfs/paper_0001.pdf,paper_0001,single_paper,956687,16c9a0136bfd6645d2881a574e42105f726528d8d75a0e765ce637e8de927d64,True
data/pdfs/paper_0002.pdf,paper_0002,single_paper,358360,db3c3819114cb81c591221bf7cc6ec33ba0970bdf0ba96c90346ee3fc7c2ae7c,True
data/pdfs/paper_0003.pdf,paper_0003,single_paper,2502265,df96ae25779c237e73322ea397da17642b1e838b7038b644bf286b78cf3cc00e,True
data/pdfs/paper_0004.pdf,paper_0004,single_paper,648174,98da952db4177c3558d6306c3be7a1ae5179b306779f3179398d05c67d02fcf2,True
data/pdfs/paper_0005.pdf,paper_0005,single_paper,7471122,2547fd137194e18144b344ad3306a6b1abf4e8a6f2c41935a1b66c170efdeb18,True
data/pdfs/paper_0006.pdf,paper_0006,single_paper,1857343,b2ea30bc9b89dfa90264202202ee362c639232bccdb443da1e3a457d60f25c7d,True
data/pdfs/paper_0007.pdf,paper_0007,single_paper,490936,f8484daa8c30b199afd26b22a78b0d854ec8aca61b1179167597596c9d58d1c0,True
data/pdfs/paper_0008.pdf,paper_0008,single_paper,608319,4e8fd252d589bbacc8373f7a7db55f5d7fc3ac50a84bf61b02ad7c9a243ded3a,True
data/pdfs/paper_0009.pdf,paper_0009,single_paper,511931,8d936bbd23574d76aedf1fda4152e53eaa0bd254a4618f79c59cc718b7e65945,True
data/pdfs/paper_0010.pdf,paper_0010,single_paper,645946,5c66e5d23722428c7bc2b4053e06c35962c2a57eb67ff1f6f6eef403baf451fb,False
data/pdfs/paper_0011.pdf,paper_0011,single_paper,857094,f273288c679be48ddd39f4a4c4ee588b3d831c81bc020dd3576a366731804919,True
data/pdfs/paper_0012.pdf,paper_0012,single_paper,524848,bb1b0a222b634d0122a3c3a8acf4306b35d8695c66671a42bfd2cc6fd004cfd4,True
data/pdfs/paper_0013.pdf,paper_0013,single_paper,849229,b6eacb0b3c4b227197853e68c7a3e6dd8fbaa14ff723755c7ffbaec6899e817b,True
data/pdfs/paper_0014.pdf,paper_0014,single_paper,366788,6bb2573c50bc6caa76816a08304dfe07be72413c16a0242d05563cc88885d3d7,False
data/pdfs/paper_0015.pdf,paper_0015,single_paper,727341,b74ca95ab2518a61a85b83f3d63ea83b9fbea99c2f9ad8317f06771e9f730432,True
data/pdfs/paper_0016.pdf,paper_0016,single_paper,407943,aa8f67b919f54ac561e9ba2cd1f9190b9f3f3f49af7119f98196d46364b958da,True
data/pdfs/paper_0017.pdf,paper_0017,single_paper,1783205,b5475c3f06f16fe5a4d5d7c9979594f52721839c66919b27fb7e1dd4f5fe0073,True
data/pdfs/paper_0018.pdf,paper_0018,single_paper,341771,65e4a9a46ed94167596b3fdae78135d7815835801620ed15b3403e1a86ae9e2d,True
data/pdfs/paper_0019.pdf,paper_0019,single_paper,283616,6102d1ed8f8b4f54365da47795bea9b5ef7b33f4ac92d7a7bad9e97e4655bd72,False
data/pdfs/paper_0020.pdf,paper_0020,single_paper,308951,1d9b96c06f25b87cd5c94b28e1261aee875a3786895463d7d5a622272db86875,True
data/pdfs/paper_0021.pdf,paper_0021,single_paper,501910,e8247df5769406bd5eec14132f0697edd24897bde1870cfae767e018bf3d8c1f,False
data/pdfs/paper_0022.pdf,paper_0022,single_paper,744567,879d0a65be2e2381cc5184c39b5abc5ecb7715a77358db95b837946eebfd5e9d,True
data/pdfs/paper_0023.pdf,paper_0023,single_paper,3332896,73db3ba3d7032e619935affd79ca5401491ab6dade3eb6bcf379ae716b4aa4e3,True
data/pdfs/paper_0024.pdf,paper_0024,single_paper,995707,67b58c90f1de5030b6637ff1504aeafd12afb6ffb463b7d11bb81d801e9d4974,True
data/pdfs/paper_0025.pdf,paper_0025,single_paper,463475,111092df40a5406c7b2778668adabba968b9d0a75a5e8010a470528e93021cfa,True
data/pdfs/paper_0026.pdf,paper_0026,single_paper,850144,116ce7b3cd5686fed1953cbf665d2bb58759e11e393be214edc2ed188c43370b,False
data/pdfs/paper_0027.pdf,paper_0027,single_paper,584604,3bcdd4e46d0db49c4efb7970878b3715b9af3ab1e5eb664c4ae247437ffa698a,True
data/pdfs/paper_0028.pdf,paper_0028,single_paper,1029593,0ebf589c8b695ac4654412f672823aeadc71ed959bfe00d9c7cbbb6404f2844d,True
data/pdfs/paper_0029.pdf,paper_0029,single_paper,8130132,de4909c701bcff81782d88dfb734142c309223af012ef57a799dd77a62d1d815,False
data/pdfs/paper_0030.pdf,paper_0030,single_paper,966145,e5964a61f0b678f8a9ebe93e1de5010af34ea3b8efbeceb262a976ec0c70c707,True
data/pdfs/paper_0031.pdf,paper_0031,single_paper,1436390,8d94676fe303d88d1b400d4c8a83862d74491d121d512ab7a4b9a4993e90232f,False
data/pdfs/paper_0032.pdf,paper_0032,single_paper,5860268,d2ebb2f23a8b1bfab1dd57dbab8e38e36ef92e20a62aadd48f34a7f9ed72543e,True
data/pdfs/paper_0033.pdf,paper_0033,single_paper,2690906,6dcaef1ee660158049eb47e9a0f574c136dd8a39811998f1517ce008d0406db2,True
data/pdfs/paper_0034.pdf,paper_0034,single_paper,1411166,48d1d1d020e2f1de39c084efa3818316e30738853921b52a8c15bd89c5559e68,True
data/pdfs/paper_0035.pdf,paper_0035,single_paper,845891,2a3f19fd8b6dea7a72df016af7806eaf68b48cd89fd666c65060b622813c385f,False
data/pdfs/paper_0036.pdf,paper_0036,single_paper,3447671,af1562132eacd9d57838891ab6dee3c1e0054b753365be73cdcc5767d7ead08e,True
data/pdfs/paper_0037.pdf,paper_0037,single_paper,1224988,4c3a241903bef23a06768d4cc115e0bbc9a6efcd7202f08a618653d3da47f681,True
data/pdfs/paper_0038.pdf,paper_0038,single_paper,8587627,d7fb82e827e94db423e26cefc7c517d6bfc7e777056be4fac81eb4f6b255e608,True
data/pdfs/paper_0039.pdf,paper_0039,single_paper,2197867,ceb3bb78ea970f6804dc16fcec0229b76147cbf5f8e135a8fd96844bdbd6b444,True
data/pdfs/paper_0040.pdf,paper_0040,single_paper,1301693,885f7bac448f9154bbb0a3cf77153561dc86b1bce9ca5b6f74ef6320fd105119,True
data/pdfs/paper_0041.pdf,paper_0041,single_paper,851152,95221d01dfe44ee7a0b7b6471f0fd82a63123c8f141b1963cb6aaa3b91f64310,False
data/pdfs/paper_0042.pdf,paper_0042,single_paper,871786,b654827ac044a1363b5d086c97aea40430b779aff8f0fd1bf3b0e8a44c5b6e6c,True
data/pdfs/paper_0043.pdf,paper_0043,single_paper,254774,10e3b0710bfa278a4bd887c90d3dd4aaaf422410e564a376dd6ef094ad954c57,True
data/pdfs/paper_0044.pdf,paper_0044,single_paper,2531508,24cddfaa8ac0e07a88df911b09b4170d63730b103782cb597eda683d47d45576,True
data/pdfs/paper_0045.pdf,paper_0045,single_paper,2427041,efb2bd80251c29ababc2e065ae719fad4c432d367f4973a860d0e04e0ae150a1,True
data/pdfs/paper_0046.pdf,paper_0046,single_paper,632359,c91c9fae5e906279491ddcd93d6f716b64ac0a47d811b17259ceade42ce3b675,True
data/pdfs/paper_0047.pdf,paper_0047,single_paper,2530482,92d0b236c8e745a5cc0c635fbea0d953f8d7bddbcfbe9dec32717df68e79915e,True
data/pdfs/paper_0048.pdf,paper_0048,single_paper,1319472,393ec1c4e9d346e3dc7962b14d6513613807d43c783342e25fe27b81092f1e9a,True
data/pdfs/paper_0049.pdf,paper_0049,single_paper,1163715,95e7b9dc9e7da1be5006cace519c91ead58537011f3b9b0edd8f84460299e875,False
data/pdfs/paper_0050.pdf,paper_0050,single_paper,379340,b2802984ff6899974dd5603ec0b2b70dcb6e7bea74bfdc82caa4cc79f21ea923,False
data/pdfs/paper_0051.pdf,paper_0051,single_paper,755835,8a76a0bb99a16ab4af1338c06fdfe58597dce04600639716dbd23f78dc0bbbfb,True
data/pdfs/paper_0052.pdf,paper_0052,single_paper,2128556,7a4609558aba4857f5417fd155f88b0e373370e2bc2d865570a595baed0db9a4,True
data/pdfs/paper_0053.pdf,paper_0053,single_paper,5784517,bc4b9440a6a00a306afa916238c06f773a971f3b49ec4908e7f2f1e22758346f,True
data/pdfs/paper_0054.pdf,paper_0054,single_paper,574090,fb76bd63ea1575061cd12640cb75c7c8e017ed89c905b5c8778a0035f57a617c,True
data/pdfs/paper_0055.pdf,paper_0055,single_paper,1978693,bc8e47c36ed83eec1d60eeda4e6605ad296d0fc2bdb7492bb1b8cbddff2463a3,True
data/pdfs/paper_0056.pdf,paper_0056,single_paper,1093728,6f6a1067e1e38fc4b2d21996e60b119b27b3113ba7cda47fb0258a44e1293d15,True
data/pdfs/paper_0057.pdf,paper_0057,single_paper,1096574,6e63f1e1fe4a662034255a76fae8eda603b4283c7cc5694dcc837a89dcd8ce72,True
data/pdfs/paper_0058.pdf,paper_0058,single_paper,2000935,19c980bc2b0f68e046b11b7d17ccfe90525771b91dc0d48e02b5932bafc3182f,True
data/pdfs/paper_0059.pdf,paper_0059,single_paper,1978343,3f29f3811a6e14b145b08f76f1c7952b4ce25b2b67f17d0b758b0aafe32fab71,True
data/pdfs/paper_0060.pdf,paper_0060,single_paper,322833,06c520171eed751db162634d8ab9b0d5ddf6584b45b4874b0fde7a6ae2d1f96b,True
data/pdfs/paper_0061.pdf,paper_0061,single_paper,3910168,eab729ec9e11bb9c384284b28e8f962f0ee7e42dca39e7b7932dccd58bc69740,False
data/pdfs/paper_0062.pdf,paper_0062,single_paper,876634,3fc061a426c67a8c33b896b9d7870e3c6b40ae3cfd86162ee1541192a6ba49bb,True
data/pdfs/paper_0063.pdf,paper_0063,single_paper,750474,519f9e0b4fac6fa8f10b7903f4c825266d132ccbc7294f50741c48dccd54f8e8,True
data/pdfs/paper_0064.pdf,paper_0064,single_paper,1144034,cca0e1e0b169add31b90c4063e4e27ea42d62c6b98be84da8c2cccb9100505a9,False
data/pdfs/paper_0065.pdf,paper_0065,single_paper,5656825,74ca0f2e544468f1a62656da16b9ca93814a756fa30333e8e72f4c348e746ce5,False
data/pdfs/paper_0066.pdf,paper_0066,single_paper,283215,1e4d15008afff612d79952b9d9180f361c24aa54518e24b4b7836f8027820962,True
data/pdfs/paper_0067.pdf,paper_0067,single_paper,686133,931faac4ded485a0d04ee9aa909e500099c107a1a592d4d5170390a55d0d97b7,False
data/pdfs/paper_0068.pdf,paper_0068,single_paper,810681,3e37b953717c0bd4ab7986726057129cbff1c7fe4ec13ce9c50361b3f3c661b4,True
data/pdfs/paper_0069.pdf,paper_0069,single_paper,2628265,385dce1ca9ef3916e22f14d0588ff33c8541f30f84b4d2040519983aa7169332,False
data/pdfs/paper_0070.pdf,paper_0070,single_paper,616003,343fb6d7fa1f7a21a342b13feee20b93351832895365ec56c70e0e60dffb4ad5,False
data/pdfs/paper_0071.pdf,paper_0071,single_paper,11614476,a19bc62a5aafc31eb0f73b37ef7300e7baef121c2a531aab21eb8525fb90cada,True
data/pdfs/paper_0072.pdf,paper_0072,single_paper,680964,0ed57238034a04d6b1b6114e677f0e16b1cc6adfa9d8027e95259494a184ac26,True
data/pdfs/paper_0073.pdf,paper_0073,single_paper,2983720,c72aa2d0b53325367cafb2a77d793b7d701748eb218ad748ba4fa617ce4d0256,False
data/pdfs/paper_0074.pdf,paper_0074,single_paper,210552,e16dbba356c80ac812ae278d424d118c463fee3b5c0988406b9b0853a717d568,False
data/pdfs/paper_0075.pdf,paper_0075,single_paper,1463787,a0c704bb72ad98c003c80055be138782b75cbc2d267543255293b9aa07adc677,True
data/pdfs/paper_0076.pdf,paper_0076,single_paper,1783497,b7acdad94e2371ff94b93dfbd3e33d0409dd44bdbb4ddfe4185dadfdc8ccc294,True
data/pdfs/paper_0077.pdf,paper_0077,single_paper,675459,de6be7aeae1bd1ae975680149981d0907f288a39c8f280b9580a0b95399f9fa7,True
data/pdfs/paper_0078.pdf,paper_0078,single_paper,1002143,3b9636c350e1e892e15021ff041d49166e5bba7e48f08a6d7d109c6ddd72064d,True
data/pdfs/paper_0079.pdf,paper_0079,single_paper,972790,26de3eddf7e8c6092c9114b53a3eb721ef218bfbd46d93f941646273ab662e83,True
data/pdfs/paper_0080.pdf,paper_0080,single_paper,3042739,70e7fb8d6fd4a69dfbe6eb825d15997615750bb780f091b1cbb688339a42efd1,False
data/pdfs/paper_0081.pdf,paper_0081,single_paper,471593,6f3b6c3a4fc2a67c727207c2a1631d16960f4374bc792204dee0046baf192b6f,True
data/pdfs/paper_0082.pdf,paper_0082,single_paper,1733534,1b0c3842d4524874927fe5099a8908437606823ead16b1dfe8e74e4edf06979c,True
data/pdfs/paper_0083.pdf,paper_0083,single_paper,716969,531208b99f5816f50668904b06c4cdd62c2ef1abedaed28850d45370802729b2,True
data/pdfs/paper_0084.pdf,paper_0084,single_paper,6093721,fec24d40882dcab3ec1d8d7646d3e134fe150c2d97bcdc0e8f4fc9ba1c9e288b,True
data/pdfs/paper_0085.pdf,paper_0085,single_paper,1020846,1534bfc5032b2a0e119b49ef37168c00722532ac2fd1146f3711ff9a23bb1f57,True
data/pdfs/paper_0086.pdf,paper_0086,single_paper,718895,5aaa1a10e0eb16b062f97d2c0e3da0c1b9f0f20b01f94e89e2fdbb7f17eb2c72,True
data/pdfs/paper_0087.pdf,paper_0087,single_paper,304745,28f818a3d0060a794467b0eb82a472523320c1c8087bbaf8ce1133793b6c4cd4,True
data/pdfs/paper_0088.pdf,paper_0088,single_paper,5348329,9ad69d1462cd6608e11d842159842732cce8a50365efbe9dc497d88ddf90c225,True
data/pdfs/paper_0089.pdf,paper_0089,single_paper,144239,ab1142a0062bb961d952f6c642d24a5c4499d9117544cabee79f9344f5c0a024,True
data/pdfs/paper_0090.pdf,paper_0090,single_paper,1403325,802af6ad43fcf080e4a5941619fde84ac0e139e20fb4f430998a8b82454987c8,True
data/pdfs/paper_0091.pdf,paper_0091,single_paper,1572348,bb1da33cdbe73dce1e560acaf956785922adf73ef3056c323e2a611b28b90c42,True
data/pdfs/paper_0092.pdf,paper_0092,single_paper,1906373,aa868ac2b706b1a58b8efb5b44fc0290cdd2a58bff52d9d3ae5b9f6aecfc5a3e,False
data/pdfs/paper_0093.pdf,paper_0093,single_paper,1011259,a9467b5a4855b1dc6e544a06051f040453d744bc852ce7f0ec485bf38afa8ec6,False
data/pdfs/paper_0094.pdf,paper_0094,single_paper,3604924,f78cf8bff98699d1df707fda2d66da5cfece1f9820bd0aea59f05ab1f65cd184,True
data/pdfs/paper_0095.pdf,paper_0095,single_paper,764247,80792a9741fb6965eb6c9612a6786d0147a1b4530b3b3bfacc997799a8739ab9,True
data/pdfs/paper_0096.pdf,paper_0096,single_paper,1432635,2b62c52431eaa3c4c9aca2f76f77572ed5c208a0883d4fb7505fdc7caceb664c,True
data/pdfs/paper_0097.pdf,paper_0097,single_paper,330935,bdbd5b42c9404c92ef14c38734a7ffb47ecc4f23f9edd9ce79e83185c3c8457a,False
data/pdfs/paper_0098.pdf,paper_0098,single_paper,825648,8247bb6904d8b84daae657c441174d6931eee2a154e6958dc8dd3ff1bc531015,True
data/pdfs/paper_0099.pdf,paper_0099,single_paper,2926054,9487d2f59cb7de411fed42c41713bef3b79e31cfd2eaa3f0a6150c0e5e135cf0,True
data/pdfs/paper_0100.pdf,paper_0100,single_paper,404052,a7747cc89256900addda7981b1ec80a76f2c2477c65ddd913a94509efafa99f9,True
data/pdfs/paper_0101.pdf,paper_0101,single_paper,1730661,42eead976a3d016c8f145f7932cf858934938fdff3442b1397e046087583d50d,True
data/pdfs/paper_0102.pdf,paper_0102,single_paper,2326368,4c45f59c31230fd3c276f06fcce9bee272ddea16e9677455decd95ec5526f690,True
data/pdfs/paper_0103.pdf,paper_0103,single_paper,127233,12ebdfabb677855706de0a81581b4bc9e47c19aa37c862a093e43e1b0df70685,True
data/pdfs/paper_0104.pdf,paper_0104,single_paper,725374,a30196283a93ad63c95456e28c1a1bb1931f08cc778155a847e0a6e3a78fdb1b,True
data/pdfs/paper_0105.pdf,paper_0105,single_paper,2940738,8a5f3645e76f2ba38a747c85c4bcb794ab62245d2e993b60d811bd6772e3df7a,True
data/pdfs/paper_0106.pdf,paper_0106,single_paper,5815880,376be6cea8e925e83175e1ed655d004c0b79e2ebbb35b7bfd9f9c98b961932b1,True
data/pdfs/paper_0107.pdf,paper_0107,single_paper,836569,6541c578846124092d11c28dd646c4e520332fac985274da47ac7f549368eb40,True
data/pdfs/paper_0108.pdf,paper_0108,single_paper,3681094,36668772b4f5aa5a1f472db32ea69db48541bfa0189cfbdd401c9bcca803e0c3,True
data/pdfs/paper_0109.pdf,paper_0109,single_paper,460180,884a19ac0e8a162d60f25cee61236dfea75ed8255d8ec5a6bb07e3937832bec9,True
data/pdfs/paper_0110.pdf,paper_0110,single_paper,1026685,1a53614098d90042ebb466e0bb015200644e442d46712d777f46fc6142351463,True
data/pdfs/paper_0111.pdf,paper_0111,single_paper,687132,93f3b819918bacee8da959dd9ab2a362087d182ef247c6ca8f901c4acfb1264a,True
data/pdfs/paper_0112.pdf,paper_0112,single_paper,447418,0f81a711049b555886f6dac3bcd27e83fe8560cfcbbc54be19fcd288d6c5b125,True
data/pdfs/paper_0113.pdf,paper_0113,single_paper,617798,2a9025396451855051a96e72b9dc1522dddb860e755c00d9ba34846b926b87a4,True
data/pdfs/paper_0114.pdf,paper_0114,single_paper,739853,ed9634062ee858a986e63a3c3d144954b58974f2ca73f29794746af72b30cd19,False
data/pdfs/paper_0115.pdf,paper_0115,single_paper,1817240,99ede4e4991f7ea35ad443ca9771395b5d10e9c9dc31d84e54054d0bc44c62e8,True
data/pdfs/paper_0116.pdf,paper_0116,single_paper,901444,66d9693f2e4e4ad391ebb8f4768cd1c4f99b68b653fd35e2cdcfc0c0ab5bf941,True
data/pdfs/paper_0117.pdf,paper_0117,single_paper,484543,a98aa1959707eb0d96b24a138d1286495a15a6b897734cfd7eb4dbd339c48658,False
data/pdfs/paper_0118.pdf,paper_0118,single_paper,1149934,fc8195dd682139fe2ec1b60818878991a66a48bef5aa94884a39f34895b690ca,False
data/pdfs/paper_0119.pdf,paper_0119,single_paper,7021375,bdc0769d4e7db0c5b509c7fa382678aa62c106cc1d699876f4a487a7a8a12ac7,True
data/pdfs/paper_0120.pdf,paper_0120,single_paper,3079930,1ec1fb30aa2536ebf8065f248a0c09ff5a4e8ebcb71142e6dd6c4e52d86392c3,True
data/pdfs/paper_0121.pdf,paper_0121,single_paper,362586,7dd8e659abd2d7ab4220a25d5406a62c5c5804b064361002916002b0c7ccdf21,False
data/pdfs/paper_0122.pdf,paper_0122,single_paper,659108,f9d08caa0130866d18cb412d484ea46d0784df3e1531ddf2c2531201adba3b4f,False
data/pdfs/paper_0123.pdf,paper_0123,single_paper,11593827,5aef8c5f36154465b354cdbd27de7ce1db3753e526bc7be34a834c0a2af49310,True
data/pdfs/paper_0124.pdf,paper_0124,single_paper,1036148,18971bc000e97946d754367d1e6348e3320b0c7a6223443248c6cf4abb311d7a,True
data/pdfs/paper_0125.pdf,paper_0125,single_paper,1794439,dad1938d68b562f7dbda1e6559678aee02247184d04264928e4aec058982e209,False
data/pdfs/paper_0126.pdf,paper_0126,single_paper,4406068,947d14f785bf8aa734ccede0a5b3095d74a2bc8b232f5084a7c6879630a68d3f,True
data/pdfs/paper_0127.pdf,paper_0127,single_paper,488671,c8df78e395beea6613a16ff0e2d19eeea1986423246e086ff12413c3847c6256,True
data/pdfs/paper_0128.pdf,paper_0128,single_paper,281588,f469113e2d4b9fadf38f14aaad1eb8362d899d109941d99b3144546592781dae,False
data/pdfs/paper_0129.pdf,paper_0129,single_paper,734638,4bb1d368b19b9d0c75722f8cf63427e8352a2b1c71ece6fe5ba8bae2dd3c3ca5,True
data/pdfs/paper_0130.pdf,paper_0130,single_paper,13707342,90e391221890bf61dea3d05029ef9b2edd8dda30db596f57f2196c136ff46991,False
data/pdfs/paper_0131.pdf,paper_0131,single_paper,1310154,14814ab5c3419fe722894879823c6118093d1bcf2dd77baa4c06625e4e99c065,False
data/pdfs/paper_0132.pdf,paper_0132,single_paper,1018455,0991cfb1c5a474a6b02f4265f07f5ecf0fc70c7ef5a351f6911b5f20ce5923d6,True
data/pdfs/paper_0133.pdf,paper_0133,single_paper,18161950,c3bf7f272ee17bbdfca741b70865fb079070dd09d8a139347471a7d7ec79391c,True
data/pdfs/paper_0134.pdf,paper_0134,single_paper,2030507,192fac4e7908ec15b6505f1779be5d49ef80617b5fdc7ed4601f7494fbd2a344,True
data/pdfs/paper_0135.pdf,paper_0135,single_paper,436921,ef023cbd5b9045114ccf3025799753bb2061e4dcc25f123b59185c1c00a32552,False
data/pdfs/paper_0136.pdf,paper_0136,single_paper,10564643,0c02c1e86e455b65f853e6ae945cf0a023f3e531b6b7ab07e9b4b10a530ea444,True
data/pdfs/paper_0137.pdf,paper_0137,single_paper,669154,e63167da7710f542e059ad71725c765ad5ff911e724850d94863252cbdad699a,True
data/pdfs/paper_0138.pdf,paper_0138,single_paper,3284843,5c12cd1c43be22629ac7951eea95d1dfe9f15735142bb07c85aecf9f753aa825,True
data/pdfs/paper_0139.pdf,paper_0139,single_paper,7203863,0a094c1d7580fadfa439238a9d52923c5ff3d74d7f3b51a619d6d3c6edbfff9c,True
data/pdfs/paper_0140.pdf,paper_0140,single_paper,669525,5e670811033c699933576da224f5441ce51a2751092160a7b2be3070f3f756ed,True
data/pdfs/paper_0141.pdf,paper_0141,single_paper,264046,16e01236c7184d1279c54e8437f50e8c36718307eed5831b604bccec469e1ca7,True
data/pdfs/paper_0142.pdf,paper_0142,single_paper,1545907,762c0eb1abeb3de5d06ef33df9e2a886a35dcd17a63d95a6614142198e0f1794,False
data/pdfs/paper_0143.pdf,paper_0143,single_paper,523835,3cbdf7b1b7eba580ec43cca9e9f3999bfefac7032145f72327bb6965337d5a92,True
data/pdfs/paper_0144.pdf,paper_0144,single_paper,551376,397a8aa1a57fbec2d8b72b99ff9dc3bb6d0567f4595c485e4263fd57cde34cb8,True
data/pdfs/paper_0145.pdf,paper_0145,single_paper,779484,d0c3e2a0108449635446bd669b5617ec3893018dc8e81986d388b239e54dfb7b,False
data/pdfs/paper_0146.pdf,paper_0146,single_paper,9195560,6063522f4e48a0a369a4984e121e449d972aa7c387c9a75db027518a079261d7,True
data/pdfs/paper_0147.pdf,paper_0147,single_paper,1189323,432efdad3cbd2ab7908db81e30a7b568c0ddd387fb85df79bc13266412744a8b,True
data/pdfs/paper_0148.pdf,paper_0148,single_paper,698163,954ae1b84f6412813612a0bced677261e7e025951f6dd3f7cb96083aba61f199,True
data/pdfs/paper_0149.pdf,paper_0149,single_paper,9570093,a497fec90975c7e7466891efc09bed17c7adfc944d4d6401c47e5bf82dc8b29e,True
data/pdfs/paper_0150.pdf,paper_0150,single_paper,16565161,2487c2de00af04bf4a1cae1604a4460c638a35e10e44a8dbe98ffb56627ddffd,True
data/pdfs/paper_0151.pdf,paper_0151,single_paper,431511,69b34374d6acf99679f6b7ec7565a92256beebc65b1cbbce5bc6bc772f2156ef,True
data/pdfs/paper_0152.pdf,paper_0152,single_paper,13082422,90f3cc31578373c74735eb987e23a2ef7acdad01cf7bd984dac957ed93df17c3,False
data/pdfs/paper_0153.pdf,paper_0153,single_paper,249769,7f93d72e5997ac28f20c7788b8882ca8c6ea5061cf4c688bc5d05e7cb2b36f49,False
data/pdfs/paper_0154.pdf,paper_0154,single_paper,393129,de6d40280bc7d673c5e43feb9c2ab36f0d2dd9e059937a2ad699ceedb1570d09,True
data/pdfs/paper_0155.pdf,paper_0155,single_paper,7612321,87856c128341ffa52b57d143904abf90e3606afd93978fb5b902b0d42794992d,True
data/pdfs/paper_0156.pdf,paper_0156,single_paper,331044,b1b202145519b85304182d9abd43cc4495bd7c79c405ad1ce1db277bed813b51,True
data/pdfs/paper_0157.pdf,paper_0157,single_paper,12482235,4a48c48feeae5c0de3547a7e444d28968e1487cf1f59dda1c82a8469cc1467e2,True
data/pdfs/paper_0158.pdf,paper_0158,single_paper,234667,e96c7c9326412b1e819052c4976f33e1fb05d9cfec518c20ee82ab8c45cdc6ee,False
data/pdfs/paper_0159.pdf,paper_0159,single_paper,349548,e47a807e76e16377b3ddfedf63949bd96d5ffab33f4f2e306eded2ee2b735293,True
data/pdfs/paper_0160.pdf,paper_0160,single_paper,630795,bde9504aad4f0953c99841cb6babfedf0f242dd3815792890ab1ec5f1acc8818,True
data/pdfs/paper_0161.pdf,paper_0161,single_paper,4483827,bb268fd15a56d22d464b2ec45915ca004c511225287fa9e133f473b06873ad68,False
data/pdfs/paper_0162.pdf,paper_0162,single_paper,286077,b7ed77aacb6999f2f4b42812eece8729388533d881a298423acc07362d7f1397,True
data/pdfs/paper_0163.pdf,paper_0163,single_paper,518842,a802a72a50e15d97c39af77905e800c12a41cab76d9f322a3156561ab69db0f0,True
data/pdfs/paper_0164.pdf,paper_0164,single_paper,3496873,85de076d48301c6bf089fdbe8bf2bd8fa801b648771d7f1226f5dbed58209868,True
data/pdfs/paper_0165.pdf,paper_0165,single_paper,677299,4746624874752e5ecb9edf0a7037b664101b2bffc74f7527e8294ca82aba9f28,True
data/pdfs/paper_0166.pdf,paper_0166,single_paper,1797403,789c644a55c334b4e86583f456805b3cdd6912acdc8ac512fef5a4785a9facb2,False
data/pdfs/paper_0167.pdf,paper_0167,single_paper,593032,aefd022d5c2dc3f48253cedf9812cee909ecb728f664b05a82c43b12bb81545e,True
data/pdfs/paper_0168.pdf,paper_0168,single_paper,687520,c085ee9d0516a7b8d08ac9fb3172f8eace15581c44fffe1af0f172ff1e9cb14b,True
data/pdfs/paper_0169.pdf,paper_0169,single_paper,5657634,9c0910a8b1a0a2d43e404408da8316b0b0905e51059eeb5e49c764e6fc004533,True
data/pdfs/paper_0170.pdf,paper_0170,single_paper,1033979,fb9eab79d09edb9c79925aeaf8c3d0f7e023fc2cc7e88feffb5a2c85df351731,True
data/pdfs/paper_0171.pdf,paper_0171,single_paper,6121573,3aa0825e0bba84d75d6e848efe189b191bcab68e4878e0107f3582954a098123,False
data/pdfs/paper_0172.pdf,paper_0172,single_paper,20155408,a4faa30f1fee4ff5a99e326f7ac9361429d1581656d20509bae709e979c4a11e,True
data/pdfs/paper_0173.pdf,paper_0173,single_paper,361711,c03f4f694edb7f3469df8cf0601a0463c1974325bef732b9fa49513152ddfddf,True
data/pdfs/paper_0174.pdf,paper_0174,single_paper,179161,fe0a1fb21dc56ce7d4e4263843fcb12d5fc21f315b9cdf2bd35f4581f2cc9e02,True
data/pdfs/paper_0175.pdf,paper_0175,single_paper,851090,46e1a156e1485c3c841ad525baf76d4ec36f064a5561ad1c27766c4742122264,True
data/pdfs/paper_0176.pdf,paper_0176,single_paper,326260,17ce7ba51c68cff0e080989a3852f23ac2ab06a5e22cd7f5390477c97ce993b8,False
data/pdfs/paper_0177.pdf,paper_0177,single_paper,6451195,2b69b0c826006daa076b2d44d65e9a82c75496f6d38166d1e43de5315279bb38,True
data/pdfs/paper_0178.pdf,paper_0178,single_paper,3372336,df7dce9bd9018870f9bdb46fe91cdf0f1ed604576ae97b418c31fa2ce1e03c90,True
data/pdfs/paper_0179.pdf,paper_0179,single_paper,1180486,25ff15f95c83f5ddf1b30aa78a85aa919216c1be530579696414ef53c9b4632d,False
data/pdfs/paper_0180.pdf,paper_0180,single_paper,2505691,c5a176621c3f06dbf6801fe75c7457ddfd82906ca3fd82ee0ca7a7f42bee01b0,True
data/pdfs/paper_0181.pdf,paper_0181,single_paper,3913321,07fd0ca69a6cd6120e07e843dd5277cb69d12cfcfb5698a655cb94eeded7e9be,False
data/pdfs/paper_0182.pdf,paper_0182,single_paper,708852,94d7e810edcb81c59427074c27d4b179efcfde9960759a70ca89123a935bc542,True
data/pdfs/paper_0183.pdf,paper_0183,single_paper,816930,92e9df9c74d59ec1551c4a0d7657874eaa8aa2fa28674398c52aaf90dccc29ce,True
data/pdfs/paper_0184.pdf,paper_0184,single_paper,481413,349c8c328b3ed0860a0fc2f1ba6115deacf4b845bd8b06213d43a91d6cb4711a,True
data/pdfs/paper_0185.pdf,paper_0185,single_paper,311424,0406b181d7e0d581cc998b271d3e915a7262b03cb76e08f0ded4d3b048d250f7,True
data/pdfs/paper_0186.pdf,paper_0186,single_paper,205315,0ec81affa8475d75e60d3bbd70c87519c75688b8947e06d2dbf96f06f8dbe9cf,False
data/pdfs/paper_0187.pdf,paper_0187,single_paper,338414,8d41335daea7ade67ff0a685741c4fc48eb2e3a7a16d894c4d5f4599650e5b51,False
data/pdfs/paper_0188.pdf,paper_0188,single_paper,764596,3857d57da40dce6c802feae4b7b4ec28aa26eab4ecccb8d878cfa1b64a2b0593,True
data/pdfs/paper_0189.pdf,paper_0189,single_paper,695252,2b430fa65d09c72fabfa42601d14003e851d033c36eb5c285954a544a4302f3d,False
data/pdfs/paper_0190.pdf,paper_0190,single_paper,2212229,e8c2f644d56c64171b00de9e979d59bb2fe6b75d406022b2ef08ae771e2a4821,True
data/pdfs/paper_0191.pdf,paper_0191,single_paper,890453,8590a1799a7231819392e02b6ccd92e51c3210410c9de02b82c7a25ac6974e0a,True
data/pdfs/paper_0192.pdf,paper_0192,single_paper,709106,ed2526c4a7f07962d914d06dc8451d5204906394ab36b54817cc1690c996e6b1,True
data/pdfs/paper_0193.pdf,paper_0193,single_paper,1423491,186bb6e6e6cd57ccfea3bfd4d9e3488d8d4f6a2f22dc5daa280b4dc813bafb52,True
data/pdfs/paper_0194.pdf,paper_0194,single_paper,10257024,ec74f2e13d05b12b921e5cd18ac469c2eb94b31cf13bbae1a836f367adae5e38,True
data/pdfs/paper_0195.pdf,paper_0195,single_paper,1889659,5798328e3c8661b9eafed0f4a977a966aebd358a56358234b349db02702347e4,True
data/pdfs/paper_0196.pdf,paper_0196,single_paper,525961,5f504e3f4d520fbf637c75d510b4f4aaf62ba3377ec1588a7955b169defb3dec,False
data/pdfs/paper_0197.pdf,paper_0197,single_paper,936531,ae9c075d3d015c95a1490e495c891c006035acd62de62775d3085587711776d3,True
data/pdfs/paper_0198.pdf,paper_0198,single_paper,395885,907990486c7b5d464dc050da8daa22cc5804313f4401348a463c1472b20353f7,False
data/pdfs/paper_0199.pdf,paper_0199,single_paper,571348,5b388e1dee2d870b46ef6f20d1a9cc919684292d393c6e3a7059af89e37d9b25,True
data/pdfs/paper_0200.pdf,paper_0200,single_paper,386259,d7310e38fb8c521b03fe69bebebff65dfdc646525a047fd196efa56b1c64c09d,True
data/pdfs/paper_0201.pdf,paper_0201,single_paper,2425308,dee7c721089c5e4ff81f2fae093b19cf7ab097c8ec0ba21b280b70dd3317d8ec,True
data/pdfs/paper_0202.pdf,paper_0202,single_paper,433935,e4bc17985516ca8eab051160599e25ca05d6ede947a9dc0876b01b98f3495ce6,False
data/pdfs/paper_0203.pdf,paper_0203,single_paper,315588,10761804b1f70f929436d56ddf064cfbe921a1614db1dede7cb67c74c7a4493d,False
data/pdfs/paper_0204.pdf,paper_0204,single_paper,4499640,e1e8af5cb5e0323b5ada119e0901fd88b8de18ed709880309aadb3b47becc670,True
data/pdfs/paper_0205.pdf,paper_0205,single_paper,1027961,d691f8af063ae7e1cabd47ef2e21b7820c8a7701b569803eee97c4da768ef0d7,False
data/pdfs/paper_0206.pdf,paper_0206,single_paper,351250,d6b9069fba47b3873c4f232865e95b37fb73610005765345ca1b3bc37d86127c,True
data/pdfs/paper_0207.pdf,paper_0207,single_paper,1241358,106d812636959ad56f6978fe7ed01118bf6588b690716105df03df020af53c0d,False
data/pdfs/paper_0208.pdf,paper_0208,single_paper,4067055,cb07446f13eb12e6ad7bafb170682a4e8ec27533f54942ea9a189ec491ec5b20,True
data/pdfs/paper_0209.pdf,paper_0209,single_paper,475737,6dea0652dc33e110a5d35d3d8cf5af8ae72d36c31dd6733d366c650635611394,True
data/pdfs/paper_0210.pdf,paper_0210,single_paper,631754,a5ebe4907d1e95e56b4de13ce366283b4b5924afd892238c50c03ac267976dea,True
data/pdfs/paper_0211.pdf,paper_0211,single_paper,579374,31faa1849ad3df3da5d9fa1617eac322ab0d577f02fda6e0707f6dd384df6aa5,True
data/pdfs/paper_0212.pdf,paper_0212,single_paper,3440034,d3986b1589ce8654a22341af538c4b356b7d6610e84d452a413f171ec5d2080d,True
data/pdfs/paper_0213.pdf,paper_0213,single_paper,411030,208dfd4c9f2a74d3836d242a3a51294e70ef5dd4fef335c454bdbf08dc25c205,True
data/pdfs/paper_0214.pdf,paper_0214,single_paper,407173,0b5b08557f10b666132ca8d95cd1989f1468c3a97fd8ccb8cb18c5289d1b12d1,True
data/pdfs/paper_0215.pdf,paper_0215,single_paper,1638182,bff57a2ad3cfa09e19f3bccdb6e342bdcab5bfe05002937bd25c21a63745101f,True
data/pdfs/paper_0216.pdf,paper_0216,single_paper,9465792,5d535a40a1505802c94acfe6f5140ea3c8ff762649231b97b65a20ca7bfc5e0b,False
data/pdfs/paper_0217.pdf,paper_0217,single_paper,176013,af2a283dc16f10a804b926987e5d75451ca560d425c979342419c1dbe62ff912,True
data/pdfs/paper_0218.pdf,paper_0218,single_paper,234578,0de6ef80d1c4fed17a102bec374b1ebfc18e9a4325bff1bb4d63cf31875c0183,True
data/pdfs/paper_0219.pdf,paper_0219,single_paper,8449851,1a9a139bb4f40cba0cc087b423004beda0a3eb968ccd4c202931971eb61cae92,True
data/pdfs/paper_0220.pdf,paper_0220,single_paper,250435,33f24ad625a387339a6c8d9379d2e369f1a5bc8635af718f3684250a775a0baa,False
data/pdfs/paper_0221.pdf,paper_0221,single_paper,1180699,1f90a55953546a37d8e68cd1d0999a5569b4bef84205e384acad09aae5a649b0,True
data/pdfs/paper_0222.pdf,paper_0222,single_paper,1100450,f86466e65568d2cec2c691a9e10b2e0925c028f1145d3474fd2282b8091829f8,True
data/pdfs/paper_0223.pdf,paper_0223,single_paper,358221,df759a02588a7462a7790767cdab1ee7f1995d12db9719c5fdf1d2c61cd4823c,True
data/pdfs/paper_0224.pdf,paper_0224,single_paper,3185757,c08508983e4cee591454a4319670c3cf8ee42fb1cc37be97c0d6e4dc88dd6164,True
data/pdfs/paper_0225.pdf,paper_0225,single_paper,22675045,46357dd5ec8a4362b14b6ad9408a0f51e88faa967b0d2bca16d9137abd29f9fe,True
data/pdfs/paper_0226.pdf,paper_0226,single_paper,541358,26b4691182c19c2e31336584ac88b1d75c13d8b1eff5401dc02873a22621f3a7,True
data/pdfs/paper_0227.pdf,paper_0227,single_paper,1650332,880b271c3a28cef1c992c86ca9ad55fa4cd6bcaea6c6dd45527fa1fe427be982,True
data/pdfs/paper_0228.pdf,paper_0228,single_paper,388551,d6fba5c9967ebe5658233e08416dac38f7d4e7908627ba500fcae47448106ba2,True
data/pdfs/paper_0229.pdf,paper_0229,single_paper,356310,21fa91dfa09d506a0dcb768b871c54252b10a687c7daaecd4e2f8a3ad88df464,False
data/pdfs/paper_0230.pdf,paper_0230,single_paper,1118735,6c5b11c4e1db2cbe5b9a85aac85a8021558282d2034869cea8b8ced508f9fe28,True
data/pdfs/paper_0231.pdf,paper_0231,single_paper,504849,c7fffc1272d3202b1a5a24130faf8311527abf193b7d66c2779a5b3b7823ffca,True
data/pdfs/paper_0232.pdf,paper_0232,single_paper,525099,c00581815febc68ac6d6b70aca40f5821c83b0b56e1fec5509a2778f8ca5bd69,True
data/pdfs/paper_0233.pdf,paper_0233,single_paper,1091142,7aeb413b7d6abaa239358cdce411f6475d6ef1571ccc4881da425abb7b9532cc,True
data/pdfs/paper_0234.pdf,paper_0234,single_paper,2253131,d46ffb0903509a5c648f5028241ed4817ff56e3224a5a17c6684b20a76498025,True
data/pdfs/paper_0235.pdf,paper_0235,single_paper,3233674,71f24ccc48e49abd1fc6d5a75c45a7206ebcbfc4f5bb21f3ed40b5a51aadb390,True
data/pdfs/paper_0236.pdf,paper_0236,single_paper,466850,89faa8bc6c0b627ffb661b4aa95f4a4aa9403e3793ecfc03912d17e2e3754133,True
data/pdfs/paper_0237.pdf,paper_0237,single_paper,1346478,3e42d556a5f6252a5691b49f76dd9c3341f9c2d99b035822a90525f00f23c837,False
data/pdfs/paper_0238.pdf,paper_0238,single_paper,653427,9bbb589de25b5063c0cabadbe401a24d46174b321155f589db1b0247e7c21c0e,True
data/pdfs/paper_0239.pdf,paper_0239,single_paper,3394282,642b5a25738a77a71537dd46477030f35b64a8390a519da3bf314047ec025798,True
data/pdfs/paper_0240.pdf,paper_0240,single_paper,1807334,4b64656f565f172fcc7edbd380b5734ef3040eba0108ff61cb469dd43b868408,False
data/pdfs/paper_0241.pdf,paper_0241,single_paper,4985381,d1752cc7be0234f4f0f5875d9e6ce1ae5b94eaf85e8bea79707432aeac5b2f76,False
data/pdfs/paper_0242.pdf,paper_0242,single_paper,565165,c3644a2ece67d3b58047e837f366cd760e9cedf1e838306caf784b7b6ff9f157,True
data/pdfs/paper_0243.pdf,paper_0243,single_paper,448317,5f4f1e77b5034d19f09b8c1dca07206e190f438013c8f07f8dd2fad80418c12a,True
data/pdfs/paper_0244.pdf,paper_0244,single_paper,6998815,b7e4301e1fce3d53df9c042451435a4c7c4154b18a99d9b39e80cfec314ea809,False
data/pdfs/paper_0245.pdf,paper_0245,single_paper,361521,375f44ebcb8dcf980cb1581f24946d14f147dbddf32e33028eb19ab8c04c83db,True
data/pdfs/paper_0246.pdf,paper_0246,single_paper,2538853,7cf5d7dc53b99aab0d1bca06b457161080739c97ed7c6be0a80fac9931ce1543,True
data/pdfs/paper_0247.pdf,paper_0247,single_paper,801896,4046dd12f84ccd2064d3b6c4ad071944f8bf6e80e71daee4bcf13ad9dbbce8f5,False
data/pdfs/paper_0248.pdf,paper_0248,single_paper,699836,facc473f7c489a5e36b97e6151118ca110de837f43d4a7ef0c7024038d427b1b,True
data/pdfs/paper_0249.pdf,paper_0249,single_paper,5898670,8913f323f6017e13515f2157ea1fa2274718690dff42795a975f4a813bded35e,True
data/pdfs/paper_0250.pdf,paper_0250,single_paper,3115280,7c658cff0f6ad6183d48ce55a3bb634cceb56ac4558b74dd9007cd0e01667bcc,True
data/pdfs/paper_0251.pdf,paper_0251,single_paper,7433126,2d295251d0826f3116b0a62c7fec208f72ec9153dc2a0d1bcd9bdfbb8d8e79f3,True
data/pdfs/paper_0252.pdf,paper_0252,single_paper,19778601,7e681ea212d85b297b34521a4df14c7160245af5d8b0b1d59aedbf96ee316c07,True
data/pdfs/paper_0253.pdf,paper_0253,single_paper,455729,9afc3021a94fcda90c45fefe7f84e617d0a7d3cd590992a98fcaf1c89cf06bec,True
data/pdfs/paper_0254.pdf,paper_0254,single_paper,4311172,3a6764b3b9484e8379819762378cdac6f219e4f2df684cfa6a400aa6be1351d1,True
data/pdfs/paper_0255.pdf,paper_0255,single_paper,1569592,a88edf62f8b154f4468014f8447a6e8e966aee725f6e0c575c75689e90cd7c37,False
data/pdfs/paper_0256.pdf,paper_0256,single_paper,6578792,7169924fc5b849b6d6009e4bb712b0b44820631d8eecbd29a1c3162ba1acbee4,True
data/pdfs/paper_0257.pdf,paper_0257,single_paper,5395235,f0279ac348777839e58fb5b311aa2709d10cea1928eb65c5a5d5cfd351c317d0,True
data/pdfs/paper_0258.pdf,paper_0258,single_paper,265010,618c523c93759a329f07420eb9024f24efc2088eb89cd77f5d3aab7a54ecaadc,False
data/pdfs/paper_0259.pdf,paper_0259,single_paper,347265,306ad62f9aac981c3a92bd5f45a988fb0bb30c00ad5ec73a161b861d79b34aad,True
data/pdfs/paper_0260.pdf,paper_0260,single_paper,270139,d2a6797019d1147d79264c462c64ea409f40bc8708945647f2d42ec0d98ebbe8,False
data/pdfs/paper_0261.pdf,paper_0261,single_paper,664939,67de85b70a475f10e23f35aacf0612db02790fae348463eede969804198e64b3,True
data/pdfs/paper_0262.pdf,paper_0262,single_paper,10820832,562ef6ba2184e985e36b12459dac14b37095278ff91431900531ab86da0df7a8,True
data/pdfs/paper_0263.pdf,paper_0263,single_paper,792213,b82ba1950de20223647437d2113b81832f64e6fcd1269abac80389a16be11b15,True
data/pdfs/paper_0264.pdf,paper_0264,single_paper,488229,cdb4f027f9f8ecd605b6a851099d20a2926b0937d98fd1492b5e64e19698b9c5,True
data/pdfs/paper_0265.pdf,paper_0265,single_paper,2435857,600ca7be4017e98dce0e96ae339d811a6aed0de6d2f33fe77557854d746b1c6d,False
data/pdfs/paper_0266.pdf,paper_0266,single_paper,7002657,cca4fe3bfd21a6d99e1f626b0861c875d08041524b88e2d5d02a46586f3aec6e,True
data/pdfs/paper_0267.pdf,paper_0267,single_paper,938725,fb141d616b890009dfc6a57b5248f27ed3121ced69e73ce8f9ba0612dc4bbca8,True
data/pdfs/paper_0268.pdf,paper_0268,single_paper,841951,85d3f2b0e04b7c452dcb067d82898678a2f050c6174f0bda87a68b3d09080759,False
data/pdfs/paper_0269.pdf,paper_0269,single_paper,329773,ee905fde6413512f8d79d6aee0fab75c0ec73926e9dd4708559e285ef59c1a6b,False
data/pdfs/paper_0270.pdf,paper_0270,single_paper,416266,1337b4702262661b93d4d78f7f9ab7149cb0b2508a72d77e0382b3d024235ed6,True
data/pdfs/paper_0271.pdf,paper_0271,single_paper,2752104,9d1fe6af8652eee63a4352b4f01b27ea272f7ac268e2053ce5215e3dd0d41ccd,True
data/pdfs/paper_0272.pdf,paper_0272,single_paper,1270747,82177602c7f357b46f35a78f501d4820c3b0e140648cb23321a698ff067d0a74,True
data/pdfs/paper_0273.pdf,paper_0273,single_paper,512693,13c8ad5dec4a93567e125877041482031116e2223ede47e2cb6982e4664adbca,True
data/pdfs/paper_0274.pdf,paper_0274,single_paper,7944872,a891c5d5cbfdd4a254efd4bb681edc1a0b77a9da97df8ad073e1e1cfe937a022,False
data/pdfs/paper_0275.pdf,paper_0275,single_paper,2776159,5e005fc772b8e3820e6815ec519bd68c74a701cc5d2624b0e571c30eb53a3737,False
data/pdfs/paper_0276.pdf,paper_0276,single_paper,16246958,7905dc1c5055162bc14e2dfc61967b0d635355ae437f2e6787738c79761e9dc3,True
data/pdfs/paper_0277.pdf,paper_0277,single_paper,4362197,98681221ea4da74dbc60c1cc9e961ba619964e84320af53699ccc3bd22887918,True
data/pdfs/paper_0278.pdf,paper_0278,single_paper,423067,9673fd645553c2655a9d54b9be6bad4cc88f25e0849f723e5ea6966edcd04fd8,False
data/pdfs/paper_0279.pdf,paper_0279,single_paper,1413486,4aad9ab33757040d0fda5f66395564e46db1b679b971fd211a1288169e91249f,True
data/pdfs/paper_0280.pdf,paper_0280,single_paper,14553472,b7b28f6883fd3d4343674b7c993c5258b5e7313b9462a2e78eefc2b2e7dc65a7,False
data/pdfs/paper_0281.pdf,paper_0281,single_paper,159858,5f9655540d04ee87824ca1a557dd8a4ffcc7ea9e8978e63524e69dc36863605a,False
data/pdfs/paper_0282.pdf,paper_0282,single_paper,731790,a1d9a02b4107382bc42af2f930822deee687b53652b07e3d500108eb30385229,True
data/pdfs/paper_0283.pdf,paper_0283,single_paper,4224303,fcd22215c2de0d71780f091b3f91282537df3be32e1b42aac97c5f16bd75f65d,True
data/pdfs/paper_0284.pdf,paper_0284,single_paper,1489515,3963055c49ac40328557bb9bb1cdded50d8f66c1036389aa2d80c52fa226692d,False
data/pdfs/paper_0285.pdf,paper_0285,single_paper,641961,a5f7bc7c38cbcc5bace1856261de4b6b719c35cc02698dc012578eacba2cc2fb,False
data/pdfs/paper_0286.pdf,paper_0286,single_paper,2311989,cf4eac303dac42a5e1182c6f792f46bf3032bbe58e52714fdb5e1bf8ecd9ecb5,False
data/pdfs/paper_0287.pdf,paper_0287,single_paper,12369385,0c03c0a3c7be42161075f064c907cbdadac53ce9ffb35e2ff58aa6b3b336aac7,True
data/pdfs/paper_0288.pdf,paper_0288,single_paper,645856,8165b5578be72df4dcb938844924736bb88d3bcd8878d6f0cd28453ba29f2919,True
data/pdfs/paper_0289.pdf,paper_0289,single_paper,2558441,7d127b0dae51e28a7681ed8c8b434fb36522750c8770a6a2d8b4986d366e4953,True
data/pdfs/paper_0290.pdf,paper_0290,single_paper,389903,8db92914a4b12df04f34adfd5dd280814b81d46c38524b918c4b4c359cd990bf,True
data/pdfs/paper_0291.pdf,paper_0291,single_paper,817306,f2ece7fb46416a3f7a0043b52f522f3092f4034b99121958503c73cc11297cba,True
data/pdfs/paper_0292.pdf,paper_0292,single_paper,2068518,ec9f5fb501773f94b6dd8da55d5903e1f5e98fa71c77124c8dd7abed92ab4e65,True
data/pdfs/paper_0293.pdf,paper_0293,single_paper,566997,909c550d2ec69b4376dc31ddf9973e6876efe491b69ea3e28061198da8877e89,True
data/pdfs/paper_0294.pdf,paper_0294,single_paper,271440,6f17a6093905677b77f0aed434738555d7af7807e3418c52c18d6c056ab143d3,False
data/pdfs/paper_0295.pdf,paper_0295,single_paper,4629600,127f369ce6e063c54ffb35eceac53dad01b9703d1e0bdfa6bcc00cb4fb9f26d2,False
data/pdfs/paper_0296.pdf,paper_0296,single_paper,922835,50efb41e28c81336806f8c32d8e86b3415ee69a2bc2e58eb7db05de8d0d9ee3b,True
data/pdfs/paper_0297.pdf,paper_0297,single_paper,4066757,0e3105da2c50b12d68aff0909f1c3d6129cff237df45e8187acd73ef86db35e5,True
data/pdfs/paper_0298.pdf,paper_0298,single_paper,590380,f0675e8d0e94d89aa99056b5d0604b5345b0b3080225def84aca52f70d3019fe,True
data/pdfs/paper_0299.pdf,paper_0299,single_paper,2043323,674216a27ca28fd11eb7d59f1de62182dc7faa7d0812376b476a8c12526b02f0,True
data/pdfs/paper_0300.pdf,paper_0300,single_paper,10524816,89d945f622ee98e23bd5d15225a373dc1c70c0a42c18c5c74969733bcc2c2cbf,True
data/pdfs/paper_0301.pdf,paper_0301,single_paper,1985362,a6bd2aae4f46724c000be6739f37a19633eee8678662b940efdd53f30a9f77b4,True
data/pdfs/paper_0302.pdf,paper_0302,single_paper,556783,db50b363d17178f44e9e4f02345640fdfa7c812e97429f4ea920e170691f9e4c,True
data/pdfs/paper_0303.pdf,paper_0303,single_paper,363910,1b33c0aca596ebb7b4efb15c728e8d388321758fe41eea8d6f9e76b73345ede6,False
data/pdfs/paper_0304.pdf,paper_0304,single_paper,3135191,4f7c356027b0a74872267dfb3af06fee21ca15fc7c0d9daab99a7683105aadfd,True
data/pdfs/paper_0305.pdf,paper_0305,single_paper,950303,aeb588117034be8a4ee94f472e3f03ae0553a0da2c455d3cbb282c2929c4c2eb,False
data/pdfs/paper_0306.pdf,paper_0306,single_paper,1101875,0e760d09fb17f59a95242b305afb05314d013bb2d3aa87b40e670b95bb962ad6,True
data/pdfs/paper_0307.pdf,paper_0307,single_paper,1198350,de24eaf6041f4ccb5670879c424d3e8c9931c491b6219750a12baabedf42a23e,True
data/pdfs/paper_0308.pdf,paper_0308,single_paper,9857077,20292c4603eeed394d0c8d15810da6ae5997e3c0ff9f6a4343d7a7388fbaa0fa,True
data/pdfs/paper_0309.pdf,paper_0309,single_paper,3703279,31e958ddfc2a4c727a2302dcd4c7f346e36e5d253d9810328686de67f7a3c1d4,False
data/pdfs/paper_0310.pdf,paper_0310,single_paper,557051,90817d009fefe15074d8d627068037c7ce6287c3d04d5363161759e02bd05a7e,True
data/pdfs/paper_0311.pdf,paper_0311,single_paper,881921,866d56366517f50c27574c4b821465b176ba198740ec794e919f5c37a0d1aaad,True
data/pdfs/paper_0312.pdf,paper_0312,single_paper,829396,e152c347c9277494c7734765d9e3ad3512dd9060ef9db02755f7f4bebe6f519c,True
data/pdfs/paper_0313.pdf,paper_0313,single_paper,6519359,45319a364d561e3edc4a79436fb1d7cc3ac1123ba06e8735cf837946860f25f1,False
data/pdfs/paper_0314.pdf,paper_0314,single_paper,901290,ba090dc437364fae90e69f605d4fee86317d61fc5a0e255dabce084f7e45c57b,True
data/pdfs/paper_0315.pdf,paper_0315,single_paper,1199383,97abdb097621fa688802de97de84c7e95b56afcc6d99a8c02ba79d8d41005fb4,True
data/pdfs/paper_0316.pdf,paper_0316,single_paper,2883144,3cad5dde1c937766c1ee6414e71151565f65c9ce07584748f68cdc3d6c4081c9,True
data/pdfs/paper_0317.pdf,paper_0317,single_paper,2866305,363dd471469ec69ea10d9800b473f1eb40f21c9d6c7e3dab2390404287038e36,True
data/pdfs/paper_0318.pdf,paper_0318,single_paper,564030,eca4e3c854d5970d114d4dc3a141eb0a0b635449b5334b78bd7ccc7632541c01,False
data/pdfs/paper_0319.pdf,paper_0319,single_paper,804644,4ca622b35bb9ac3ec16bddfd92f9d9b0cb43c657ab3ed408fbdcc878a1611907,False
data/pdfs/paper_0320.pdf,paper_0320,single_paper,3134664,2b6e8c6381a673953cf422e6b127d1ad2bc878204a7fd0e8de2c8178b7e141e3,True
data/pdfs/paper_0321.pdf,paper_0321,single_paper,1155167,0eb7c98a0b6d94d9c78fac4e9a6a2737eafde2dde9853636aafbecf9b1c791f2,True
data/pdfs/paper_0322.pdf,paper_0322,single_paper,467958,cb169bfadf5816251989f614ea42d8e6f45705b45a77b9c78d442d1421089c9b,True
data/pdfs/paper_0323.pdf,paper_0323,single_paper,1782636,702f55423551564e60b8b80af3899eb667852c43ba56211b920305b348eb987a,True
data/pdfs/paper_0324.pdf,paper_0324,single_paper,343790,2f57874e0995ddbfae533480e21bb38710a0f2e7967b34c1e81efed4eeaddfaa,True
data/pdfs/paper_0325.pdf,paper_0325,single_paper,1727210,23ba07f475f1d0c770daaef951b40f5ec7dbbf0eac0ccf2f7a269b6a4f118874,False
data/pdfs/paper_0326.pdf,paper_0326,single_paper,611562,46cfe38730e0be1f3ff910a43f45a5ca012151dabf5fb4b5f807d687cf702191,False
data/pdfs/paper_0327.pdf,paper_0327,single_paper,3903596,c07fe700d3e7bc554f114e90f086d19efb751d59fb58a40789e4b47c3d25b4d9,True
data/pdfs/paper_0328.pdf,paper_0328,single_paper,2429634,b012a0bb0d1366656c07406caaf21fa10686667434712da6aa6ee66f3c9e8123,False
data/pdfs/paper_0329.pdf,paper_0329,single_paper,188911,f524a3d039adf5286f200f5e05faa532e79835085e8c264d3b18c7aad80b4dc0,True
data/pdfs/paper_0330.pdf,paper_0330,single_paper,440423,de21634519e3035411d06c2fd4a2635d6f9ed1eb4a89f85c8e970c577d683841,True
data/pdfs/paper_0331.pdf,paper_0331,single_paper,727770,c2fd7c8615e1d4aade4ebe913610b5f5dc5a443c727f37059cdf158792d6aa4f,True
data/pdfs/paper_0332.pdf,paper_0332,single_paper,846076,7315423d7792e576f405e0371ef7002818d265cad2a791e6842492fcde0f8a2d,False
data/pdfs/paper_0333.pdf,paper_0333,single_paper,1881779,a547125d114e4bd0945b92c834a01e9275f24499e361055d8d9b33f4fa1746d7,False
data/pdfs/paper_0334.pdf,paper_0334,single_paper,2118801,f399106b7579e136592d368e8b23a7ce6ba3e7990db0f0d64626f262669337e6,True
data/pdfs/paper_0335.pdf,paper_0335,single_paper,377041,a673ef3f2d1226561648458031f2bc745ded41275e2287347e4e024b4fe0e9ff,True
data/pdfs/paper_0336.pdf,paper_0336,single_paper,416849,55d99c0a1617cb366d55ea54e33d089a15bcd0e29621f254703bdef0a05abff8,True
data/pdfs/paper_0337.pdf,paper_0337,single_paper,1081068,9d2d22044e33fce814f11c278ff96735f9c4c074e5f097739b998d88bf6c515f,True
data/pdfs/paper_0338.pdf,paper_0338,single_paper,3068936,0d3242f1cd9e8d173d0e76d401ab414e8d7ee0a00c7115830b0c28adeff809fc,True
data/pdfs/paper_0339.pdf,paper_0339,single_paper,1347721,f986b6cac93d5ec48b96ebb8ac2a1558373c5b0de2fe74fa2140872e5a3fc4ea,False
data/pdfs/paper_0340.pdf,paper_0340,single_paper,386758,e3adbb6b55cc20e607abab42cac29047dc5aaedf9eb44a12cbd867ad3a4b7613,False
data/pdfs/paper_0341.pdf,paper_0341,single_paper,12409650,d0a4648725c0fec35a469ce85d7b15f610a40f6529dee92a9e8d626448e1a6f5,False
data/pdfs/paper_0342.pdf,paper_0342,single_paper,463731,19422b1c53cec0d5a29a9b42356ce4d5d8ce851d44f4b21899f2b4184a005a6c,True
data/pdfs/paper_0343.pdf,paper_0343,single_paper,8456724,e7fd0be41637f4de1b6be8cfbb367dff45a14332dd1e04b636f3d66531b8b83f,False
data/pdfs/paper_0344.pdf,paper_0344,single_paper,964419,7504546823fde0cab70c3c6ff84f38ca657c0df01b0a4f18e4931b036ff68cba,False
data/pdfs/paper_0345.pdf,paper_0345,single_paper,3960708,dd7a92c840bf7b3425f9069411f7c8ba87bd8a500105390d3326e83e0507a7ef,True
data/pdfs/paper_0346.pdf,paper_0346,single_paper,7911043,b9c790e7de43068bd5bfbce3ef365dc9a3da80e209e9a2a8fa53856b4f20e219,True
data/pdfs/paper_0347.pdf,paper_0347,single_paper,2324788,4538394512308f70942723ab91871a5c883ff6c32234b6158e06dc6a51dd4fdc,True
data/pdfs/paper_0348.pdf,paper_0348,single_paper,3624849,a9958777ca7c5a2693b4bcea11de8f21eb84aed37e1c581c330cd11dfd334046,True
data/pdfs/paper_0349.pdf,paper_0349,single_paper,5345363,8da059a27e57f7fa66e9b710197435b2631041a5ca849ad33fc22e87817eb15f,True
data/pdfs/paper_0350.pdf,paper_0350,single_paper,1562115,a9e98f2b4536e3bfa22825039f6167676ae2672e9427d5636bbc6909310e67d4,False
data/pdfs/paper_0351.pdf,paper_0351,single_paper,670036,bb1ab766de3e8262f6d80e7baa9acd790d958d75f418e179a7b239e5a0e70166,True
data/pdfs/paper_0352.pdf,paper_0352,single_paper,2182869,9ae7924074ce6158343e0eae10f3ede071f55587d9f93f0fcd983933683372f3,True
data/pdfs/paper_0353.pdf,paper_0353,single_paper,910782,b4195e6619aa402afccd475fec9da88fc8f20d6218bbabad46807ab17341b86f,False
data/pdfs/paper_0354.pdf,paper_0354,single_paper,758138,b44cbba9726367ea146cb852c99e8fc46a9bd986ba46f58cb6d7bcc0338fe8ce,True
data/pdfs/paper_0355.pdf,paper_0355,single_paper,671061,4e522875053802fd45f0f001b1a15ca2d360582923f6e52b1e8906ea24ee0a8c,True
data/pdfs/paper_0356.pdf,paper_0356,single_paper,3433547,73884eb08c7ac746e5d8247a940c162c18946c84c5e9e85f2bb447534c97df2b,True
data/pdfs/paper_0357.pdf,paper_0357,single_paper,741762,e090550ceb341267609339b919f8c4292afc15c1e80f0508c3609f7a8254af7d,True
data/pdfs/paper_0358.pdf,paper_0358,single_paper,1296632,16eba9a30a71b1eab6f2d84a1314ed4235c5a15d9de44f4ada0eb6b523301e1d,True
data/pdfs/paper_0359.pdf,paper_0359,single_paper,11683591,c0dd28e8827d964b2d852028d68e6369cee12647e0bdc03641ad9f71be881604,True
data/pdfs/paper_0360.pdf,paper_0360,single_paper,1685329,673dc74c573d1b6fc18ec7e76b2934f9a2b1ed806d5e3eb48cf8f13284e00536,False
data/pdfs/paper_0361.pdf,paper_0361,single_paper,1860174,78f18259f8c11b7a6fe61e290719e5ac6f1e0709f0e40773a1ba7bedc946eb30,True
data/pdfs/paper_0362.pdf,paper_0362,single_paper,3569279,c6a6c9bb651b5638e9b7ad02ae9ea8d1e30119b0d2b8be68fa90034e50467032,True
data/pdfs/paper_0363.pdf,paper_0363,single_paper,872349,9b1129ee7c1b5794ed82fdf95e98a154265c9554ab4ec9c606bd77fface6453f,True
data/pdfs/paper_0364.pdf,paper_0364,single_paper,403758,8a82804c66daf69fe40fe963847d5a3d6395dd18fd43a331a41255566f0f23ec,True
data/pdfs/paper_0365.pdf,paper_0365,single_paper,1247688,c5751af0e35bf626819b4435e90cc8e2602d4555c49264344f65c71e7a8ecdca,False
data/pdfs/paper_0366.pdf,paper_0366,single_paper,506658,bb64746e3c2e8a211e9ad17ed9aa3925796697941e18d4479809ced426e6f9da,True
data/pdfs/paper_0367.pdf,paper_0367,single_paper,440061,3fc6322b411cd1b1841eb4287073fe0960a15d12407377b97435da7e465ccbfb,True
data/pdfs/paper_0368.pdf,paper_0368,single_paper,2192920,3be03faedb0446eead1566aaf044bc2470a092c96d381d069c5dbf1e9b24fbac,True
data/pdfs/paper_0369.pdf,paper_0369,single_paper,405468,bcbab5a3ede7e8f521baea25c03879343c7debcba17b658e0b8ceacdc9619146,True
data/pdfs/paper_0370.pdf,paper_0370,single_paper,13535757,32c91dc5beb88e12384b828527275c1db1444799765332f6f54afa5a63ad1032,True
data/pdfs/paper_0371.pdf,paper_0371,single_paper,507037,9a4ea9f9c724e9ecf38faca067c82699d908446038b8a52ebf8bd174f7b05e0d,True
data/pdfs/paper_0372.pdf,paper_0372,single_paper,18822225,dfdc81bf259f64401d32ad3f697dc4b723413b25545865c9f5a12e27bf3e5bef,True
data/pdfs/paper_0373.pdf,paper_0373,single_paper,2383436,c2ba7ae359ebd8ef42ac5e0c2f3821333c8f21aafc241367d6961896e0bc0b33,True
data/pdfs/paper_0374.pdf,paper_0374,single_paper,714527,8ea9e351e24966847132f76112cab706b83d37f88f7c44af5b280375b19efb01,True
data/pdfs/paper_0375.pdf,paper_0375,single_paper,13962647,b63f2be73643ca2c7a20715211bcf0ba23713610b32acc382b0bd2d4ce008872,False
data/pdfs/paper_0376.pdf,paper_0376,single_paper,689284,bcea824a3a38632b00c904ea2873f5ac163f05888e711bd360cbad88c48e968c,True
data/pdfs/paper_0377.pdf,paper_0377,single_paper,10436067,ca1db7c890dcbba92326bc0b475ca39ec054bb429b63e51b475b8bfb33a04705,True
data/pdfs/paper_0378.pdf,paper_0378,single_paper,2582139,cead4b64b0005c108d2ee2dc27f9c3373af94c722a65e464a0d56fb8b4f10eff,True
data/pdfs/paper_0379.pdf,paper_0379,single_paper,4503824,218dd13d8033513b505bed4e9a5885730cf2583ce9c884747165420621a7eb41,True
data/pdfs/paper_0380.pdf,paper_0380,single_paper,167127,4c11b7a691733b1656b59ed5cdd608e9a67d2641bc7b92894314e0a41484b613,False
data/pdfs/paper_0381.pdf,paper_0381,single_paper,606105,b83a632c61086d0771e08d27c36c48736d522c477ad905276d1ca9d0995e582a,True
data/pdfs/paper_0382.pdf,paper_0382,single_paper,344361,813bcffd92fc894e63effde194a7779dd33264f10cf291819758c5e903bafebf,True
data/pdfs/paper_0383.pdf,paper_0383,single_paper,518320,3e4fcd1ff6d9edd82f1bf93ec0392290e7cf53b48d27340f397924e74be4c1c7,True
data/pdfs/paper_0384.pdf,paper_0384,single_paper,415052,867a32262e46511c3af7d1e7038306f132c5d23eaa0a9b9ff4402b979cd357c2,False
data/pdfs/paper_0385.pdf,paper_0385,single_paper,391022,cada51ff392463b78ed6871930426a2654e00dc4d9c3e97871cda3db3dc003fb,True
data/pdfs/paper_0386.pdf,paper_0386,single_paper,16579190,8ac2b58808c159d435f1908821a11e4e3ee8a93cacbb2d12e337c9001fa827e7,False
data/pdfs/paper_0387.pdf,paper_0387,single_paper,321667,1b63d2c31c9caaf507352bb7a6ba5b2c9d02415d624fd20edd47d78a3d24dfa9,True
data/pdfs/paper_0388.pdf,paper_0388,single_paper,1624670,a2a05e77288002d9e7fd3d90a8eb17da8251c0fc1e97a91f972bc45eadc9c035,True
data/pdfs/paper_0389.pdf,paper_0389,single_paper,283964,cd0066bc561be700387694b227e6c2c064bad74890b486c80f782013676ffbcd,True
data/pdfs/paper_0390.pdf,paper_0390,single_paper,832675,8dd3c1892109d362acc4f12e3d831ea6213c271daeff5a1f6c3e15bfd55aa4e4,True
data/pdfs/paper_0391.pdf,paper_0391,single_paper,568765,ea772c1d15c4ae1faf095c8305087797ba890314967d99233711324626061c8b,True
data/pdfs/paper_0392.pdf,paper_0392,single_paper,846394,d7c3ab9b71acd61e8e86c31b958ff8f5b787f1fd7c502b40df2573b3b5f00ac9,True
data/pdfs/paper_0393.pdf,paper_0393,single_paper,4053045,779204b382616fa90d74aaf0268b6ef1b4b1c85c01c8175da43d233e65d5c2a1,True
data/pdfs/paper_0394.pdf,paper_0394,single_paper,616815,498750a75b95c5b7c4050bccf865e2d6a33ea0b74b91a0fe06ee05511ececfc5,True
data/pdfs/paper_0395.pdf,paper_0395,single_paper,341660,e04ea01cfb0dff4c243a0b074d6a53d5225458729896edebb378b6c9baca88f7,True
data/pdfs/paper_0396.pdf,paper_0396,single_paper,3824769,e445f45adb88e7ee1cff69b66205a44270645a929964a378c6b39dabd7c6491d,True
data/pdfs/paper_0397.pdf,paper_0397,single_paper,2630745,41dc7e706fb931a0d4685f48330340ba7c791125b6036403200b27e3ce708221,True
data/pdfs/paper_0398.pdf,paper_0398,single_paper,1713701,55c79cda77f8371c7ceda89cad557eefcc2d3ec19574fffab98665ac7ee721b1,False
data/pdfs/paper_0399.pdf,paper_0399,single_paper,351117,fd8c1f1dc732cdb055cef502dad7d227d102f1d89489e82c6a060b894b1af110,False
data/pdfs/paper_0400.pdf,paper_0400,single_paper,436655,408ee1574a48b7179211125d20c3268104f3466c93a2fac004ac88ca27eb4065,True
data/pdfs/paper_0401.pdf,paper_0401,single_paper,7343009,fa405f58c887ff016aa9e990d1446baeaad085605e114f5f97981d95e2e941eb,True
data/pdfs/paper_0402.pdf,paper_0402,single_paper,539209,9c805904dcb5a8c84a4a100a967009e13ebf158c0512c2c1208b21b64cad77cd,False
data/pdfs/paper_0403.pdf,paper_0403,single_paper,1500476,7b12a669c91f73fe2c6fdfac3c906537a0a0d27cc25e13fe5d5c70dc82ec8c44,True
data/pdfs/paper_0404.pdf,paper_0404,single_paper,780571,85756ea9084ddf1ca3b240f4540e59d791ab99386f1de583dd20338a04ddd1fc,False
data/pdfs/paper_0405.pdf,paper_0405,single_paper,422900,4f6f660d9df4d9f2a08cda740063a1949d3e9ab16e3038b267c0bf14eee90114,False
data/pdfs/paper_0406.pdf,paper_0406,single_paper,1557233,74d834659ce1707cabdb6be7f94ec73da838a933e152f1bc3047c18ed5be119d,False
data/pdfs/paper_0407.pdf,paper_0407,single_paper,16637300,44c6a006bf77f3fcbffa334b0f07d8ed37df6fd69aad0342613ab5648b17b32d,True
data/pdfs/paper_0408.pdf,paper_0408,single_paper,2066475,18dc632cc7c03ad9e341190a089a195fdb82759c7e34cdc22e269db6d24afe50,True
data/pdfs/paper_0409.pdf,paper_0409,single_paper,3244106,9bc2e2b2deb79cc4b9dde843d9b9b178c4f24b20e05bec0c21fb6e56c5e218ab,False
data/pdfs/paper_0410.pdf,paper_0410,single_paper,3904738,6b4b78b09c2adb277cfb0cbc10612a6fb4b5fde47724089d2d23566f662ffc6a,True
data/pdfs/paper_0411.pdf,paper_0411,single_paper,2240474,0ab8790109a205ce8eada25c262fe3441230b2256906ef6fdc98663258131a28,False
data/pdfs/paper_0412.pdf,paper_0412,single_paper,9027198,9d0a7045f1e94b2f630b494ff4a63d6df591d422d04dea15474da5dcbae18f74,True
data/pdfs/paper_0413.pdf,paper_0413,single_paper,4828526,1d6e6a94fa420e706e11868674bc469dff5f970ee2fc7eea750783137426a449,True
data/pdfs/paper_0414.pdf,paper_0414,single_paper,2244193,686449860082bc3cd55e0afdd5b60ee46e13fd044781cf9aa4bdf1113ae9b4b2,True
data/pdfs/paper_0415.pdf,paper_0415,single_paper,1106333,53457cfad40a44ab6db218827da268306759a944d770d18ac4bfb7af60d11f71,True
data/pdfs/paper_0416.pdf,paper_0416,single_paper,802395,67cdb9dc7b64aae39a06484445ac86b6d79eaec8b2e9aafabb75279591c30ce3,False
data/pdfs/paper_0417.pdf,paper_0417,single_paper,1276503,30cc41c392c9da047802121fe4d1497336373c577fb61977773b06d2a7d1372e,True
data/pdfs/paper_0418.pdf,paper_0418,single_paper,817643,59e366e8cc6be17a7b46fae868f2653e25ac7658f34916b3b08cbdee125f6ed1,True
data/pdfs/paper_0419.pdf,paper_0419,single_paper,1599344,fb0d5bf0c1ed719a817d5578d539e4f88bcef7bd21ac1277a6a29be095fc4256,False
data/pdfs/paper_0420.pdf,paper_0420,single_paper,972398,eb3716eaf6443b968933c6b6821ea2d38d53dfdb510b40d3713b18e38dbca896,False
data/pdfs/paper_0421.pdf,paper_0421,single_paper,264080,4ab8e103fa2075dde4f4765fd3a133c275b8bd7132c225bebb36f9e421cc288a,False
data/pdfs/paper_0422.pdf,paper_0422,single_paper,551714,a7f18d3b93ab5842e27b35c16ecb5bbb7647e6d09ef2bdcd8213866627601e2a,False
data/pdfs/paper_0423.pdf,paper_0423,single_paper,749886,a6511a0d313dc5dd85416aec3a7736332896c5fd57cf26ff3e36c2dba4c07a7f,True
data/pdfs/paper_0424.pdf,paper_0424,single_paper,2623676,642c865c357c522c4b1eb20ec87c64bd815a221dc066056dd756ea51cc078041,False
data/pdfs/paper_0425.pdf,paper_0425,single_paper,2366176,77d54d65223ed0029c151f9c56c678c25132b80965079b1099bfdf4e3037008a,True
data/pdfs/paper_0426.pdf,paper_0426,single_paper,11149991,c6fb1856783e7069f0ad6a02ec7319e7a0396a913a3ba9c7d15f82f0edd438c0,True
data/pdfs/paper_0427.pdf,paper_0427,single_paper,617272,84e633e79ab8124d4f7520ed38a291484719806767678b0a4f115763406cbdee,True
data/pdfs/paper_0428.pdf,paper_0428,single_paper,789996,19f306092f4c99a7c5c68634a26337d1d6f22829723ab1de4c5117f7bb835017,True
data/pdfs/paper_0429.pdf,paper_0429,single_paper,422211,a8544ade6f11cbb89de2108ad0fb63e34b16bdd4325b06dc4c299ea8c2a1ed27,True
data/pdfs/paper_0430.pdf,paper_0430,single_paper,8446431,2009dc845534ec1e41c811a6fc6460985c912f457abc4f467d222f33dd3ac395,True
data/pdfs/paper_0431.pdf,paper_0431,single_paper,316856,36aa39050f85327b1cba8760ea8dec3a3780844a98c655a499d44d20c13f15f0,True
data/pdfs/paper_0432.pdf,paper_0432,single_paper,395477,eeb515d5af58392042ac4c59465e9de4937f4363091ad3fd7c5f51df2deee9bd,True
data/pdfs/paper_0433.pdf,paper_0433,single_paper,437035,25a6ecf610bff185e8cf1327f3beb931b8c863ebebc114981121b8603e4cf3a1,False
data/pdfs/paper_0434.pdf,paper_0434,single_paper,267430,d3eaf29e90a750d08c8cd2efe606ff16de22964ddf98f61a45614febcddf8267,False
data/pdfs/paper_0435.pdf,paper_0435,single_paper,362026,87db8852246c282ad9c0cdb1bd6a64cc5a59dabd8df2d2d8ed6b868c1b6b7e2f,True
data/pdfs/paper_0436.pdf,paper_0436,single_paper,6414862,a909284ce843a1cb9bf1604132677ec0c82a982297bbbfd9221b15ec78adfbec,True
data/pdfs/paper_0437.pdf,paper_0437,single_paper,24339260,f73d591158c762511a4e6d3ab973edadb5e1437e0ffb68e908c512e367dafde0,True
data/pdfs/paper_0438.pdf,paper_0438,single_paper,5270137,f0daba32ebae6fe38a1cd96942984daaa3f03670d497376ee109c419fca387cd,True
data/pdfs/paper_0439.pdf,paper_0439,single_paper,146014,0872aa4709244bea9277bff67c45be93252a2117838e100633c6408081346a07,False
data/pdfs/paper_0440.pdf,paper_0440,single_paper,1148520,c42039895f5eb63b6a13e5896dcd8cd005aea1cbb8720ee44d5c562a4abeaf4d,False
data/pdfs/paper_0441.pdf,paper_0441,single_paper,676610,8a355aaf76dd97da7a624c77e474b876bdf2c11f158668f38d37eddf3f4e52e2,False
data/pdfs/paper_0442.pdf,paper_0442,single_paper,3970623,ffb74b9f11178403b99f36b5cb324d90a3bffdd9597fb6e72f6164be6dea1d31,True
data/pdfs/paper_0443.pdf,paper_0443,single_paper,1538007,96aaaa103052a6932019fe8ccf4dd5d3740885b2e26392fd63ea634b7458cfa9,True
data/pdfs/paper_0444.pdf,paper_0444,single_paper,2504160,5c8f57639edec461eed2e80b528957e6d95f5a74324f62a5d7329c9b03b36e21,True
data/pdfs/paper_0445.pdf,paper_0445,single_paper,418625,2b8e4db9d25c15bee5a41fc8adee052aba8890dc71e092248b8446bce7effee0,True
data/pdfs/paper_0446.pdf,paper_0446,single_paper,199266,1f99d1447a09987fddc2990507487ac3274ed02d83e2925b039ad045893a9f6c,True
data/pdfs/paper_0447.pdf,paper_0447,single_paper,4955175,d9e8e90399ac93bc93efc4331ac7576920b6b5120ee86c0e4263528f0bb33a82,False
data/pdfs/paper_0448.pdf,paper_0448,single_paper,977090,59de40893764da28be163acad163974bddaafa4913ad9576eb78359ff2226578,True
data/pdfs/paper_0449.pdf,paper_0449,single_paper,683519,091d9cabc420ec6851ba0020a0d3732a006b72851dec43c139071ba8a8c24c47,False
data/pdfs/paper_0450.pdf,paper_0450,single_paper,1125177,0e8f458edac6bef7a44d621ac18e99aaf0df0026ab530d2595fb0e1ad6052f9d,True
data/pdfs/paper_0451.pdf,paper_0451,single_paper,997888,74fe33d62b209fe5c703314ee15910aa552798d08eb7de6e0fc48500d0333f02,False
data/pdfs/paper_0452.pdf,paper_0452,single_paper,4591518,b34cad78bead51006ad0eb1d61e6f0687c14d6c720b5617ed394dc48a2675d84,True
data/pdfs/paper_0453.pdf,paper_0453,single_paper,1051531,1c93bd4a91dc47d02589b09046aa690bd4941231e0f3374d3fc0df810f319826,False
data/pdfs/paper_0454.pdf,paper_0454,single_paper,4073413,74faed98e9a682eea24f8dfb0920662f59f67d4d1e7897dfe7f009ae73dc503e,False
data/pdfs/paper_0455.pdf,paper_0455,single_paper,589776,74e6b0a211b53f0f3f30f2ff72c125381d477e0078d02cabc973b2ac08777078,False
data/pdfs/paper_0456.pdf,paper_0456,single_paper,499684,908f848cef446ed90e61e64a89ed3cd64f296a352a5026d6d2df5287543ee76e,False
data/pdfs/paper_0457.pdf,paper_0457,single_paper,1821769,472660ab771ba1ae08bc9765c0710bb3114b4b4b6fd88985a65c47c2c335bc2e,False
data/pdfs/paper_0458.pdf,paper_0458,single_paper,1810176,314b4e9878c544bee2bcf55deddc8c109fc65b71be5b36d6ddf958abc7376fb0,False
data/pdfs/paper_0459.pdf,paper_0459,single_paper,934726,5f12ee6d9e91d982e86a4ec9662e46146b97da797a9a6ca8d1996190565e254c,True
data/pdfs/paper_0460.pdf,paper_0460,single_paper,740492,8ac4ed853b9298a41e35be69c84fda55ff3a0ff90063f8be44a63bd2cc92d5da,True
data/pdfs/paper_0461.pdf,paper_0461,single_paper,1178790,0be73dd32b493f1f708b62bfb06cfa57f7c19619ffe082795d4f7136d3151df6,False
data/pdfs/paper_0462.pdf,paper_0462,single_paper,5235705,584b13b438326f1c34ba8a21fab6dacd963fcc48cf74d904165daa3ef37d945a,False
data/pdfs/paper_0463.pdf,paper_0463,single_paper,889096,fc67568abc841fdbcd33fb154504413521f845f8781624576824013e998b68dd,True
data/pdfs/paper_0464.pdf,paper_0464,single_paper,301736,012a2239d62e9f4c6286b1b48a324aa583a783f0b0af9fb3e8851cd0a998cea0,False
data/pdfs/paper_0465.pdf,paper_0465,single_paper,290815,b5de9a0119b79f6e310c99d3bb8e967eb40e19ff0d81f0efc435c775558a1e79,False
data/pdfs/paper_0466.pdf,paper_0466,single_paper,6581206,b5d1db3d3fbd5f3d76e30afaf17771f50221e6aeef18b9722b4d7fb53f692356,False
data/pdfs/paper_0467.pdf,paper_0467,single_paper,3168219,b06b9a3f7a992c27a71b24b0a08960fe54ca16f9e94651043bab4458d349d3ae,True
data/pdfs/paper_0468.pdf,paper_0468,single_paper,4674660,1958f79e43185530e5f4f49efab325b61aad38cb392157f4428b6abda2f42044,False
data/pdfs/paper_0469.pdf,paper_0469,single_paper,7069291,dd8b83afa48c05eb4174305bd4a3cd10b0d4a9a7703d66cc5651545423520615,False
data/pdfs/paper_0470.pdf,paper_0470,single_paper,4678362,543fa954923bd940870a1aa811b19ffb0821bcacbee1d85cc899d05552fd98f9,False
data/pdfs/paper_0471.pdf,paper_0471,single_paper,5449879,eaffa533c55ae29ad244ba3e22e6b2295ee997fcf366caf7cd2e8cbd1c9f47a8,False
data/pdfs/paper_0472.pdf,paper_0472,single_paper,7835472,7ff200b5ed0cbbe6a5034b0d27ae1912fe7b9f3f4bceb6917a9546642145f24f,False
data/pdfs/paper_0473.pdf,paper_0473,single_paper,4858589,a2d6a5dce01378b65ab8f767ac6aadddae8d57aad4fa310a243df8b20aaf5d8d,False
data/pdfs/paper_0474.pdf,paper_0474,single_paper,4604318,98595fd760471d1170674cf396b6e842eb770c39b2f0bb4bd06005a1a0ff07c6,True
data/pdfs/paper_0475.pdf,paper_0475,single_paper,3607766,b9192de0aed5148378b564dc9caa2b47e4913c46967cbfa2a070ddbf9b122e6e,True
data/pdfs/paper_0476.pdf,paper_0476,single_paper,3642142,01365e1f231165047704859a39ed35ad63bfcec1d23aaba490a382e4c91d9ef3,False
data/pdfs/paper_0477.pdf,paper_0477,single_paper,4686877,7cbcbaf3d2fab2ac1a08834e7fff9a854b4acd3c2597907b066ca561ba595b46,False
data/pdfs/paper_0478.pdf,paper_0478,single_paper,467582,979b1dd6d90893c146b8d4c86d920e5be7f5a7fbd09ae47abb540529c1d36243,True
data/pdfs/paper_0479.pdf,paper_0479,single_paper,473733,7eecdd82461ee880bb37520a50b56087de3d169286be4dd369dbe9f6f9db0dd7,False
data/pdfs/paper_0480.pdf,paper_0480,single_paper,1895602,4075c069460a4d6f53cfdb8441072b2df67aff3d2c65cddaec4d81e590056f69,True
data/pdfs/paper_0481.pdf,paper_0481,single_paper,586919,67703b1723d5b2a9e52c3ca79129963c22d0065b7fc2710e0d54274a9275834b,True
data/pdfs/paper_0482.pdf,paper_0482,single_paper,937148,6a301bb6e063f5ba6e76400d6410cb289f2eb61f5df7a65669805d80c84ab2e3,True
data/pdfs/paper_0483.pdf,paper_0483,single_paper,2963888,2741862b7489c5c571370b7335b879264652b59f541f2d674a41fc97715d725f,False
data/pdfs/paper_0484.pdf,paper_0484,single_paper,757702,7e9523f137d2b552954fdf64115b7c87868c22c9cda729e7ab673794e5a7dedc,True
data/pdfs/paper_0485.pdf,paper_0485,single_paper,1777178,0805cde8a75ae6f447a756cb80c02661ef9bb3c473b0cdefba0e3432dfe4e883,True
data/pdfs/paper_0486.pdf,paper_0486,single_paper,689323,9b08a4786a8c3a803beb3e894449fd4e9667c0d4f15182cbd444b3df5dc5cd26,False
data/pdfs/paper_0487.pdf,paper_0487,single_paper,3966873,9d59f761228d34abbc03d098191da3ff8903b452f6e509ffea4a1c158259a392,True
data/pdfs/paper_0488.pdf,paper_0488,single_paper,6047379,6fd7f96cb45453e9e23971e8b4ada1118e7ec8ca4e9b70cbc7275d6b072e6466,True
data/pdfs/paper_0489.pdf,paper_0489,single_paper,257956,7ff8ad363ffca2b4b7c18ec25cf4199a4da4f5d6512dcd038fe378a59780190a,False
data/pdfs/paper_0490.pdf,paper_0490,single_paper,4693299,ea920f824a68558b3bdddd468d7f729a9ade4bcdcd7ad5c55d89b48e6c427753,True
data/pdfs/paper_0491.pdf,paper_0491,single_paper,1411867,0c1bad4478289e23c1fe20f3c5a9bda4b56a89532c4a567a1b3767a738a4cf00,True
data/pdfs/paper_0492.pdf,paper_0492,single_paper,1374418,7bb8cae95a7fc87b4be4ed87b31252760ed91082f1504fc119be1a425ff74896,True
data/pdfs/paper_0493.pdf,paper_0493,single_paper,1532918,117f2ee0cd6e548ca8a5558bdcb1670e876295255443e4b676fdbf1b69c641e8,False
data/pdfs/paper_0494.pdf,paper_0494,single_paper,1327717,236942f9512b684f23552c4a0e1325add94dd2a75fc88b32bd3b6ff7854c458c,False
data/pdfs/paper_0495.pdf,paper_0495,single_paper,770062,920116ec2616c9d5bbc6e6f64e5ab251a0aa747cb2a7671a4b15561411014fd6,True
data/pdfs/paper_0496.pdf,paper_0496,single_paper,1366584,46be8240ae5dcf7512b00a9bd4f24aab6e3fe4f5280ad021a29b3369e768ad47,True
data/pdfs/paper_0497.pdf,paper_0497,single_paper,183833,43284030012387b306abe2c70318f2d5a8a57bd7ea3eb579692b9c9a3dbdf035,False
data/pdfs/paper_0498.pdf,paper_0498,single_paper,1814757,bec03aa94215926868bcfdbb5cc3e6b772ea88e300f042af69c36031cb89d4b5,True
data/pdfs/paper_0499.pdf,paper_0499,single_paper,3156450,236f6498f7495b0b0bc7f6a46466d78f6768cd4c7ff44254c8d1d6dc22d68dfe,True
data/pdfs/paper_0500.pdf,paper_0500,single_paper,401774,9522b9e2ef88e8c01f23159487aa622a0fd3811cef5f6e1c737027b826cdb89b,True
data/pdfs/paper_0501.pdf,paper_0501,single_paper,2031091,28ac1a6f5c55856ba590084a839eb798a84464b71e7e4251e3c78de23400cc56,True
data/pdfs/paper_0502.pdf,paper_0502,single_paper,1474426,5d6f00e4dd3588339d09bc0bdcd234be267e1e4d9a4cd89549be0c1177aed2a3,False
data/pdfs/paper_0503.pdf,paper_0503,single_paper,293134,6ffcc6c169ffaaf2b0eb68a4e8d15dfa4e3c096bafd7e66da90eaeaba5ac8ac4,False
data/pdfs/paper_0504.pdf,paper_0504,single_paper,269166,59b3df464faefa74b0113d5cdea6012352c828b459fbc1e145c5d7e48e34a2dc,True
data/pdfs/paper_0505.pdf,paper_0505,single_paper,940291,5af9aa9f5557012fa768ea9a26dd019764084ddf45b5cae2453c686720b70ae8,False
data/pdfs/paper_0506.pdf,paper_0506,single_paper,654125,9870c14bfed0e3fbadc20a352d615617a90fcac80eb19d8be0be18386495e61c,False
data/pdfs/paper_0507.pdf,paper_0507,single_paper,652104,13bf8583a68763993dfac9b1cc8b0619dbe767cecb577d2e3409a925ad573c68,False
data/pdfs/paper_0508.pdf,paper_0508,single_paper,1264388,40f379c2b709fe9476564891f4d3163fb67583df9a84d65a44ee0bedbde373a6,True
data/pdfs/paper_0509.pdf,paper_0509,single_paper,7235504,5844c64f884770094b190f8bbab312d7fe089278f38d9bd8afdd07b3468d1dd4,True
data/pdfs/paper_0510.pdf,paper_0510,single_paper,517471,bc14d608f9462516d7b5bd1d81ca58171f86c368d80e4074cf9dfce76623998f,False
data/pdfs/paper_0511.pdf,paper_0511,single_paper,3576093,bc5b1cf6164c7819e9da72383893bb7032315c1942b0eeda2d753cf6d9130753,False
data/pdfs/paper_0512.pdf,paper_0512,single_paper,952425,5575d00cc98756f8b24ffbfa088c5b82f75d186b62297b337916e8729808fadc,True
data/pdfs/paper_0513.pdf,paper_0513,single_paper,1313896,fd07b4f2b3af90475dae8d0c6c35a83ec8160bcd59d74a1466db5a025ba0ac31,True
data/pdfs/paper_0514.pdf,paper_0514,single_paper,1224909,d8bf2e59da70625f95c795ac215bd3d88e331901a77c41493420f5f14bd0f0d7,False
data/pdfs/paper_0515.pdf,paper_0515,single_paper,794669,4eb23d5f295028695c66c0411582a14a342c9342a99a2e584fd0f85abc350a4e,False
data/pdfs/paper_0516.pdf,paper_0516,single_paper,1244373,29687e8f8c447e02a63ed88934a1870f56674d1465313a34e20d0141a0de8a57,False
data/pdfs/paper_0517.pdf,paper_0517,single_paper,1939287,5a739b401aa63d1deb35b7ad63080379bafccdd28120fc46ac2141d3fbe5f4da,True
data/pdfs/paper_0518.pdf,paper_0518,single_paper,4620942,008e3b51c07d2b50a8b97cf3574b36ac72be45d8dd37ff68d418e5bd6e693a27,False
data/pdfs/paper_0519.pdf,paper_0519,single_paper,1779097,1dc992a9f1bb447ddf95fcd52243fadfe11bcbe412b589634ea07a4c25cb3e30,False
data/pdfs/paper_0520.pdf,paper_0520,single_paper,1546449,7cc0644a10a5ebd19cb328bca5a339dc3316e70d49a971c92f2312e3b0993da2,False
data/pdfs/paper_0521.pdf,paper_0521,single_paper,760034,56f108bafa74b8dc2c6a3034427065b4f1bdfec6bdce79b81334c75889fb7516,True
data/pdfs/paper_0522.pdf,paper_0522,single_paper,5125973,71e444eaad3dee634356492db285182f7014d83e2f5b770d29c35cd5ca937365,False
data/pdfs/paper_0523.pdf,paper_0523,single_paper,5633260,e1e70cc266045bb950b41fc805b950ce47712c1d44c3e2c26465e1c681e422e4,True
data/pdfs/paper_0524.pdf,paper_0524,single_paper,1501369,69acca834c6c514fa17ef81ef05239c3c92b4c4958445b2a125767ac211ab395,True
data/pdfs/paper_0525.pdf,paper_0525,single_paper,2283777,de7617788c7e061ab30892e4f689daffdf7e1f0129aa25e6f71413c1f0cb148f,False
data/pdfs/paper_0526.pdf,paper_0526,single_paper,669539,8d9e5fde6cd5eee52910bbdb1e6726d514ecd5ff9788e34f7a560bd489360ab7,False
data/pdfs/paper_0527.pdf,paper_0527,single_paper,6062415,bfd43b0f963c7f5985245b0c1795bc3dd749d4955adbb3a0260dfc572e78a162,True
data/pdfs/paper_0528.pdf,paper_0528,single_paper,2490798,002a66be996d62e20c17b338b71019f51ea1f7c357522079a283023ccc72b080,True
data/pdfs/paper_0529.pdf,paper_0529,single_paper,5290119,90fed10c40dadcdae7caf6ba4c69ba8a3ec0d2c0429ba27073780182591aeb1e,True
data/pdfs/paper_0530.pdf,paper_0530,single_paper,4262942,ac7922487c904838acd571c2458a96deafad85266b74946e3ab4624d85987406,True
data/pdfs/paper_0531.pdf,paper_0531,single_paper,4914882,acd6678826c9a6801a8512fa2bf367cf46f6b1383b0b53485a1d61a38e24f586,True
data/pdfs/paper_0532.pdf,paper_0532,single_paper,6910010,e046f546c7e8d51b06f1a23522f6cb01ebcbeac6ebf0f0316efe48b24319c6cd,True
data/pdfs/paper_0533.pdf,paper_0533,single_paper,4391663,af15ed7b0f10a521d76b32b9229c44beec85dc1835db6fee5d821b7426afa90b,True
data/pdfs/paper_0534.pdf,paper_0534,single_paper,4080952,f78fd150b87d1223d50a5a64af90d1d7e590b771be709fe385f37ba3272573a9,True
data/pdfs/paper_0535.pdf,paper_0535,single_paper,1517031,ee1f10c6dece73f480f9f4e4e05570557311015f63955e2ed55492a277ecfd30,False
data/pdfs/paper_0536.pdf,paper_0536,single_paper,1011209,e5ed7a90cba63ab7b90ce650ea8e8091f5ee0a3d54d390254153c25e5785276c,False
data/pdfs/paper_0537.pdf,paper_0537,single_paper,3821072,e8785fb29cb003197f338a3d4bc36a7c97b986ef92490efb2d0d65142d37653f,False
data/pdfs/paper_0538.pdf,paper_0538,single_paper,3659930,86e10196fe26aacb7d805f1d723e87c3bf049637918938b6c12990e9644c97c5,True
data/pdfs/paper_0539.pdf,paper_0539,single_paper,3894166,d6d251e6cb5b246aba5667834cdb2c6fed53d20c6610f043c1343654a7aaebe2,True
data/pdfs/paper_0540.pdf,paper_0540,single_paper,2825413,daca0d20c452c2b1cbb4da9b1465bb7cd1cf599cda0a17fb3784d6925bf92488,True
data/pdfs/paper_0541.pdf,paper_0541,single_paper,3533936,97b060f6f04939246166693c211bb41e547f1aaf00af338840f0aec1b9753871,True
data/pdfs/paper_0542.pdf,paper_0542,single_paper,6556336,243682ccd7f960a310750e189362f5e32c3fb3890c79e65960c443b7fda1aa73,True
data/pdfs/paper_0543.pdf,paper_0543,single_paper,1879100,2653e305202d81542500785c935ce0b54f30484fb5e2ea712f227f6fc16b4c27,True
data/pdfs/paper_0544.pdf,paper_0544,single_paper,826274,cf8b36066eb21f20ba3a67b6dd7854cef24baa8848ac78d7829f119a40ea1603,True
data/pdfs/paper_0545.pdf,paper_0545,single_paper,823716,a805d8770b62b92269d8a62a9e55257eb88b09a27c275deb97ee900388723c78,False
data/pdfs/paper_0546.pdf,paper_0546,single_paper,539896,899528d850bc6cee280dab8c0275c7d3a318531a25b3bc6c98b445ef372aab4f,True
data/pdfs/paper_0547.pdf,paper_0547,single_paper,1172946,72cd94a0e61c4e00a7c3b3b0017e60daaa4d68d7c7b8a93c320434d5d4063777,True
data/pdfs/paper_0548.pdf,paper_0548,single_paper,737067,0102b8b476ba0f7669506990323e08be533e208d012c39da5f01e950872e1cb2,True
data/pdfs/paper_0549.pdf,paper_0549,single_paper,439438,a0c4248700a756053031135ec895f459d82888a9ca875904d5ecd550074ef66d,True
data/pdfs/paper_0550.pdf,paper_0550,single_paper,932899,66a00bd29c23058a529b74d53ec9bc9065b7f9bf2615708ffb340c983fae3db7,True
data/pdfs/paper_0551.pdf,paper_0551,single_paper,598186,44b4d204cfe9b8550e68511a543f0c6d1e30a52b4a37a0d6684c3b2cf4526731,True
data/pdfs/paper_0552.pdf,paper_0552,single_paper,411223,d5a9f801b50f229c42622014cc82488b2107f63a8b1b2d375e179fe6f792d94f,True
data/pdfs/paper_0553.pdf,paper_0553,single_paper,3129923,2c11a12109c61aeeeedcf07a4c6fd91b9204751647cefc694b9c1f17279b33e1,True
data/pdfs/paper_0554.pdf,paper_0554,single_paper,6142273,6d119ebbc2787622b514b535e39d06a6e82de7083641834a925b2e29d6ba6882,True
data/pdfs/paper_0555.pdf,paper_0555,single_paper,328844,39e33328c786314879d802953fac1a50d6ec5ac52c5251cfdeecc142b2da0777,True
data/pdfs/paper_0556.pdf,paper_0556,single_paper,455723,035452b9466afc7dcf8a4ed246257c267b210b7173452a6931dade1078cb4f35,True
data/pdfs/paper_0557.pdf,paper_0557,single_paper,1842401,6e587ba061f2e64dc1e9d06ff32307f8c9b1920a8a9e9c54ea3e2ccc0e71ac09,True
data/pdfs/paper_0558.pdf,paper_0558,single_paper,394565,91ce2ce0d03eb18a2533d0f5bcc4d5610e8d8cf58230cc3474e01888c84398f3,True
data/pdfs/paper_0559.pdf,paper_0559,single_paper,315841,6b8c59a97996487ea773aeac1fd9c095db26a28754e5b190e6ccbbe3d5770b5a,False
data/pdfs/paper_0560.pdf,paper_0560,single_paper,7372300,ff9a3204bc5b1a8d782e4fc609535988c0b85c9a73509627923d77f04f1b9814,True
data/pdfs/paper_0561.pdf,paper_0561,single_paper,494041,499694308b61f1eb184baa77a6992126af1b7f3b68f208d0ab74b709685722d4,False
data/pdfs/paper_0562.pdf,paper_0562,single_paper,537321,d61a097fc67a03f3d73dc605d378fc224be75cb36c81765936de6793409c37ea,False
data/pdfs/paper_0563.pdf,paper_0563,single_paper,306061,850c2e9967cf9b2aca9f85dd534118a6bf42f818356401bb95152bbdf0833775,True
data/pdfs/paper_0564.pdf,paper_0564,single_paper,330854,009e0b2742681c9269dec6b425434745f6f648a656db4d5617a981072c4fdacf,False
data/pdfs/paper_0565.pdf,paper_0565,single_paper,448050,0c0db8db14e72439a37cafc5624d7365c80ff3f1e8eb48ffadc25df58e14dfd5,False
data/pdfs/paper_0566.pdf,paper_0566,single_paper,2712098,45efdca682ff44fc3748dc2264953925d13b686ae73583e88f1d224d63576026,True
data/pdfs/paper_0567.pdf,paper_0567,single_paper,3124364,6293241c879ebd91d256dc4e102b72370446ddbd52fe6a9e5f0c08b4aad184eb,True
data/pdfs/paper_0568.pdf,paper_0568,single_paper,691096,848f02454649c1a3e6522583da2e81a0801eb62b05cacb1f67c4c7ee3f704d5f,False
data/pdfs/paper_0569.pdf,paper_0569,single_paper,16715011,8f593d0c8c67e1e5ee84d30b9cf19fa9be2421172fe9026e7d5faa9f118c2b59,True
data/pdfs/paper_0570.pdf,paper_0570,single_paper,3376741,8fdf6aee67e9e82903e5174263850ff41c51d06ffa489847a16f31c3cca20e9c,False
data/pdfs/paper_0571.pdf,paper_0571,single_paper,518280,77bb4cee1b4ed6aaa325ad51fff34466f5cc53857fa4a96000b52cc1511d57d8,False
data/pdfs/paper_0572.pdf,paper_0572,single_paper,3255289,9ca4fe58a111f0ede414fe7faf820b9cdf7838884f6d3b21291df59a20c253af,True
data/pdfs/paper_0573.pdf,paper_0573,single_paper,782263,b95907ace326f5fafb3619f327e8680230aba408e1ff389bd93508dd7cf62f66,True
data/pdfs/paper_0574.pdf,paper_0574,single_paper,566722,7593d746734d9e239847f62f7d4819066d5020463b257ad456bbf0104b80dea7,True
data/pdfs/paper_0575.pdf,paper_0575,single_paper,1940533,79aee4c045e157a495d034960bd8c474c194f6fb6467af0dd337fc48387567cf,False
data/pdfs/paper_0576.pdf,paper_0576,single_paper,2354791,3b43a25e3721810f53f9a91fce57b27303120ba969b5ac584e585a14d53c10ad,True
data/pdfs/paper_0577.pdf,paper_0577,single_paper,415876,8177e1be7d2d1bfa4290e495dce029010e5f8df20402d8974e6380aeb751168e,True
data/pdfs/paper_0578.pdf,paper_0578,single_paper,1349618,b22c5f01b5f59f68165fd153e4cbfd0469f04fa05aa78ae536796bd064f15425,True
data/pdfs/paper_0579.pdf,paper_0579,single_paper,4792439,d0b846eaca4f5aa5bdf2a38e4ce26fe1b9dc503bf77df798476f189655bc183b,True
data/pdfs/paper_0580.pdf,paper_0580,single_paper,6333622,f8cfffff39db76c8dd19a935098d4974fb039ced0190d6a8a0bb1678f065e969,False
data/pdfs/paper_0581.pdf,paper_0581,single_paper,3249431,34f03d5a63cb509550c54740d1d67b64a3958b7d1c1a9f54369bbcbb2bc56f39,True
data/pdfs/paper_0582.pdf,paper_0582,single_paper,2098417,c275b8a2c8e92a60f623051ba3a9f61bd2ed191b69ae9aed48295e949436b183,False
data/pdfs/paper_0583.pdf,paper_0583,single_paper,5824561,4bcc22cb22e7f73461a98eef73e17f44e3fb37093bf14e784dbf809cf8f4b27b,False
data/pdfs/paper_0584.pdf,paper_0584,single_paper,3607045,97f60ab36d7a3f84ffa3c10c63eb823d2f531add81dbf3104d657f27e52fa59c,False
data/pdfs/paper_0585.pdf,paper_0585,single_paper,721525,37fb93c1b0b325694f4a49e4c278ed1a03a1585eefcab18fb8d85fe522654840,True
data/pdfs/paper_0586.pdf,paper_0586,single_paper,1450650,4aa8689c5d3be38cce641c99565004043de1caa8b5b13a43006556d4709128b0,True
data/pdfs/paper_0587.pdf,paper_0587,single_paper,3514397,eab72990a7c85285358dbf53cb78042f7d2c28e298629527e5c1d0aad785692a,True
data/pdfs/paper_0588.pdf,paper_0588,single_paper,553130,cd0df6d182918121fbb4e44dff8e859aa6dda49c16e2044ab6eab349d965e1ae,False
data/pdfs/paper_0589.pdf,paper_0589,single_paper,794984,2bc2174ee716d7e14f78eb7ec1a1f7578b1f40f8a5ffa7cdbc914fffd49de41e,False
data/pdfs/paper_0590.pdf,paper_0590,single_paper,7061074,91e6535cd49b8726343c3cf854d9138d8fe0c8d1f36f360919efa6440c6bb029,True
data/pdfs/paper_0591.pdf,paper_0591,single_paper,936467,8b4605f3c2e0c03b2df5897334b1d65c8df8bb158e82c1f31cd48152e91393ef,False
data/pdfs/paper_0592.pdf,paper_0592,single_paper,784807,461674bcbc5aef088e8e9edbe2d49ddac1a1b58b2db2488665acf2de569f22e8,False
data/pdfs/paper_0593.pdf,paper_0593,single_paper,1994102,028ce3072cc6e6f68096bd1b0b7c9d106487d7840c1445cf1b1d316dad20a319,False
data/pdfs/paper_0594.pdf,paper_0594,single_paper,231545,d2afbcd564059e7d70e19e73dab311f5f81b4f845d124be6124b119cf68dad2a,True
data/pdfs/paper_0595.pdf,paper_0595,single_paper,856137,2b87c1b58ff804c222645dfaff5957392d9735d2fffbbdffe6e35362f91f1358,False
data/pdfs/paper_0596.pdf,paper_0596,single_paper,631449,d396a4026b81ea52ca3006f679832e42c9d0eced05457079b291d255d2f2f2bc,True
data/pdfs/paper_0597.pdf,paper_0597,single_paper,396802,1c6525a65ecd8c167db10017ec9c0e753b6c5b0c0b1144932af9f2fca6140e07,True
data/pdfs/paper_0598.pdf,paper_0598,single_paper,11001101,8e8c01a2aac7304858ba2dfaea9ebca7580ff4ec920aca534e6761660be17b84,True
data/pdfs/paper_0599.pdf,paper_0599,single_paper,550164,e6024bef6488a57a159990f5c2c01d78d0017527060f6b915c6e5a6f98e7f6a7,True
data/pdfs/paper_0600.pdf,paper_0600,single_paper,1042510,8e725df2109f3bc6cd76583ae82c066b83ea95b5de38f21767cb7c88f963de95,True
data/pdfs/paper_0601.pdf,paper_0601,single_paper,420434,5bbc18ebd7e4cbedf2117608e09fdb4cdfb25989ac2c4a63b8a4f9ca05e3d225,True
data/pdfs/paper_0602.pdf,paper_0602,single_paper,535056,feeeda417b90bebfbf41ce4a453f5a3e233656f69a3fd0212d3e313db62697bd,False
data/pdfs/paper_0603.pdf,paper_0603,single_paper,1522721,26fe125d9e738e6dc03b52f3639928b034ff94381d509f91a601a2f06f2d7c1c,False
data/pdfs/paper_0604.pdf,paper_0604,single_paper,512626,468200438a5a20ade84e9e21582ee6d36accba277ad0c7a1c42701a11c03994b,True
data/pdfs/paper_0605.pdf,paper_0605,single_paper,1135236,d85987023e68eff2f57ad92dc1ed34ae2140e153a82acb83ad83b43bac466b4c,True
data/pdfs/paper_0606.pdf,paper_0606,single_paper,1149015,099e9dc4165da799b3469cde027e3bb669a81a0bb6a55bb3650e3f284e41c6da,False
data/pdfs/paper_0607.pdf,paper_0607,single_paper,389494,df94b0322239166b92a2febff08b0698d776e86470cfc6f83a63b0e151038d63,False
data/pdfs/paper_0608.pdf,paper_0608,single_paper,672833,ebe732f634be641dd792eed0d37292984a21351fc302cbe92cd30a02ce024d47,False
data/pdfs/paper_0609.pdf,paper_0609,single_paper,2933165,c5fde79601f477d66daa8d93c87b87b520e8bf69f7f24e0777d078d80ef2b0d5,True
data/pdfs/paper_0610.pdf,paper_0610,single_paper,679651,9f24030c6a3f247ea7cda0e9c01d6dfbbd5377ae015735382c9dbe322ab92d5a,True
data/pdfs/paper_0611.pdf,paper_0611,single_paper,905045,9a0a1c327b16629720174b35072c15ad408f36fc1963952576aca693fa6a9554,False
data/pdfs/paper_0612.pdf,paper_0612,single_paper,1026767,bb704b216151b7f15b0c481b17e29f27415326cc0e93e3ea0576aa771d97218e,True
data/pdfs/paper_0613.pdf,paper_0613,single_paper,1864428,6c0075e014ffa6c863e8a7c42f92080dda859716d386ac89b16d044cb7af021d,True
data/pdfs/paper_0614.pdf,paper_0614,single_paper,3480204,cce47ad1e6a8dac21fa3b0f75f5a0b4a72e9f9b6c3f91f85f42cde103f4a3fdb,True
data/pdfs/paper_0615.pdf,paper_0615,single_paper,10088684,874093834617a48c1cea0e9f6726e93c23c23bc97b25afe3d121319ea5b45874,True
data/pdfs/paper_0616.pdf,paper_0616,single_paper,1109371,2d4e0023ef836d81fb22fa7bc1de665cb92f810e420101feffa49ce7c00f902e,False
data/pdfs/paper_0617.pdf,paper_0617,single_paper,4657770,089c98ff6f24f7484b7c973dee55ad59446fb54876ad180747d3802c83f44eab,True
data/pdfs/paper_0618.pdf,paper_0618,single_paper,885619,bc556294fbcb7a706eaf0e24cd573757f88693e9dfde5a6c3c85c4e8bcd54144,False
data/pdfs/paper_0619.pdf,paper_0619,single_paper,8371037,bfb09dc7c13b2c167bc1773da1782970052c9d11ca79bfc874a77763f4679775,True
data/pdfs/paper_0620.pdf,paper_0620,single_paper,846538,41df49cb973ac087b05a32b8d1c8c55fd58de234406b62cac2c2858121f56b2c,True
data/pdfs/paper_0621.pdf,paper_0621,single_paper,726397,e09669ba4027469a7f4fc598c14e4eb57f5b5629be0e93783d8613b7ffe4f147,False
data/pdfs/paper_0622.pdf,paper_0622,single_paper,523617,f513f7206bad68e9738015889fcafca6a82300a2d6c629b61af66c5850e02d4d,True
data/pdfs/paper_0623.pdf,paper_0623,single_paper,2167752,0e34d8809541494c03bf43d79a712632736e1cd6e5067097cd88c96016a0464f,False
data/pdfs/paper_0624.pdf,paper_0624,single_paper,3783564,3d19dd3f2ea62bf442e778307d3edeb7895a9c7705ce25162dd1115688708081,True
data/pdfs/paper_0625.pdf,paper_0625,single_paper,2772706,7d2076f8c50e9258ec6e1d116ce39c5354a2e3ad8858cb2287c1a0cb94d986d0,False
data/pdfs/paper_0626.pdf,paper_0626,single_paper,1561158,dd2283aa3af1519d7185c9a397b3e087d5c2a5c6b0deeef73ce61885f5703334,True
data/pdfs/paper_0627.pdf,paper_0627,single_paper,354162,a551eddc4b22e562330acba41ef1380e88406a2273c18f784cf86d7bec7ddb20,True
data/pdfs/paper_0628.pdf,paper_0628,single_paper,3788123,ef325558bf39f5fab69fdae7892d87cedd610cb4b9bb9ca52ed54ac2f8d97ccc,True
data/pdfs/paper_0629.pdf,paper_0629,single_paper,517322,f19357ca78f4f6adec417ff03d90edbcf7b02c36ffdfc9b3d0e7a3a2adccb1a5,True
data/pdfs/paper_0630.pdf,paper_0630,single_paper,183787,d701c842f543bf5dee3fe8ed7476d3e6d09e6125b64b1b6416d80aa84984f111,True
data/pdfs/paper_0631.pdf,paper_0631,single_paper,351295,ec0de8c33afbccb962cb616ac99e90ce61febbeb2f4074839872c2fce39c4159,False
data/pdfs/paper_0632.pdf,paper_0632,single_paper,1297028,c0625d8bd0c9d86e3c2a80bf651f093243e56fa35bdab619162dee5ca63ebe57,True
data/pdfs/paper_0633.pdf,paper_0633,single_paper,8075002,5c5f2a9624774cea191843a2f6772bc6d3cb5e32e39e89f5465da699a4642f56,True
data/pdfs/paper_0634.pdf,paper_0634,single_paper,12206621,849332dde9de941a80cd19348693ab90ef7c9bb11e8aed4dfa89311af66dceda,True
data/pdfs/paper_0635.pdf,paper_0635,single_paper,2154815,c8665f78bd5c249fee067c01ae5fd52495a11940104523986b83ff7298a524ab,False
data/pdfs/paper_0636.pdf,paper_0636,single_paper,683092,b2527ffd65f5665dada29c2f3fdcb948206c6e57957d44dc3cc89100fca03b16,True
data/pdfs/paper_0637.pdf,paper_0637,single_paper,1716484,d90d5365768d94c8bdddf0afd52f135e770ec6e47867b8cbf080437e19bb6b19,True
data/pdfs/paper_0638.pdf,paper_0638,single_paper,183641,568b94057fa8cca2a93477a9d895653f2993bf8f6bc1cdbc87a148776016dbe2,True
data/pdfs/paper_0639.pdf,paper_0639,single_paper,2823324,be76fc323b9ffa59f7816bc6777a11bcc747997ffdb9912460302a0faa47f828,False
data/pdfs/paper_0640.pdf,paper_0640,single_paper,746727,7e5cef3d0c6fd478a1165a3ac6e5449c4082569ea7f66f11cc8d51e67a07927c,False
data/pdfs/paper_0641.pdf,paper_0641,single_paper,9007737,37290efdc493c7e2fa1d1294c66e838bd56f7e71f3802fb6d98b41c874a665f4,False
data/pdfs/paper_0642.pdf,paper_0642,single_paper,4777983,6a63dec3ddd7a943fb49f4cee27ec4386573c5f43e1d053713791b5889f2973d,False
data/pdfs/paper_0643.pdf,paper_0643,single_paper,5563584,a782002a98284513ed7d07ff5d024b8cdec150930c35c87ac764fdd346c6aaf3,True
data/pdfs/paper_0644.pdf,paper_0644,single_paper,1298684,8663c2672893dad5c4f0b4496b5a35c5ae1ece70dde5837d366c2ff2abe96ef0,True
data/pdfs/paper_0645.pdf,paper_0645,single_paper,5122321,daf841a421e56485f18419c00c6aa918ba9d9089ec9985e8bb7d1e07f211f45d,True
data/pdfs/paper_0646.pdf,paper_0646,single_paper,613836,2e688d11a6ed3d72a055723fb2109ca8c23e2a875d6fff12422445b20381a601,True
data/pdfs/paper_0647.pdf,paper_0647,single_paper,1414441,3d39d7659cc0b88d1118ac1406f993f56ecd5307c6ec4fa56aa077611c31379e,False
data/pdfs/paper_0648.pdf,paper_0648,single_paper,577886,a1b81d98e3a9f1931b9da6dac373e7d5c8ccfb60a8dc8b11267c6972977bfead,False
data/pdfs/paper_0649.pdf,paper_0649,single_paper,1581774,3b1ca97954284c30d7c4e000a746b30b4902ec444195ff3316a71a9889aa71dc,True
data/pdfs/paper_0650.pdf,paper_0650,single_paper,205898,722164429c4beea7435e1512c4627c2427302118989347eed50800043b516c9f,False
data/pdfs/paper_0651.pdf,paper_0651,single_paper,1349565,da966426a8b0b20863ffee6b98cd0a2256b91473b14c2d30276173cdf3ee79d4,True
data/pdfs/paper_0652.pdf,paper_0652,single_paper,3959559,43f9ea373e732e009815a5e816527a265989fc87e00470848e6b924e74928e1e,True
data/pdfs/paper_0653.pdf,paper_0653,single_paper,349833,a917f688ef24954acbc26022482cef7a23cd793a0788b3dc399b95dcac7c3b13,False
data/pdfs/paper_0654.pdf,paper_0654,single_paper,13087294,33051dce7da53d5ac46be5685f4d0adee43d1de6993c3c5ce4cf9e84613d1d8b,True
data/pdfs/paper_0655.pdf,paper_0655,single_paper,461895,45046c64134ee71a394d4e3358d27da7be09d8c27e1f24234df4b5014c980ba1,True
data/pdfs/paper_0656.pdf,paper_0656,single_paper,430949,6dab833ac90710a25bdd048c3d8a2b0ee71e86b76a68c21e016fbbf9bc4f70c6,False
data/pdfs/paper_0657.pdf,paper_0657,single_paper,706150,0536a513b89783a0a778888c2106cc598f7351048a5d523afca3264103ac61d3,True
data/pdfs/paper_0658.pdf,paper_0658,single_paper,704331,76b586e91cb84e114451c98a8fbab50dea6727d910c6b8f6ef12ca5ff6e4559a,True
data/pdfs/paper_0659.pdf,paper_0659,single_paper,2914474,b591aa11904e6bbafb59793b2cc4a80c9f10606586636187194694332ebf9d65,False
data/pdfs/paper_0660.pdf,paper_0660,single_paper,18193147,9eb67709369c11ccf9a3d6c7200e861a95b4f421566cfa1579faf7bfa1b8c6d4,True
data/pdfs/paper_0661.pdf,paper_0661,single_paper,432885,1fe0f93eeac6d6463d2af9c071923e25a095f0bfebbb1a71e33ca3c2d809993f,False
data/pdfs/paper_0662.pdf,paper_0662,single_paper,2097109,01cbee7042eb4a9a9e3044eb2004b45af4e8f98c9b41d507b8f3b941cf6c9e2c,True
data/pdfs/paper_0663.pdf,paper_0663,single_paper,3377877,d756c5b6fdf731b3868e095182bbb168282aa17f42fbe39b1609ec1fa9c3af4a,False
data/pdfs/paper_0664.pdf,paper_0664,single_paper,966225,9ef00b4ea93be05ca22532d1f124e7a80c947827a88efe88ff39a475b89945ce,True
data/pdfs/paper_0665.pdf,paper_0665,single_paper,15897515,aa47fd6e83ed62dfff17f5157c9b743ef6c4612fdc36a4bd6f43af0f502a4389,True
data/pdfs/paper_0666.pdf,paper_0666,single_paper,3761125,fe7bc6c0e88e543d76d75ca1c97ea6b4bb7ba9f4ed96c9c82e6e7a8e0578d58d,True
data/pdfs/paper_0667.pdf,paper_0667,single_paper,969974,5bd8ad5aea70c2b9a6c41735a84e0e8b628b4c9ad33d352e0fb8372bea69baa7,False
data/pdfs/paper_0668.pdf,paper_0668,single_paper,300726,07eeb7c2aa189ab058ffc6dada5cfdb1a9eada72b1d47e0c050740e1ffc36eb4,False
data/pdfs/paper_0669.pdf,paper_0669,single_paper,1277527,2d4b5fbc8a64f0c7f6c5f55aa0b23f7ab966bcf1c119387258cecce5b72292bc,True
data/pdfs/paper_0670.pdf,paper_0670,single_paper,1201909,2fefed6820c9382b887cf5e68c2dbcf11e6055fc456ddbf33670a14e5955d87a,False
data/pdfs/paper_0671.pdf,paper_0671,single_paper,7143852,b9790a7a38e2115782ffd01c3146a21bdc4a08ac9e392ec1a9740ecc3687b35a,False
data/pdfs/paper_0672.pdf,paper_0672,single_paper,242863,f5744086b416345e8878f2a0569c568b3eaf0b8d2506d7d9a6175877b42fd9b6,True
data/pdfs/paper_0673.pdf,paper_0673,single_paper,1221983,cb6cf8dc3b4b791e1c0ab0b0b50c36863615b3935dc6104e8b1a1e27f6edb711,True
data/pdfs/paper_0674.pdf,paper_0674,single_paper,16185168,83d1b2ff7861f66a87a1789b820e67617f8511a15291944eeab7105c18cf291b,True
data/pdfs/paper_0675.pdf,paper_0675,single_paper,15648710,3521e02e43b0abc65a7c03bff90984fdfc1d8188fd8d4bb4a09e9e872995fb76,False
data/pdfs/paper_0676.pdf,paper_0676,single_paper,917041,d14fce15729510462b885279f5e964028e6e9e9759de386301650e1de5faf1cd,True
data/pdfs/paper_0677.pdf,paper_0677,single_paper,679109,3dc8cbbace4744a6370b1168931fd45917ad3a77a7efd7c8409acfb2002ca399,True
data/pdfs/paper_0678.pdf,paper_0678,single_paper,12849960,9a109131a5004073526abb482c5a9a3b97b298dddbfda1a5fd24e7f676006957,True
data/pdfs/paper_0679.pdf,paper_0679,single_paper,1547799,1679ced2bde4148a100f7fdab4df1e4b5b7785faddbc5c1f7dfbf424dd85364a,False
data/pdfs/paper_0680.pdf,paper_0680,single_paper,271514,8b6ebbbc00fa7d1ecfbb80d6c41b7f918db53025b1e1b894002cbf8e3ea8e58b,True
data/pdfs/paper_0681.pdf,paper_0681,single_paper,490885,25e9a01df8ad23b8173d9086933a60ff4600e5aea56ab9df4dc5d1cbbd82e3e8,True
data/pdfs/paper_0682.pdf,paper_0682,single_paper,463511,f9e5ceb3c9173f4f32106fafb4c529a20cf97b376e17412586d3e27cf082587d,True
data/pdfs/paper_0683.pdf,paper_0683,single_paper,686302,351bf42d627dd306d25f76495abf81696d1077c0873de7c0c3d729196abe1a38,True
data/pdfs/paper_0684.pdf,paper_0684,single_paper,2672950,950558862b65cf160528ceeab5c56a136f5ab74f6366694fd8c15fcd7cd731bf,False
data/pdfs/paper_0685.pdf,paper_0685,single_paper,30034710,4422e3f61017bb8e474a60868b118591757027a216bb0e05796698b2fd07b654,False
data/pdfs/paper_0686.pdf,paper_0686,single_paper,376848,c0763a17fe13b3487f3cbd2e1ba1ee530c12e25cd34b9e7c6803861002faff72,False
data/pdfs/paper_0687.pdf,paper_0687,single_paper,255047,099bab2d31392bca5bf58344b2dd832e6d4e4c0c2a5f9ab2053927ff7520e25b,False
data/pdfs/paper_0688.pdf,paper_0688,single_paper,3256122,438216a16dda6c065b81aa1763c11730bb393ceb117fba410c8466b23b4dd950,True
data/pdfs/paper_0689.pdf,paper_0689,single_paper,6170216,45197f9b647ee369389472cc1b9435980638969465546690df24cc6f5a51ee3b,False
data/pdfs/paper_0690.pdf,paper_0690,single_paper,5810362,c5b91c25d0cd087da50545719fe1ab85c5a74422c64cfaf65fa1fba561df6d1e,True
data/pdfs/paper_0691.pdf,paper_0691,single_paper,28182337,261232890a03ee2bfc0ecefc9fccba902d97f81d320247a8a7ca3de21bbcdf6a,True
data/pdfs/paper_0692.pdf,paper_0692,single_paper,401473,f3a325c5df1c2700e9094d0cea98bade2b4e60b7518d7e4794aabe8631025272,True
data/pdfs/paper_0693.pdf,paper_0693,single_paper,509644,903e987a1bc3c16c0a59f8249ca662cfb8996fc1a588ff30ec2fa351ce21e7ce,False
data/pdfs/paper_0694.pdf,paper_0694,single_paper,766853,f8c636b9cfa840baf6311011da7bb603f6993016bb144417da364dc1d37964a4,False
data/pdfs/paper_0695.pdf,paper_0695,single_paper,2748793,427415eded6b1b4551d1827cce66755bacc59aaf00d9f71395d0aa53b31af505,True
data/pdfs/paper_0696.pdf,paper_0696,single_paper,466632,d86b32b6887c4942754622e7f9f491a79a052c4ec7c228c0c5776cad3782ff8a,True
data/pdfs/paper_0697.pdf,paper_0697,single_paper,2572550,03255643097e17dd703d3eefd878e9381c32d3f2246e30b314aa3bd0cbe56db2,True
data/pdfs/paper_0698.pdf,paper_0698,single_paper,679683,554b1202bb4588b3539fa5f0b38fda632416fecd98ecb9a1bc04f819bc5ad3a2,False
data/pdfs/paper_0699.pdf,paper_0699,single_paper,737973,f19cae7daaf8105907595c84fb758cfa85e83cd072b4161be3924aec78de75ce,True
data/pdfs/paper_0700.pdf,paper_0700,single_paper,882828,930529d72644d3d5c59fa619c219d7d34712c68daaac02bb954314f60a92ec9e,True
data/pdfs/paper_0701.pdf,paper_0701,single_paper,9192912,cbd7ed00aa7054b6d5101daa96baaaded8ee0ce165f7f44a68179af1bcff324d,False
data/pdfs/paper_0702.pdf,paper_0702,single_paper,1070368,7b6d957f5874c8fb721e1a8227b067cdec4dbf8ad93448626fb5a99c0be16263,False
data/pdfs/paper_0703.pdf,paper_0703,single_paper,26307608,eeaa53c0545508e7a05b91e20940d8899a3fa994de196ed8eed095208c81ea97,True
data/pdfs/source_xb_0003_doc1.pdf,source_xb_0003_doc1,source_paper,6189233,1f084aa397e5144fd493e7c7d03c982b940d3152acbb98a9e89294ecd3f0cf4b,False
data/pdfs/source_xb_0003_doc2.pdf,source_xb_0003_doc2,source_paper,4914735,e6e25ae1af503c047cf495b01ede8bfe361169e43caa28c51536511496ba9d4a,False
data/pdfs/source_xb_0003_doc3.pdf,source_xb_0003_doc3,source_paper,1664537,7a9b8c476d3d2c030753c1d27eb8e56ca029f1da0e51e4fa692ebee3e9d016d8,False
data/pdfs/source_xb_0010_doc1.pdf,source_xb_0010_doc1,source_paper,8106109,c40090a15b6fccd3f5cecc4f5ad9fab42273f2ae897ecf50b2d9db485308078b,False
data/pdfs/source_xb_0010_doc2.pdf,source_xb_0010_doc2,source_paper,3513030,ed1be3d105ec50d96402500545c7c2fb64ad9de02054ca3a50d3de2d5acb459a,False
data/pdfs/source_xb_0010_doc3.pdf,source_xb_0010_doc3,source_paper,1015647,828ba585d70a877c9874120531f1a18a457bb80f864e2f2902506b4d6b7b14cd,False
data/pdfs/source_xb_0013_doc1.pdf,source_xb_0013_doc1,source_paper,3222651,2b01ef66c74511a01529ee833008399a0330177ca8eccbfdf51cf5e9657d19de,False
data/pdfs/source_xb_0013_doc2.pdf,source_xb_0013_doc2,source_paper,7153703,29659d02fb8b34fb1fcc5e172f8c4f6543b10d3048c1e1d4aee2874bb17cd815,False
data/pdfs/source_xb_0013_doc3.pdf,source_xb_0013_doc3,source_paper,525769,e6e3fdd26c729ccfbd1006470d2c53e7ac2d16f6236c8d13634217e86a3912f5,False
data/pdfs/source_xb_0016_doc1.pdf,source_xb_0016_doc1,source_paper,5709283,f008ba8477163eebf386ccdd25f95756c6bf94f718c8869fd070ba1b16c30dac,False
data/pdfs/source_xb_0016_doc2.pdf,source_xb_0016_doc2,source_paper,730260,c0dcf297bdd50a8c1d1df50fffc12e26c5e35c51786cfda0255d62908ed20ff2,False
data/pdfs/source_xb_0016_doc3.pdf,source_xb_0016_doc3,source_paper,644501,11580aa56b4370c27871aee37c21a9913504a020d5ab43b47533f3543db2de2d,False
data/pdfs/source_xb_0018_doc1.pdf,source_xb_0018_doc1,source_paper,1075640,6f5c0094e87bbeaef91b538f8130187fd3f7028e6fb57d8536926d0b28806d78,False
data/pdfs/source_xb_0018_doc2.pdf,source_xb_0018_doc2,source_paper,393173,b9443953e538da275ac55a587928bc9a6b65abd8f35d5dcd60df6c7831e22ed2,False
data/pdfs/source_xb_0018_doc3.pdf,source_xb_0018_doc3,source_paper,1513590,b02f14aa4d4de4a0d24a4da5cfe4a41e19fc088fb6350cd71ac730dbddd806d0,False
data/pdfs/source_xb_0020_doc1.pdf,source_xb_0020_doc1,source_paper,416144,2e2b940c8df1fa007152355f59638ec27d80d597edf0bc9f049adb5d30d4cd42,False
data/pdfs/source_xb_0020_doc2.pdf,source_xb_0020_doc2,source_paper,364864,a5ab6ce244b75922887a3568bb893ed4cc1498037a16d78ed2dcf078481bfcbc,False
data/pdfs/source_xb_0020_doc3.pdf,source_xb_0020_doc3,source_paper,633735,75580f98e72b4eea31a822457a327ad748601044d9790c3a2269a378b21613dc,False
data/pdfs/source_xb_0024_doc1.pdf,source_xb_0024_doc1,source_paper,3650854,e64a012ee359402a8e8d418ca151e64afd12d128262a8cb6dd91e86e1efaf898,False
data/pdfs/source_xb_0024_doc2.pdf,source_xb_0024_doc2,source_paper,908885,64ab1cdcaac1e7be4aeee6ab10006af6395a0fd927bc4393acc3d405c1339f1a,False
data/pdfs/source_xb_0024_doc3.pdf,source_xb_0024_doc3,source_paper,710484,2ba8ab5de2a54b98ee9bf2a4b846573d5e7e6fbd0f08762c7edd6ca5af007db3,False
data/pdfs/source_xb_0025_doc1.pdf,source_xb_0025_doc1,source_paper,505723,eb1bf939273e3c12ab44f41bbdd9d5d461234cff1c9fc0af46313ef267d14a7a,False
data/pdfs/source_xb_0025_doc2.pdf,source_xb_0025_doc2,source_paper,14801544,b84ade2b7a5109c2629ac7e09aab89acfe142ec34f5bc9400c44950c8da7771a,False
data/pdfs/source_xb_0025_doc3.pdf,source_xb_0025_doc3,source_paper,894623,535a599eee1f3ee4e101c82c60903a7f55ca76b0e1ac05f946c9acc14c188979,False
data/pdfs/source_xb_0031_doc1.pdf,source_xb_0031_doc1,source_paper,434950,90fc3028a791b112039e870b6b46667a0a920d6c637797df4ef797d1c8a14c3f,False
data/pdfs/source_xb_0031_doc2.pdf,source_xb_0031_doc2,source_paper,1577609,dc236fed4793e5661a49bcf3e6ab966e7ac8a3b342d9d59836790aedb15ea02d,False
data/pdfs/source_xb_0031_doc3.pdf,source_xb_0031_doc3,source_paper,2994426,aaaae0f6d5adbd15cd94a34e4dae8a69554377a6b1eb096764c685ad814d0a0e,False
data/pdfs/source_xb_0032_doc1.pdf,source_xb_0032_doc1,source_paper,4937211,7068441e2def6fd7cddd1428ffc888b7f7ece703c3f32cf2285f73af6bc094e1,False
data/pdfs/source_xb_0032_doc2.pdf,source_xb_0032_doc2,source_paper,2553268,e6994afcbbb381ded24642d8d85a705811eed19d5bbd7c9be0783bd97429f9ec,False
data/pdfs/source_xb_0032_doc3.pdf,source_xb_0032_doc3,source_paper,3372403,d94f612c85cbc087bf7a08e6cc2b254944334afc27262a67c845471b0dbf922e,False
data/pdfs/source_xb_0035_doc1.pdf,source_xb_0035_doc1,source_paper,9181700,c6d9349015f50be3f044ff50897a57b9984d1627ebce2415048cfdceed96ca06,False
data/pdfs/source_xb_0035_doc2.pdf,source_xb_0035_doc2,source_paper,717479,2887dc53156a1af628d77bcc56d9a17bedce25defae7721fc7247add0497ba66,False
data/pdfs/source_xb_0035_doc3.pdf,source_xb_0035_doc3,source_paper,783195,bc593a4efe70360666fabea5f1a1b11295cf774e296baf50726f4df82beef7c5,False
data/pdfs/source_xb_0036_doc1.pdf,source_xb_0036_doc1,source_paper,17559343,717a80ae978e0ad98662e2d161a38dd5e0f8531ea62728658436e8e7075fa555,False
data/pdfs/source_xb_0036_doc2.pdf,source_xb_0036_doc2,source_paper,5393020,1cab4aeb4c1e43df2a6514f694f344bfb0c7d61e635dc9010d561cc67f345762,False
data/pdfs/source_xb_0036_doc3.pdf,source_xb_0036_doc3,source_paper,21018619,66834cb369e1f232effe2cf7901f279aa7c580b681f77907a1aa918048fd5090,False
data/pdfs/source_xb_0043_doc1.pdf,source_xb_0043_doc1,source_paper,1611987,c319a69b5757d7861cf4206d5dd6fbc5f8678ccf5f00688ab96ce5fc06d23e92,False
data/pdfs/source_xb_0043_doc2.pdf,source_xb_0043_doc2,source_paper,395183,1f77f1941651249301ce24fc6e76c3c2570ecf5aebbf13684d979aa8083ab2b7,False
data/pdfs/source_xb_0043_doc3.pdf,source_xb_0043_doc3,source_paper,669653,d0dbaeec97c8e7e2a332fb2bc5f119507a6eb0f612697cb8b4347e2330609c03,False
data/pdfs/source_xb_0044_doc1.pdf,source_xb_0044_doc1,source_paper,2649695,231e1307f1a20f49adfcbd72ae9e3fd42dacb2c3e991e5a42228ddb8ae5675ef,False
data/pdfs/source_xb_0044_doc2.pdf,source_xb_0044_doc2,source_paper,460775,ac4fe3bfb80b886eade159470518df09911016af4c9a988a1bc5657779bf10a0,False
data/pdfs/source_xb_0044_doc3.pdf,source_xb_0044_doc3,source_paper,9117825,44067769d1177ab7da0bfd29cecaaefc1c7e3f7e56af8487b0e1ad53f279734f,False
data/pdfs/source_xb_0047_doc1.pdf,source_xb_0047_doc1,source_paper,655189,2869fba994b35693b229891d2c968401107bf67d2eb284ef985791ee4c9e528f,False
data/pdfs/source_xb_0047_doc2.pdf,source_xb_0047_doc2,source_paper,1450213,fcedd61abb081c81b1bf3fd1b8216c40526df8a51a2dd63e9f2615a79e5786a5,False
data/pdfs/source_xb_0047_doc3.pdf,source_xb_0047_doc3,source_paper,691027,659fee903dbec96f81099e09718a2d7bc2811c464203c66132abef8c2b6da12f,False
data/pdfs/source_xb_0051_doc1.pdf,source_xb_0051_doc1,source_paper,605648,aba6dd07454a54e80b230cdbec653e2a75cdcab06906418317dddf74434b2906,False
data/pdfs/source_xb_0051_doc2.pdf,source_xb_0051_doc2,source_paper,533002,a584d1dfdebcfa9ca8288124ab19e1e978210ad0557deaedfde2d7180d850232,False
data/pdfs/source_xb_0051_doc3.pdf,source_xb_0051_doc3,source_paper,2653811,e0862cf839bc71b68b5cf23c9a0b6461aa2f331b64fadce83a7897a7648e4014,False
data/pdfs/source_xb_0052_doc1.pdf,source_xb_0052_doc1,source_paper,9717751,11ddaf9f06621b95a3ced53d4ad7597c64992852ae852ba8a87e77f0cc7ad710,False
data/pdfs/source_xb_0052_doc2.pdf,source_xb_0052_doc2,source_paper,19502539,a25e5df2ee4066b58c31fd29adf7e6a60280a508f815ca979d7396bba8465a75,False
data/pdfs/source_xb_0052_doc3.pdf,source_xb_0052_doc3,source_paper,1724765,e1d582818819191fef66478881133a2f01d2b43e5d21b6912e1ffe444fbdd934,False
data/pdfs/source_xb_0054_doc1.pdf,source_xb_0054_doc1,source_paper,974723,59e8142a568ad2447b2321764ef1ca5e6f98c8a67b2311bce15fb6f98ad45f30,False
data/pdfs/source_xb_0054_doc2.pdf,source_xb_0054_doc2,source_paper,410535,8bac33750dd7b9840316fee21ac6b531657f235e5e3af079eb44ea44f83d4c8d,False
data/pdfs/source_xb_0054_doc3.pdf,source_xb_0054_doc3,source_paper,1070082,5a309729ec48a07e06d38566f9f1367bc34e285d518064535ab87a66744855c7,False
data/pdfs/source_xb_0055_doc1.pdf,source_xb_0055_doc1,source_paper,5985677,2a01d79aca2ee70e8e0d4a7c9ee2237a62a8559a6473954367a154240b9fcaf0,False
data/pdfs/source_xb_0055_doc2.pdf,source_xb_0055_doc2,source_paper,2342296,c6507d7a347d0754ac2bcfd7a4bdf4e073120ab31adde313ee63e0cb36c58bfa,False
data/pdfs/source_xb_0055_doc3.pdf,source_xb_0055_doc3,source_paper,8656540,5417a435f4be6b6ecf8fdfc295194229867dda076fd05c1492c432d04ff3973e,False
data/pdfs/source_xb_0057_doc1.pdf,source_xb_0057_doc1,source_paper,1041350,7aef8e2e4f73a38f4ce71539dcdf94693d83fa00ac8df76d1befab36c9a87eab,False
data/pdfs/source_xb_0057_doc2.pdf,source_xb_0057_doc2,source_paper,565495,4067b7f0a6002646cd21c067a110bfca94c4b553dbb7ab04fcafc941d737a9d0,False
data/pdfs/source_xb_0057_doc3.pdf,source_xb_0057_doc3,source_paper,1574956,52fccc5679ac49596813cde2986fb7a78be31d399e2ff1a737f6b4f065bd831c,False
data/pdfs/source_xb_0062_doc1.pdf,source_xb_0062_doc1,source_paper,1251695,a77ba7407d62a09f12c2536a451eadacc1a99111a7c66b36b7022224fd4ebc3e,False
data/pdfs/source_xb_0062_doc2.pdf,source_xb_0062_doc2,source_paper,2709060,b66ffb5d2713ab51abee050998da4573025199b91762b1eb54dad180690c0f1f,False
data/pdfs/source_xb_0062_doc3.pdf,source_xb_0062_doc3,source_paper,551192,50bab497b18cf52bb1badc813b5dd71458228f4ab18d4d4fa1963ad2017604f7,False
data/pdfs/source_xb_0065_doc1.pdf,source_xb_0065_doc1,source_paper,837550,4a997b1e9fee8563a3f7af83c68ccdbe8b559052fb6012fe6f73a7ae77ba31f4,False
data/pdfs/source_xb_0065_doc2.pdf,source_xb_0065_doc2,source_paper,365179,b10b8ec326d4f4aff3f9db427a531f39d84321f427f08e3d488116770e0c460e,False
data/pdfs/source_xb_0065_doc3.pdf,source_xb_0065_doc3,source_paper,1377473,c436219a9673bf24c49f1f1c2a1e14678e6a73c64e525869bd779f3a00079437,False
data/pdfs/source_xb_0070_doc1.pdf,source_xb_0070_doc1,source_paper,2085408,000179659f3873429fcb5b43e225c82acd570cace126a0de743f1de71a89dd46,False
data/pdfs/source_xb_0070_doc2.pdf,source_xb_0070_doc2,source_paper,313257,8702db9a4c3dd6a5a7d343b77a9908d918f0ec84d110c5fb3cc548dbfa0a5acb,False
data/pdfs/source_xb_0070_doc3.pdf,source_xb_0070_doc3,source_paper,3545011,c799ff8e65bf2dbe42021fa28201dfb6953a7cdda6edb770a8349fdbe0bee1aa,False
data/pdfs/source_xb_0073_doc1.pdf,source_xb_0073_doc1,source_paper,28729640,8f3f67037473d0c0fd6ba3942a2280cc61f22cc5ec384290f4e786d4bfb36ea1,False
data/pdfs/source_xb_0073_doc2.pdf,source_xb_0073_doc2,source_paper,759612,2027d1731286a80a4dcefd39e966e60e5904214cf19324a68cf59b5758620a79,False
data/pdfs/source_xb_0073_doc3.pdf,source_xb_0073_doc3,source_paper,34283907,bbab7ad767b16f47cc3397df5edfa45d6fd8f97ae5e50b6fd028f15195165c85,False
data/pdfs/source_xb_0078_doc1.pdf,source_xb_0078_doc1,source_paper,8044496,f64cabcb865145d6bf10fcf675d3b2ef116b50e5a5354613faf5c5bbe96b77da,False
data/pdfs/source_xb_0078_doc2.pdf,source_xb_0078_doc2,source_paper,4369417,e93d4841f707d18ec99d21ba717d583dd7cb6532ea6d864418903022a62ef79f,False
data/pdfs/source_xb_0078_doc3.pdf,source_xb_0078_doc3,source_paper,2174922,842e91a535461b7fb5635ce93decd24e58c49cb3c20f7dcffdd8b337e38f91d1,False
data/pdfs/source_xb_0083_doc1.pdf,source_xb_0083_doc1,source_paper,1514280,eb37ed36f06748f42ffd2ada1ac7ae70df8098957c044c9fe35ae5daf19611a2,False
data/pdfs/source_xb_0083_doc2.pdf,source_xb_0083_doc2,source_paper,723111,80e1e0f7f955fe8d594bd68225366a4f336f5ed1354c058c17b1781170a09694,False
data/pdfs/source_xb_0083_doc3.pdf,source_xb_0083_doc3,source_paper,8240374,3e1ffdf7654ca7083659c71f4904f8f2147c31ae3a936064cefac9a894e843db,False
data/pdfs/source_xb_0084_doc1.pdf,source_xb_0084_doc1,source_paper,2925775,1de1bb055a80509ad39185325a1bc9d7bcec008a740764431dce4d7b82a8c668,False
data/pdfs/source_xb_0084_doc2.pdf,source_xb_0084_doc2,source_paper,2099337,d2fe2125d95665787ccbd675e2fa00c68b7616cf6ddf7a3e397d92d10fb2c8df,False
data/pdfs/source_xb_0084_doc3.pdf,source_xb_0084_doc3,source_paper,489288,921dc22aa8b365bdaa8229538b2b19eec6380e6890afe40e89c981ac47c6e433,False
data/pdfs/source_xb_0086_doc1.pdf,source_xb_0086_doc1,source_paper,3444259,0e53e3e1cfcf71290f9380e8f80a1e3818f8eb6de516abc9f1c3ed2c5bb6a718,False
data/pdfs/source_xb_0086_doc2.pdf,source_xb_0086_doc2,source_paper,6276958,6122be6d682bedaf21a05e373b751c604788d18424503e736bcd668404b51071,False
data/pdfs/source_xb_0086_doc3.pdf,source_xb_0086_doc3,source_paper,547042,23684331b0684b7f2cad4934a3a702a8aa1a49572cfc73bb23bd040ce53c3d0b,False
data/pdfs/source_xb_0088_doc1.pdf,source_xb_0088_doc1,source_paper,2068134,e811f23731b56ae6eeb2b45455594b7eac7db98685975059b4825c8a79eec598,False
data/pdfs/source_xb_0088_doc2.pdf,source_xb_0088_doc2,source_paper,1870076,139fac8a9fad2befc8a662371de2d00c97a4be689874160ed68aa084ee973914,False
data/pdfs/source_xb_0088_doc3.pdf,source_xb_0088_doc3,source_paper,1054981,857978c4cff941cad50fc20d15c9987428dfec81f07f774da97a9bb7a3db8634,False
data/pdfs/source_xb_0090_doc1.pdf,source_xb_0090_doc1,source_paper,692276,e8200a9d63130fe04fa0bb043777781072863322ad06de61d1c4b2bef4f60dc5,False
data/pdfs/source_xb_0090_doc2.pdf,source_xb_0090_doc2,source_paper,964011,d2a15e9501523b6437be7d2de1303d2118fd9847437da5720d2888fa9412eab1,False
data/pdfs/source_xb_0090_doc3.pdf,source_xb_0090_doc3,source_paper,1155536,a1b7585d5f2e0b2aa01f169e3c7ceeff658adc02de24d6a648a8bda19cc7a2a6,False
data/pdfs/source_xb_0091_doc1.pdf,source_xb_0091_doc1,source_paper,460761,294be4ec8a1bf6020ce350890d59ea6ee7d744be5518b768d7eeb23af0296851,False
data/pdfs/source_xb_0091_doc2.pdf,source_xb_0091_doc2,source_paper,1405366,d43973542749ec1adf6516eb019132139cb60ed6c3363879ba12d7e45239b937,False
data/pdfs/source_xb_0091_doc3.pdf,source_xb_0091_doc3,source_paper,1782932,ee9b018ce1949d9773262edf51d6ac13b31eae05d13d4eda6d0b404ec7dc7df2,False
data/pdfs/source_xb_0092_doc1.pdf,source_xb_0092_doc1,source_paper,1142253,6bfcb559cb4fe6df2e81ebc501a1748bef4f22d0e5028750f95b55f95840a59c,False
data/pdfs/source_xb_0092_doc2.pdf,source_xb_0092_doc2,source_paper,974178,24c647ac2b6b565ed0cf34dc65ae9fd090b5f0175d9962faa7923f7619a67981,False
data/pdfs/source_xb_0092_doc3.pdf,source_xb_0092_doc3,source_paper,3204259,4707aae905d4f7dc71b0e0455c21f063a57bd426f3b398724523da9d82062595,False
data/pdfs/source_xb_0094_doc1.pdf,source_xb_0094_doc1,source_paper,404941,517871494c1dc7273e5c2571057996ef6a1a117fadd173f1415c71be745bb83f,False
data/pdfs/source_xb_0094_doc2.pdf,source_xb_0094_doc2,source_paper,2193620,bc024d5d050f2e2292c25d171f65079192de100709923c9dc9729fc30d71723c,False
data/pdfs/source_xb_0094_doc3.pdf,source_xb_0094_doc3,source_paper,796920,a755a345cb1e4604268842b71a29a321262c23906ceda5064ad2565ff29fc09a,False
data/pdfs/source_xb_0096_doc1.pdf,source_xb_0096_doc1,source_paper,792624,25eb1317c8b007a0f7b8b17bcfd79b4b7355f2e7bb3225b6dd4b4c9b6262a465,False
data/pdfs/source_xb_0096_doc2.pdf,source_xb_0096_doc2,source_paper,100917,8303a62a817dc4387e9580bf12410423d98eb069d0910534483df3164fcd9f17,False
data/pdfs/source_xb_0096_doc3.pdf,source_xb_0096_doc3,source_paper,607285,c2d273a519adb368493a19cb861ff48ce2a3a107046fe15ba17a2087792c26d2,False
data/pdfs/source_xb_0098_doc1.pdf,source_xb_0098_doc1,source_paper,702993,c4b9f960de6bd68836a1bc5a2dc8ee589b9faeea875989ad818b9d81be037582,False
data/pdfs/source_xb_0098_doc2.pdf,source_xb_0098_doc2,source_paper,3027988,c75ea050aa34dc7604a4ae8a9b942d4b0c73a9053304e788a0a3506835837a1c,False
data/pdfs/source_xb_0098_doc3.pdf,source_xb_0098_doc3,source_paper,542799,9d4682c9060b03eb6367f75136ac52866cc3d325b80adb9d9f250ca6cde02a65,False
data/pdfs/source_xb_0103_doc1.pdf,source_xb_0103_doc1,source_paper,13530141,791d9d3da5e3d5ee966cbc53e8049f999dfa01ebe0c435574f3b9e2cb75d4e11,False
data/pdfs/source_xb_0103_doc2.pdf,source_xb_0103_doc2,source_paper,3690988,96f35136590304e8381d0be541183bb536f71681cdd4d70128e1af1b11d2b221,False
data/pdfs/source_xb_0103_doc3.pdf,source_xb_0103_doc3,source_paper,1610698,846185d42ba150e535545e71ff9f005c5b84888add2f7cdae7eda79633d6cc99,False
data/pdfs/source_xb_0106_doc1.pdf,source_xb_0106_doc1,source_paper,670059,283e24c95235e6043b44dc7513b086ff30d636bb347bfc21e385806c3b8b0be8,False
data/pdfs/source_xb_0106_doc2.pdf,source_xb_0106_doc2,source_paper,2649384,23a26bd508346a217364ef7e72baea9473684d6f2adec89f9a41eedc29147a9f,False
data/pdfs/source_xb_0106_doc3.pdf,source_xb_0106_doc3,source_paper,460674,5c4b851c740c2fc99cf77dfd2a41ec319228b6fb0c471db57d92c41026a61b7d,False
data/pdfs/source_xb_0113_doc1.pdf,source_xb_0113_doc1,source_paper,1450415,114f869862196cac21635fe63c68b930fc13c852b5a0659805bed4086b68bc51,False
data/pdfs/source_xb_0113_doc3.pdf,source_xb_0113_doc3,source_paper,1012861,6ae7de8770061bd252f45cb9c7c1000ce3b8880f0aa4d8b91746896812efb2ed,False
data/pdfs/source_xb_0114_doc2.pdf,source_xb_0114_doc2,source_paper,1013270,edf1e01022f4c7b3d7c505691afa10decc060ee4a18de716151a9b6d3fb9333a,False
data/pdfs/source_xb_0114_doc3.pdf,source_xb_0114_doc3,source_paper,1733679,b26a23037bd1c515aa696b9289856934335d729b790e1807dad34c121e8939fd,False
data/pdfs/source_xb_0117_doc1.pdf,source_xb_0117_doc1,source_paper,4127003,9dc9ad803057801cc2ed7b63183a4349603d019f8321f27a1bfcbb62542cbe5f,False
data/pdfs/source_xb_0117_doc2.pdf,source_xb_0117_doc2,source_paper,670620,e4aca92082d0cdbe38e3f9bfe75b8fcbaf2cc39624b39d87b8f93f76c275b26e,False
data/pdfs/source_xb_0117_doc3.pdf,source_xb_0117_doc3,source_paper,7415572,5e35536e82e11d7777fbcf3fc7351b25df1a8cf7a0f474921453f4d3de79344f,False
data/pdfs/source_xb_0120_doc1.pdf,source_xb_0120_doc1,source_paper,2603184,47956f3a33ec97a24a2ac7fe7bbd5826ac54be69f67057909819956a19530eb9,False
data/pdfs/source_xb_0120_doc3.pdf,source_xb_0120_doc3,source_paper,532076,e75a69fdf8fa0ac5c07c88a62a31eafbf7dbbdc493c60b1ce4b39355ebb1601d,False
data/pdfs/source_xb_0121_doc3.pdf,source_xb_0121_doc3,source_paper,9715772,d8be407d88a6ca4d22a3bd95432bf22570df36a60fa2a3dbb38b4a9c8e499b4a,False
data/pdfs/source_xb_0126_doc1.pdf,source_xb_0126_doc1,source_paper,397591,539abcb4c39792b957937473f885edf980350693d8d953191d7a455d468e8db2,False
data/pdfs/source_xb_0132_doc1.pdf,source_xb_0132_doc1,source_paper,452311,eb9783109e908451ca258878250810b4ac45313dfae7aa95558a1a378a0178d3,False
data/pdfs/source_xb_0136_doc1.pdf,source_xb_0136_doc1,source_paper,502171,abe572b5798b8f33da382abf3650f1b3ba94d067102304fc9fa94e12fc8823a1,False
data/pdfs/source_xb_0136_doc2.pdf,source_xb_0136_doc2,source_paper,8265574,6552367783113c8ffb2e348324eecc8a8465eacc65e07c2489213810b09960df,False
data/pdfs/source_xb_0136_doc3.pdf,source_xb_0136_doc3,source_paper,552888,bd70702a43b2d8a72b0edc1cf847da0c51d2583dc57bd7c7d691900c61b11673,False
data/pdfs/source_xb_0139_doc1.pdf,source_xb_0139_doc1,source_paper,1184608,8d622e063ac7ee9a94bd2b759e92e40686e1d9cb2118d8452802dfaed5d234b8,False
data/pdfs/source_xb_0139_doc2.pdf,source_xb_0139_doc2,source_paper,2352839,4b6413f580aabc95b73e519cba8dd68b2d40dc4b41f175365e39402025e1c3a3,False
data/pdfs/source_xb_0139_doc3.pdf,source_xb_0139_doc3,source_paper,1222153,5efd562fc98cd8ccf0f76d26b9fd001efeb2aac683593283e71d498daac28a09,False
data/pdfs/source_xb_0143_doc1.pdf,source_xb_0143_doc1,source_paper,2709587,936c1bee6b2a426105fadba8f3a2f5feff61cd10fa4dd06bd36816d24f726fc5,False
data/pdfs/source_xb_0143_doc2.pdf,source_xb_0143_doc2,source_paper,551917,10298f76d679afaa43331a413fd50bdbbb3085efde8f51229a79d3613b0ff4ac,False
data/pdfs/source_xb_0143_doc3.pdf,source_xb_0143_doc3,source_paper,9180267,8541512fef4cacf0de12d6b6c243a937c87e22bb13d1a680a1e7b72e58d79759,False
data/pdfs/source_xb_0144_doc1.pdf,source_xb_0144_doc1,source_paper,552019,94cf4098c34fb07619e7b45fc3b9d27b64435392dc3ddad15ebc57ce69fd1863,False
data/pdfs/source_xb_0144_doc3.pdf,source_xb_0144_doc3,source_paper,910230,54c2f2f0a059436045fbc2b029f26dc394f13d83cede316d5b1d9c23d7397dc7,False
data/pdfs/source_xb_0147_doc1.pdf,source_xb_0147_doc1,source_paper,939416,de6d449c7ec3515e054f0e9da22904c9965f00ee5ab6a3452afdbc5130168115,False
data/pdfs/source_xb_0147_doc2.pdf,source_xb_0147_doc2,source_paper,1983197,d8d4fb96f53ec7a3631c3c923aa43b517639ca21d5907d8626342f48a1335325,False
data/pdfs/source_xb_0147_doc3.pdf,source_xb_0147_doc3,source_paper,837331,595af89ff76b813a34df391d2ca03ac879d7a5f18c12ce32e744b9a80c1e2a13,False
data/pdfs/source_xb_0150_doc1.pdf,source_xb_0150_doc1,source_paper,1381259,39fcc5943cb3b0568b866ec428406d048fcbc721caaaafaacbaf6d23357caab6,False
data/pdfs/source_xb_0150_doc2.pdf,source_xb_0150_doc2,source_paper,682654,daaa9ca95d1920d93da39e12e25c393304fdd349a246cfeaa42ce78e857dfc22,False
data/pdfs/source_xb_0150_doc3.pdf,source_xb_0150_doc3,source_paper,2396870,1373dc1675848e725d3a785d72343b5d584d1135747a28dd1cd39909321504d6,False
data/pdfs/source_xb_0154_doc1.pdf,source_xb_0154_doc1,source_paper,1750338,e2db171b7a6da069aa3a2d9a623652d8893f900f5876df8fa4dd574a96a3d1b1,False
data/pdfs/source_xb_0154_doc2.pdf,source_xb_0154_doc2,source_paper,817478,1cee578e275b568f77dfd734d94efe602904395d7d8302854490b1eca6b5af0a,False
data/pdfs/source_xb_0154_doc3.pdf,source_xb_0154_doc3,source_paper,601228,dbc246f59779620d9e86e08bcd7befe912487b18d296940054b97c67a03e4835,False
data/pdfs/source_xb_0155_doc1.pdf,source_xb_0155_doc1,source_paper,602064,3ea1ed408ab9567c7f1aed4d2ca785cda3339a62c78c399691988f711883a974,False
data/pdfs/source_xb_0155_doc2.pdf,source_xb_0155_doc2,source_paper,450475,b963093bd7bd0dfc3cf9e78c05ee61601bec3d0f42585b454a023d4105222f7f,False
data/pdfs/source_xb_0155_doc3.pdf,source_xb_0155_doc3,source_paper,5749222,ea184b9bc0b8bcce24309ad9af871846defdfbea43ee2103cd5745c286cabecf,False
data/pdfs/source_xb_0158_doc1.pdf,source_xb_0158_doc1,source_paper,970750,a6883fa91f122606e643db9b4325e933549726713e8366a836f55cc8d3e2a1bf,False
data/pdfs/source_xb_0159_doc3.pdf,source_xb_0159_doc3,source_paper,521691,8092010f17060f5be50d567f443abd1efd9b70165dfa1bcff2b09e146622910d,False
data/pdfs/source_xb_0160_doc1.pdf,source_xb_0160_doc1,source_paper,3545503,94d72ac157a3a278b61c57a18e49a4759eca5e70cb0a203e9d9d034492b7b2de,False
data/pdfs/source_xb_0160_doc3.pdf,source_xb_0160_doc3,source_paper,6337815,9c9e9718fc38c3b537a45024603326dca03aa30b1f8fc2a0b23c5144561068f5,False
data/pdfs/source_xb_0164_doc1.pdf,source_xb_0164_doc1,source_paper,2161894,20ef148df99ee8ca90db6a13ff9d490d11c58841bb47d8f85643ef5b3aa60334,False
data/pdfs/source_xb_0164_doc2.pdf,source_xb_0164_doc2,source_paper,28728871,c49ce9a3956c6d3adc3200fe02cd3e13c3b113a25700276fb1c44a54b58e2bb6,False
data/pdfs/source_xb_0166_doc1.pdf,source_xb_0166_doc1,source_paper,34284319,3bf84faf49fe9acc63bc84c7cb054686e393200901d446073024631fae327772,False
data/pdfs/source_xb_0166_doc2.pdf,source_xb_0166_doc2,source_paper,2880470,dd159c34bace8c9559ba99369376e7059e695361ba23aec9a7755aeed3936b7a,False
data/pdfs/source_xb_0166_doc3.pdf,source_xb_0166_doc3,source_paper,648118,f9e1332401b3689f003716e2f97d916b4ac8645d6709ce9194c1a88bcb8e99e0,False
data/pdfs/source_xb_0169_doc1.pdf,source_xb_0169_doc1,source_paper,546656,a9bd85a885fb8fd5fda6d220e0c4c2bbfa4412b3592e95d36787a7e7ae46ba24,False
data/pdfs/source_xb_0169_doc2.pdf,source_xb_0169_doc2,source_paper,1383463,b90760d6c7d209adb101759f6b39b562077d3dc2ce3c2a81dd35e23bf0115c02,False
data/pdfs/source_xb_0169_doc3.pdf,source_xb_0169_doc3,source_paper,13529192,eb0e5b78a1e49b7103d64483369b3d3987aacb26973d36f1d0ef57d031394eeb,False
data/pdfs/source_xb_0170_doc1.pdf,source_xb_0170_doc1,source_paper,1383772,ede7d7146a4744fa1e6bbd8d1128c28dbe811f67b3c8f3f5e60e1dbe62a51cca,False
data/pdfs/source_xb_0170_doc2.pdf,source_xb_0170_doc2,source_paper,13529604,dd8459177fc0061b35bcea9c1f04f328829b46022e4453fa6aeae91f45507fcb,False
data/pdfs/source_xb_0170_doc3.pdf,source_xb_0170_doc3,source_paper,1607961,b6cacf2a71864c4bbef6b191659e76ce90bfc02682d77407ce2aef11c0254863,False
data/pdfs/source_xb_0171_doc3.pdf,source_xb_0171_doc3,source_paper,669101,b065210e5fa6d7f9421e2d41b20b6a5fa834eb5b24038a31fe81053ebb66e44d,False
data/pdfs/source_xb_0173_doc3.pdf,source_xb_0173_doc3,source_paper,6633646,afd0da324945ddfcc9390aa0143c44e2487ee1721ffeda00180b1bc5d096185d,False
data/pdfs/source_xb_0175_doc2.pdf,source_xb_0175_doc2,source_paper,3318261,2ce49984c0a7d0b3901b92a828443c209123dfdd589d476f1da9206806376807,False
data/pdfs/source_xb_0175_doc3.pdf,source_xb_0175_doc3,source_paper,420541,b90f7d6121d29c4dc74e97c0b3ace50fe24b317f3deafa956e8c39172aaddf74,False
data/pdfs/source_xb_0176_doc3.pdf,source_xb_0176_doc3,source_paper,654769,45f0d0d87f6f190d9327f8ab1954f914505ba7bc1705a0ec4a306531f102c6a1,False
data/pdfs/source_xb_0178_doc3.pdf,source_xb_0178_doc3,source_paper,1734173,a7d53599811163b3ed5fdb79525ef67804d44230441093f871ca9135d20ffa8d,False
data/pdfs/source_xb_0183_doc1.pdf,source_xb_0183_doc1,source_paper,6929617,fc4b363e0dee6bd1336b79ec3c2ed35e21eb2bc8ba62586839713b74679356f3,False
data/pdfs/source_xb_0183_doc3.pdf,source_xb_0183_doc3,source_paper,2652991,e60f4041d861908f4ab57118fdc7ceb9a28fd3752ea93d9ea5f17d937be3ed1f,False
data/pdfs/source_xb_0184_doc2.pdf,source_xb_0184_doc2,source_paper,2654544,8c225aacfbf53df166c5fc1204fdb98f3afed4f6b65fc12fa28cd0bc862f0bbe,False
data/pdfs/source_xb_0184_doc3.pdf,source_xb_0184_doc3,source_paper,19501423,62ce163001cd635cecb3f3677f5cad7210e03cb78e62423c453a90adae23db20,False
data/pdfs/source_xb_0194_doc2.pdf,source_xb_0194_doc2,source_paper,2949292,fad1404b1ebb1588b14e3ef7691f05d228843ec1fccc7884786fcd3a1ef412fa,False
data/pdfs/source_xb_0194_doc3.pdf,source_xb_0194_doc3,source_paper,8264923,6ca8ab3290b17265c291e1401f9b943b35653b821de539f17da553a202a1646d,False
data/pdfs/source_xb_0196_doc1.pdf,source_xb_0196_doc1,source_paper,8265780,34d8da7fa20b0da9929f81f164f553f1fa16a4f6994c794377ae3ef7ba2976d6,False
data/pdfs/source_xb_0196_doc2.pdf,source_xb_0196_doc2,source_paper,975312,af235a9c6a84574c56518902b37492a347f5dd56ad7cdb09717ea49bcd17b9df,False
data/pdfs/source_xb_0196_doc3.pdf,source_xb_0196_doc3,source_paper,1182559,1c91977b50498f3530033b9e2cd94d9a42fe83e46347424eb76233758fd85a2d,False
data/pdfs/source_xb_0204_doc3.pdf,source_xb_0204_doc3,source_paper,1377794,77888f2204432d28c542dd17e76fac9712f12c4768a079f1f55987813eb8b41f,False
data/pdfs/source_xb_0205_doc3.pdf,source_xb_0205_doc3,source_paper,2396741,ba7a32964d6d0c71a06c286f57a900654fe415ba32f668f5a7b733f5764f179a,False
data/pdfs/source_xb_0206_doc2.pdf,source_xb_0206_doc2,source_paper,2397072,e132ec5c31bc5f431f53fa4a7a92271b4625bf9b80a3ed9355ef384bbddfcdfe,False
data/pdfs/source_xb_0206_doc3.pdf,source_xb_0206_doc3,source_paper,6533780,1206c74b02f7d8e0eb6f41e63ef26eaa0d68a9da1f78962c7f5a4ee88e9e5435,False
data/pdfs/source_xb_0207_doc1.pdf,source_xb_0207_doc1,source_paper,2397688,3526098250973507f316232cc84e4d1e19976731faa913b95ef795b1fe7da7c2,False
data/pdfs/source_xb_0207_doc2.pdf,source_xb_0207_doc2,source_paper,6534960,a2346124099e90e9289bd1fef1f8585419aeebaae7bd0851a64dc5e7b6c38d2b,False
data/pdfs/source_xb_0207_doc3.pdf,source_xb_0207_doc3,source_paper,1749629,6add2505ebae47b6acde33d5ad1790b663de9e33a7b26bf276a06f05f0d3bf7d,False
data/pdfs/source_xb_0209_doc2.pdf,source_xb_0209_doc2,source_paper,601756,8c7833facb88b4ac4aa1335c9c1721729b57c876c0cd79dd0c8e4aef166f6e26,False
data/pdfs/source_xb_0209_doc3.pdf,source_xb_0209_doc3,source_paper,5749701,91a44b3823187297e147e634773ad19ae70173f95a817e5eb55744722ed86c35,False
data/pdfs/source_xb_0216_doc1.pdf,source_xb_0216_doc1,source_paper,11661368,dd206356e56cfb25e1651e97ed962e466e61044c922023f24aabe8f9b31761f9,False
data/pdfs/source_xb_0216_doc2.pdf,source_xb_0216_doc2,source_paper,28729310,2e0ea6fe7f050992361fa4362bac55849a97cb55e99b177c7a914646a631ab90,False
data/pdfs/source_xb_0216_doc3.pdf,source_xb_0216_doc3,source_paper,34284210,29d0d04cf910df351291c23550f53dc603b4ce276c253409d0c76074ca8ea1f6,False
data/pdfs/source_xb_0217_doc3.pdf,source_xb_0217_doc3,source_paper,648803,29a0889bfad6b994606f4c5694be007b39e63bed56d3ef5fe5cf5f38e932a28c,False
data/pdfs/source_xb_0219_doc1.pdf,source_xb_0219_doc1,source_paper,6933772,f2611c4bb921ef131e7584f2d84394f853fada3693fbb419d865c33685abb587,False
data/pdfs/source_xb_0219_doc2.pdf,source_xb_0219_doc2,source_paper,1135434,b598208b839cfac839a76a3ff5bde2e678132bfd14c079f85673b618016bf3a2,False
data/pdfs/source_xb_0219_doc3.pdf,source_xb_0219_doc3,source_paper,1024839,3ab23f4a330ad1f0cc3ff539462d67266fc6376a1402e7b9a15cbf55cb70ea6b,False
data/pdfs/source_xb_0220_doc2.pdf,source_xb_0220_doc2,source_paper,871530,d929edc919ee64357c93180c565997acf0df12b3c5c551bfc01c432069f7063b,False
data/pdfs/source_xb_0220_doc3.pdf,source_xb_0220_doc3,source_paper,1026998,d8406dae3bd28300f5f383538685874443f8cfc35753faa315caa3b92b555a1a,False
data/pdfs/source_xb_0222_doc1.pdf,source_xb_0222_doc1,source_paper,1048656,5cdd4bf725dcfa1fe23a4d2fdde20d1e855eaf8e0d56cf63d57c7325381f616b,False
data/pdfs/source_xb_0222_doc2.pdf,source_xb_0222_doc2,source_paper,9507093,1d62e78172b993e013dde0bfb90678555a53d3e9939d7487d3654208b93f0d48,False
data/pdfs/source_xb_0222_doc3.pdf,source_xb_0222_doc3,source_paper,8042880,a78d2304243e3d3ad7d442c2a1e735cba0057eacb12eabe00ef087c50017ad3c,False
data/pdfs/source_xb_0224_doc2.pdf,source_xb_0224_doc2,source_paper,2175610,9109576a1714fc455ee3a533978698a4e343d8e2883d250ed389c1dc0a4fd385,False
data/pdfs/source_xb_0224_doc3.pdf,source_xb_0224_doc3,source_paper,3174517,22bc5c9f91ad01762ddbf6543d348387d6a271c8cc810c91877aa94bc487794c,False
data/pdfs/source_xb_0226_doc1.pdf,source_xb_0226_doc1,source_paper,147045,cad3e2e63c1ea2c20793c0abb6448d93c41ef7b5decfdaaee142c92924d4c1e4,False
data/pdfs/source_xb_0226_doc2.pdf,source_xb_0226_doc2,source_paper,866088,85f7ab362dad9a85b7f8c417fd684f71d5407f24540a1bc0edfeb56c8c846d7b,False
data/pdfs/source_xb_0226_doc3.pdf,source_xb_0226_doc3,source_paper,518402,21f35d458d10bbaef8988b6c7f7bed2bb34c2ed7566ad2bb93f31d02618f64ca,False
data/pdfs/source_xb_0230_doc1.pdf,source_xb_0230_doc1,source_paper,2685493,2d19935c10b6cccee126aa2ea7b6b5cec7fd36d2179df6e674daf203117c15ba,False
data/pdfs/source_xb_0230_doc2.pdf,source_xb_0230_doc2,source_paper,1748851,4a86598f7e5e468220e4cf8c69c001cbe06f082744da5df1b526d534a35b48b1,False
data/pdfs/source_xb_0230_doc3.pdf,source_xb_0230_doc3,source_paper,420649,b0d568a20f770691b85593247ccc342dab13a45ccf84c17589e773b949ddb6b3,False
data/pdfs/source_xb_0231_doc1.pdf,source_xb_0231_doc1,source_paper,1749400,6ba1e03490e3f67130fe8875bc2038fe31a854ab47757c407fcd2c73da924ba1,False
data/pdfs/source_xb_0231_doc2.pdf,source_xb_0231_doc2,source_paper,421184,6b771e4cbb4e9dcbd36c2016d6317cd944d714b6bd1e2d2b83e26f6e9e766db5,False
data/pdfs/source_xb_0231_doc3.pdf,source_xb_0231_doc3,source_paper,3588632,722c7f707b4ab6d88f560ec610a56325a88b9a896a7981e4453510633b30ae02,False
data/pdfs/source_xb_0232_doc1.pdf,source_xb_0232_doc1,source_paper,3589327,63ec4050ef063759ddddb2d308eb4e4ef4981dbfc7a7bc92254eb0a4012b8acd,False
data/pdfs/source_xb_0232_doc2.pdf,source_xb_0232_doc2,source_paper,2665843,30eac60c7d9a317404e141ec8ac20e8e3e34240526d3087dc912e6dec37998ff,False
data/pdfs/source_xb_0232_doc3.pdf,source_xb_0232_doc3,source_paper,1514172,8b68e6b99c01755ac4c7c1ba1d4d9e3aa452adbcbbb37d3e03b44b9304cc8305,False
data/pdfs/source_xb_0233_doc1.pdf,source_xb_0233_doc1,source_paper,2665944,61eb02b895f3c2604884935c2b09f18dff8d12e2382167ae6d0b8cce7afb55f3,False
data/pdfs/source_xb_0234_doc1.pdf,source_xb_0234_doc1,source_paper,723314,84854c7d6004531f199b3220b0faba6e71cd1f9deb83a74492005d6c8aad1b7e,False
data/pdfs/source_xb_0234_doc2.pdf,source_xb_0234_doc2,source_paper,8240593,6b071757987caf7dd26f412f8bb5c04d6a9e0687176ccaaa610e4ac5d93783a5,False
data/pdfs/source_xb_0234_doc3.pdf,source_xb_0234_doc3,source_paper,2925329,e614c9bf4cc1f1a69508713fc3d5574d93d430f541be5f37bac10f33224fdd38,False
data/pdfs/source_xb_0235_doc1.pdf,source_xb_0235_doc1,source_paper,8241000,265ea32b8148c32bdace3d215bd7eb8663f6377212ec15440c18eba5f7d1e13d,False
data/pdfs/source_xb_0235_doc3.pdf,source_xb_0235_doc3,source_paper,2098150,48af36ea31ece767823fbac752355d2cc580246229915dbee5ebe2d943dced07,False
data/pdfs/source_xb_0236_doc1.pdf,source_xb_0236_doc1,source_paper,2099788,17696d1782173a16f46e4c39bd0ae44fe151803b1116e1ab1b1bdbc75a5bb827,False
data/pdfs/source_xb_0236_doc2.pdf,source_xb_0236_doc2,source_paper,489497,5cf5fce6a6a29d70e5f05c83e744b2ed45111472465b4f33210dbaed3efe0bf7,False
data/pdfs/source_xb_0236_doc3.pdf,source_xb_0236_doc3,source_paper,1583703,d11741f8e43b67ee4bf858b70eb5e8913c1f783b03e78dd4a9764f127d271f5c,False
data/pdfs/source_xb_0239_doc1.pdf,source_xb_0239_doc1,source_paper,423025,c4337839865344cfca3696f32b1184de89de3bbd74bdd9797058c35111b22ac9,False
data/pdfs/source_xb_0240_doc1.pdf,source_xb_0240_doc1,source_paper,6277462,260907fca270e5276f66822619f83f39c8c83ea121cc6a0b0275998cf8b01b3c,False
data/pdfs/source_xb_0240_doc2.pdf,source_xb_0240_doc2,source_paper,548228,bfd8e71a716fcf92a69e67b9236e27cfafbce3ab79d6c7bc81fa0e7b0588586b,False
data/pdfs/source_xb_0240_doc3.pdf,source_xb_0240_doc3,source_paper,274959,ca635694bdd901d966114aa5e615e2f72b4a0edba4b8e9b7357d39dcd52074d7,False
data/pdfs/source_xb_0246_doc1.pdf,source_xb_0246_doc1,source_paper,600978,e4c944506adaa4b8a9f2797ca1e1456aa916788c9f4aa026077802b9f878a80a,False
data/pdfs/source_xb_0246_doc2.pdf,source_xb_0246_doc2,source_paper,1187737,240f99df1503cad599ba16d3f0660cd338c428e5f60c803e68478da8ffc2e361,False
data/pdfs/source_xb_0248_doc3.pdf,source_xb_0248_doc3,source_paper,460333,e57e98a83980fcb927f5b2860bddda139aea675da3612909675993b963714b00,False
data/pdfs/source_xb_0250_doc1.pdf,source_xb_0250_doc1,source_paper,1405586,46088d571612c030b44b5f37d150ccc606d1655599c0dbefebdcab9a91f0f4b0,False
data/pdfs/source_xb_0250_doc2.pdf,source_xb_0250_doc2,source_paper,1783150,12405e7d194bda9de88f93849a78869d02fa64757c0fcd35bf1947a1da81a36b,False
data/pdfs/source_xb_0250_doc3.pdf,source_xb_0250_doc3,source_paper,1141707,70ba257bb3823d2bc10922572369ca4bcf2e42d13e253ad78d72e0c3e368ae45,False
data/pdfs/source_xb_0252_doc1.pdf,source_xb_0252_doc1,source_paper,974395,43de2c65428c2aa5975e215051f8d7b5121e8a2bca922d4650fdda21d97c64f0,False
data/pdfs/source_xb_0252_doc2.pdf,source_xb_0252_doc2,source_paper,3204360,d6624b6aa968e7e43c10b9074db56d4c1ebf89ec570a784feeb193f29d43aca4,False
data/pdfs/source_xb_0252_doc3.pdf,source_xb_0252_doc3,source_paper,1161256,4ba40e94773b1abe571a520e6cffbd6634db81e48fb4542bbd963265201236e5,False
data/pdfs/source_xb_0253_doc1.pdf,source_xb_0253_doc1,source_paper,3204692,53f7fc7449cde108f210866978e6bec6fa9dc429b7e68f6e601c8a97b68fa855,False
data/pdfs/source_xb_0253_doc2.pdf,source_xb_0253_doc2,source_paper,1161583,1a8b17564cdbce30d9e34d9b5c0d884f824ba70ca43b88bf47506b4d4573e644,False
data/pdfs/source_xb_0253_doc3.pdf,source_xb_0253_doc3,source_paper,775840,4a87df7e7e4d05fcce8f7af941bbf378956b127fbe209fbb7d91a2caddb61e5f,False
data/pdfs/source_xb_0254_doc1.pdf,source_xb_0254_doc1,source_paper,777005,7d52860d9328c5bd2ce3ed448ad44f5741dd4ea2c6df53744e62f591d9f44912,False
data/pdfs/source_xb_0254_doc2.pdf,source_xb_0254_doc2,source_paper,2423855,bc6f0bbc911dc06a91dab25f84e4177bebe646bd505402efde2f755b875a2c02,False
data/pdfs/source_xb_0254_doc3.pdf,source_xb_0254_doc3,source_paper,404843,fbc19bcde1747a84ea2c4b1debd35a22cc11ac57233f9df4650162ac0933dc61,False
data/pdfs/source_xb_0257_doc1.pdf,source_xb_0257_doc1,source_paper,797226,5721a7a559a1ff40febb0469884ebdbb9e54ac830540442b8909196f464f117c,False
data/pdfs/source_xb_0257_doc2.pdf,source_xb_0257_doc2,source_paper,428417,b10e271c831cf753cd1af7b2a93ec8ea4c5ecd1f4bb0cdfed8682e520a494989,False
data/pdfs/source_xb_0257_doc3.pdf,source_xb_0257_doc3,source_paper,2649673,e099431d076becae8d50f0bcfd05c2731bb2a0d36e0bde0127c862c8cdb557bd,False
data/pdfs/source_xb_0259_doc1.pdf,source_xb_0259_doc1,source_paper,1465668,5d943c07f0725a73677987a33999d54953d3b96afc92be7445e931aad57d5fb2,False
data/pdfs/source_xb_0259_doc2.pdf,source_xb_0259_doc2,source_paper,792518,4fc38a60e121fa20f8b441d7a58a67b29e5cf30913f5f156e8932f5af4b771b7,False
data/pdfs/source_xb_0259_doc3.pdf,source_xb_0259_doc3,source_paper,100311,fc574b60a57031fa33e00e841004ab384b3c7de2651367a62cbfe0e4e38d65de,False
data/pdfs/source_xb_0260_doc1.pdf,source_xb_0260_doc1,source_paper,101305,c95cd8463c9416079f7ce14bba9a30b521584a702dfd27d84cff2e89aaebfa18,False
data/pdfs/source_xb_0260_doc3.pdf,source_xb_0260_doc3,source_paper,9721018,c231f861f769693e8bc4e12614ed45a661147b5f6d2f856b2a493ee6ca078bda,False
data/pdfs/source_xb_0261_doc2.pdf,source_xb_0261_doc2,source_paper,9721225,68ce49222243995de08e68bcf1dd3ebf3408d331e28fa57392db026bbaa02093,False
data/pdfs/source_xb_0261_doc3.pdf,source_xb_0261_doc3,source_paper,2700654,f332de0633661010a59204908466e8d49148e04697c8c1505292a2031e5ae7db,False
data/pdfs/source_xb_0263_doc1.pdf,source_xb_0263_doc1,source_paper,1519560,6f06ce7208735f63b6011007cc934d5f14e1d942d294180d6a9f58aa827e370d,False
data/pdfs/source_xb_0263_doc2.pdf,source_xb_0263_doc2,source_paper,702375,85e055725c7a452f869864fe3996270ede28ef47e1522f370fe4d25755bd884c,False
data/pdfs/source_xb_0264_doc1.pdf,source_xb_0264_doc1,source_paper,3028532,89df4de22f94ad61fa9851c163556b78d8fe499ebb4224851c677e57bd3e628b,False
data/pdfs/source_xb_0264_doc2.pdf,source_xb_0264_doc2,source_paper,543441,19a8f547ef9c0e6d692dd836cd10e028f68c20807b7f3791ba4e8a21f6da13df,False
data/pdfs/source_xb_0264_doc3.pdf,source_xb_0264_doc3,source_paper,809739,93bf04ff6c712851677ca68e0d2ae184b0ad629e06454fae30c162e25d6263f2,False
data/pdfs/source_xb_0267_doc1.pdf,source_xb_0267_doc1,source_paper,1209332,ea22ebdbd6a14d5b6ce8fcf37fcdd8f87660046e62ae86c50a60016e3f9db242,False
data/pdfs/source_xb_0267_doc2.pdf,source_xb_0267_doc2,source_paper,299564,6a61e38c0a8afd66fe8ff8b95218acadcbf2fb6e5a7f4da03345773f198121ae,False
data/pdfs/source_xb_0267_doc3.pdf,source_xb_0267_doc3,source_paper,374680,a5b08a265bbd7b98cef2000cc2ae978d9670f3ecd1556185333b91e4fc9a7d52,False
data/pdfs/source_xb_0273_doc1.pdf,source_xb_0273_doc1,source_paper,3174617,b7a374efed088c0d166ad7803f102751a0710684bef12fe30e9f9862d939be70,False
data/pdfs/source_xb_0273_doc3.pdf,source_xb_0273_doc3,source_paper,5237018,0fc4199554b9e4a3e855f59e2e795a261e21e7f16fa215c6b603fc0c80d1ff62,False
data/pdfs/source_xb_0274_doc3.pdf,source_xb_0274_doc3,source_paper,1572400,657f96fb4c57885181b6834dae8d0824c4b22275b382ea016531bb380e624c82,False
data/pdfs/source_xb_0275_doc3.pdf,source_xb_0275_doc3,source_paper,1748761,2b5c62dd94a5cafcff0f82f9646c7e109b91226b05f021b15649b8158280fe83,False
data/pdfs/source_xb_0278_doc3.pdf,source_xb_0278_doc3,source_paper,8240376,696506427b75728a5e5743e852ba254c3c884c26972ddfd16f91010b0366f2ec,False
data/pdfs/source_xb_0280_doc2.pdf,source_xb_0280_doc2,source_paper,2098488,3af136e3b1588ca211ff9149d012c039a018166430c05c3c4da710cd282e495a,False
data/pdfs/source_xb_0280_doc3.pdf,source_xb_0280_doc3,source_paper,1583594,954b236e9c02c8be57f71c8960a20a32225e6e7ffb4273d17eb0b3b25e395d7c,False
data/pdfs/source_xb_0282_doc1.pdf,source_xb_0282_doc1,source_paper,1584454,d1ca5e73b3524a30e0eece07fd53973a1d354e7d4b0b9dd8c5b39a8f0fc7da7b,False
data/pdfs/source_xb_0282_doc3.pdf,source_xb_0282_doc3,source_paper,6277159,42279ec265cf2e11d2d4e3208c8651bb86b6b035cad08ca47ce845bb7f55acd2,False
data/pdfs/source_xb_0288_doc1.pdf,source_xb_0288_doc1,source_paper,441543,8a4805b7648783a6eba7f22a8f4ab0bacf471bacdf1cc3d84424c5413d624da8,False
data/pdfs/source_xb_0288_doc3.pdf,source_xb_0288_doc3,source_paper,962841,494af7c9525eae5b299e1a5ee9b25c4327b8e2013321a0236010e50c8b073789,False
data/pdfs/source_xb_0289_doc2.pdf,source_xb_0289_doc2,source_paper,963708,c22a143124018e36851e1f3561b107a9991180a9fd01224708da00cde3446ce9,False
data/pdfs/source_xb_0289_doc3.pdf,source_xb_0289_doc3,source_paper,460025,67008a996e4291c45cf6ade45ef681a86948c42c3b278d40f8d472953a24c573,False
data/pdfs/source_xb_0290_doc3.pdf,source_xb_0290_doc3,source_paper,1782805,c242fb7a24d835d239b4e2a69f80de9f28896c45bd30571181a51e3082535632,False
data/pdfs/source_xb_0291_doc2.pdf,source_xb_0291_doc2,source_paper,1783238,f82b6fb20145590aeb0c8cf07aa50548b2307e12cc872ee484fe0b20f7890a92,False
data/pdfs/source_xb_0291_doc3.pdf,source_xb_0291_doc3,source_paper,974067,88decf7b3e768b16f04f0a199b0f582550acaa6d22bb9351788b742bede0ada0,False
data/pdfs/source_xb_0292_doc1.pdf,source_xb_0292_doc1,source_paper,1783456,e7fdc69404250dc5a8d0963adc5efb897451b8fe25276c0672b4350fe2d0821e,False
data/pdfs/source_xb_0292_doc2.pdf,source_xb_0292_doc2,source_paper,974287,ad059cf6e8f0b4f4fea370ac4df941c153db214fee10aed78d7bfe20fc9518f3,False
data/pdfs/source_xb_0292_doc3.pdf,source_xb_0292_doc3,source_paper,1161223,5c8b22f078da776dfda3874c114a6bf9e8fc6573feca8dd860ed88ac79e4d3e1,False
data/pdfs/source_xb_0297_doc1.pdf,source_xb_0297_doc1,source_paper,428731,e1d433e6275c3574fb74da929ff68232a1d614637bbf0b7c8c71f4e645f2a1ec,False
data/pdfs/source_xb_0297_doc2.pdf,source_xb_0297_doc2,source_paper,1465128,9a2ad1b9d4ad537ca0d3e6418b2075d5952416673055ab03c95ea6c3f2523741,False
data/pdfs/source_xb_0297_doc3.pdf,source_xb_0297_doc3,source_paper,100699,c1f348ac2888a73584e01e6465ea34c2a7a40d0e1d951852984c0dbe2a014fb4,False
data/pdfs/source_xb_0298_doc3.pdf,source_xb_0298_doc3,source_paper,9720229,a85529afd33e1089807790260c81c6c73ce87d235509f8e4f1543b6517eec580,False
data/pdfs/source_xb_0300_doc1.pdf,source_xb_0300_doc1,source_paper,9721336,fe87fd03ba959b93caf05ff1810fac2fbf9072ecba1164859496f5f49f452fc3,False
data/pdfs/source_xb_0300_doc2.pdf,source_xb_0300_doc2,source_paper,1519230,4626c015a6ce31514fa117ee2ac7ff18083c469b60d1700518babce35e5f89ab,False
data/pdfs/source_xb_0300_doc3.pdf,source_xb_0300_doc3,source_paper,3028203,3b9077d2ca5808a358012095c02a432e57306ae385e8a41607c0a1d201a3e608,False
data/pdfs/source_xp_0001_2607.08741v1.pdf,source_xp_0001_2607.08741v1,source_paper,7421876,3978bbae52cad22f8937a2e70fedc18f5cdef444f631fdcb801beb3de8d2a758,False
data/pdfs/source_xp_0002_2607.08725v1.pdf,source_xp_0002_2607.08725v1,source_paper,2352876,246e414cecebdfe84408581516e0d082b421654f9b45bbc9a293da30d0a158f8,False
data/pdfs/source_xp_0003_2607.08643v1.pdf,source_xp_0003_2607.08643v1,source_paper,645480,0a85c21dd293ad4a1f2a7281e25c1486cea143cdbf4e122312e4cf3c34381fd7,False
data/pdfs/source_xp_0004_2607.08605v1.pdf,source_xp_0004_2607.08605v1,source_paper,6916649,091d37daf815f2b4070284d108d2b4ae99f338d4e393b48d946ec71dfda95449,False
data/pdfs/source_xp_0005_2607.08533v1.pdf,source_xp_0005_2607.08533v1,source_paper,1468972,5a62639ae29b810937b989fee843468ca58b195271052189b6f5be582def7107,False
data/pdfs/source_xp_0006_2607.08511v1.pdf,source_xp_0006_2607.08511v1,source_paper,481397,e17e65ea7e141a01c1cb0737b43537a686adcb53aa11d59f07c0a9db462ce2a4,False
data/pdfs/source_xp_0007_2607.08406v1.pdf,source_xp_0007_2607.08406v1,source_paper,6172912,1445558eb36c88d2caf98a6b993af62d6e194daab51cdcc8935e4b2ec7315c29,False
data/pdfs/source_xp_0008_2607.08234v1.pdf,source_xp_0008_2607.08234v1,source_paper,2786999,e6f3e2d7b78648d14957d1e9a5b7e2674c55df2a9146f78823b7e8ae6cd0baad,False
data/pdfs/source_xp_0009_2607.08202v1.pdf,source_xp_0009_2607.08202v1,source_paper,1634384,503497cc3300151e958288a5f275301616d0dd7db596a6c15ea68b0d350abfe2,False
data/pdfs/source_xp_0010_2607.08091v1.pdf,source_xp_0010_2607.08091v1,source_paper,1046086,49dcfc5131f77396a313e8301aadcbb6c4f7276e0c5180d269b6fdf7e507ddfb,False
data/pdfs/source_xp_0011_2607.08071v1.pdf,source_xp_0011_2607.08071v1,source_paper,3950585,41fab0913fbcd5623468b41b357272bfe6bcc05287dd07465d7262fc59af2580,False
data/pdfs/source_xp_0012_2607.08045v1.pdf,source_xp_0012_2607.08045v1,source_paper,1037574,061fc1c7be37894ffecaa4770422cf9271a7b77a0b02457cad50c12e453d31dc,False
data/pdfs/source_xp_0013_2607.07996v1.pdf,source_xp_0013_2607.07996v1,source_paper,1007757,ddd1310ff45430c17bb7033b506052067ffdc77552cdae45f1d825fc7d40c178,False
data/pdfs/source_xp_0014_2607.07951v1.pdf,source_xp_0014_2607.07951v1,source_paper,2086936,40300bca0f7817f65bdd8ab3382f52e4dd99fc1059354ceb8a99bd2d43d9b3dd,False
data/pdfs/source_xp_0015_2607.07862v1.pdf,source_xp_0015_2607.07862v1,source_paper,1432442,3da720c886b5ae94d4cb3db77e4bcd41219f10cb05f7108550e7cff1ea369559,False
data/pdfs/source_xp_0016_2607.07844v1.pdf,source_xp_0016_2607.07844v1,source_paper,1322823,e4e45e77302e470acecad1dafe505f3fc6cec0383a884bfefc2e8e5c8b333df9,False
data/pdfs/source_xp_0017_2607.07840v1.pdf,source_xp_0017_2607.07840v1,source_paper,2485291,01e5f441bf1b366259f9a555fd72515d36e86427749f8ee83204a134334de4ed,False
data/pdfs/source_xp_0018_2607.07706v1.pdf,source_xp_0018_2607.07706v1,source_paper,711705,9de5ddbeb76772f07b5b6778c1254a5a6415c397268abf01ba3ac21d07ce0431,False
data/pdfs/source_xp_0019_2607.07680v1.pdf,source_xp_0019_2607.07680v1,source_paper,818445,580082aa7aa199a9c064a778c6c301a81869e521275644d7573c57600cc66e0f,False
data/pdfs/source_xp_0020_2607.07678v1.pdf,source_xp_0020_2607.07678v1,source_paper,2005747,1757378003f19cf0b1b7743d9c6fd724f3f616555c0c86e0f7537186ca5efe39,False
data/pdfs/source_xp_0021_2607.07673v1.pdf,source_xp_0021_2607.07673v1,source_paper,2249746,b546c5f77fe56a005abda0a398895f113b7b55d28c05cdd3679d573f725514a3,False
data/pdfs/source_xp_0022_2607.07773v1.pdf,source_xp_0022_2607.07773v1,source_paper,2178752,c4da76cd57da963862f7068c6a6f7183b58fc8e1469174ec8cd795da36e2e719,False
data/pdfs/source_xp_0023_2607.07573v1.pdf,source_xp_0023_2607.07573v1,source_paper,250384,64a94216627b378b9b69dc104eb1de4257036c49bcc07dabff3a3489376f113c,False
data/pdfs/source_xp_0024_2607.07557v1.pdf,source_xp_0024_2607.07557v1,source_paper,312493,35091880e9e18b00d14d8923e63f72c09b25c607cfa6e2a819dd9155f08362e7,False
data/pdfs/source_xp_0025_2607.07494v1.pdf,source_xp_0025_2607.07494v1,source_paper,1321277,ffc1dfda3780fb593dd69d46dac3291aacc7675505c270cb2e9c4aca44e4b266,False
data/pdfs/source_xp_0026_2607.07478v1.pdf,source_xp_0026_2607.07478v1,source_paper,506906,c5f24d2ba51f0a88b8b81eb68228b7671fa4efc14c36117f0ca8b3267d96911c,False
data/pdfs/source_xp_0027_2607.07468v1.pdf,source_xp_0027_2607.07468v1,source_paper,722068,a7d288f485343a63809ab9abaa3abb69593779208bd9aa429fe42eb061a5d9ab,False
data/pdfs/source_xp_0028_2607.07758v1.pdf,source_xp_0028_2607.07758v1,source_paper,8040613,6744460865699cc629e6ea4a5e4a12803843ebafad45fd160f3592d06e1358d1,False
data/pdfs/source_xp_0029_2607.07388v1.pdf,source_xp_0029_2607.07388v1,source_paper,3477553,cf08fd1b25229da30d4330717d5be6d151b83de8f35fe5260f0aeb97566b311d,False
data/pdfs/source_xp_0030_2607.07386v1.pdf,source_xp_0030_2607.07386v1,source_paper,905063,e3fca2e9260999f596d09c0cdfa8fb2edc4baf6b8a12a79a9a26dc58698834d3,False
data/pdfs/source_xp_0031_2607.07375v1.pdf,source_xp_0031_2607.07375v1,source_paper,20815927,87226825c3087d7fff5f16538cf381717ce30dea5cafcfd026c184b30cdf9cbb,False
data/pdfs/source_xp_0032_2607.07316v1.pdf,source_xp_0032_2607.07316v1,source_paper,4520033,e9c9e630b7fd0037a8577a0db37c229cb4a34b33490437e94aa2c1e408618904,False
data/pdfs/source_xp_0033_2607.07289v1.pdf,source_xp_0033_2607.07289v1,source_paper,909616,73fe015b5a0bff9e051155196c00e0269ddaa4f0664ec1607b26b19e8427c1a8,False
data/pdfs/source_xp_0034_2607.07219v1.pdf,source_xp_0034_2607.07219v1,source_paper,1998218,75f19f777216d5c5beb62a213dc98ac8a41585ae4e8a5c12017ad614df079bcd,False
data/pdfs/source_xp_0035_2607.07743v1.pdf,source_xp_0035_2607.07743v1,source_paper,1276410,826d2754523ad95bcea9eb60be095c72b5e1610584e04d192905f71c5c7c1f94,False
data/pdfs/source_xp_0036_2607.07066v1.pdf,source_xp_0036_2607.07066v1,source_paper,10840401,f894ec709279e1f8f09db699cf3acd5ce9e1e00e5250d1c9f3fb55f62de75f18,False
data/pdfs/source_xp_0037_2607.07027v1.pdf,source_xp_0037_2607.07027v1,source_paper,3208989,87dba0f850c7bded6c4bd20685e0dfd6a5be38b27b5850536eae25b236ba0805,False
data/pdfs/source_xp_0038_2607.06999v1.pdf,source_xp_0038_2607.06999v1,source_paper,7131408,8b35d63f1e955cea76509fc18f58b6f97cf5faaca779a54ebdc9a4d21ffaac83,False
data/pdfs/source_xp_0039_2607.06924v1.pdf,source_xp_0039_2607.06924v1,source_paper,446865,a88982ab9a8265d4b155813a578cf9783fb73e0968842f18530dcb54abd2372f,False
data/pdfs/source_xp_0040_2607.06919v1.pdf,source_xp_0040_2607.06919v1,source_paper,10604192,9869bea4c3b8ce9a42531e0d2f26b0f36195cb18587506ef65cf9eba8a3dc7b8,False
data/pdfs/source_xp_0041_2607.06918v1.pdf,source_xp_0041_2607.06918v1,source_paper,10820065,b998415dd2a6c13500fabc5797741ec07bc972f779d771511e613590fd12e945,False
data/pdfs/source_xp_0042_2607.06875v1.pdf,source_xp_0042_2607.06875v1,source_paper,4385686,d8d42937c8759a157203f08931e44987609f4623bd70cd2a4448d74548bdc148,False
data/pdfs/source_xp_0043_2607.06824v1.pdf,source_xp_0043_2607.06824v1,source_paper,724666,7f056f98ec163d153bb68f2ba5a64cbdbe7f122d5e78642162d49679250c80f2,False
data/pdfs/source_xp_0044_2607.06818v1.pdf,source_xp_0044_2607.06818v1,source_paper,1440665,7b500d2f164ad15b047ce74908b2777754b3e2ed508c98debff40651d081e097,False
data/pdfs/source_xp_0045_2607.06796v1.pdf,source_xp_0045_2607.06796v1,source_paper,1143154,7386099953188124bad9b010dcf99e77c6aaaf133047fb3de8cd799636eb93dd,False
data/pdfs/source_xp_0046_2607.06546v1.pdf,source_xp_0046_2607.06546v1,source_paper,5637086,b458c214e7dd12730894cff323f9a0c623b7045da13dc62c7fd1a94e83e1ca32,False
data/pdfs/source_xp_0047_2607.06653v1.pdf,source_xp_0047_2607.06653v1,source_paper,711656,48c2c7cb6dc49d7c11e2260f63c7c6a27b5215696be0063d9a3d7f774090b750,False
data/pdfs/source_xp_0048_2607.06639v1.pdf,source_xp_0048_2607.06639v1,source_paper,577731,1af84a99f4f2e271fd26ce20455ace420739862505341f1086d9f390736b5f0c,False
data/pdfs/source_xp_0049_2607.06290v1.pdf,source_xp_0049_2607.06290v1,source_paper,682104,f6c52d5420441da07916f3e2cf559c1cbc340068a7fdd5f5f7a4a5c6d4609aa9,False
data/pdfs/source_xp_0050_2607.06631v1.pdf,source_xp_0050_2607.06631v1,source_paper,6216299,768836b9c8c38af5e864bb8048b9a6fad22346de7f2a71ee60846efd9443ee38,False
data/pdfs/source_xp_0051_2607.06224v1.pdf,source_xp_0051_2607.06224v1,source_paper,430011,1fcd7e3ae34173769196addb0e2c5c35d64e758c74b56cbf23c8ed6efff7581a,False
data/pdfs/source_xp_0052_2607.06629v2.pdf,source_xp_0052_2607.06629v2,source_paper,1055169,11bfa8b651dcd81470587c0ce280aaa2d7efacbc8dd48106a81f4afb9859f633,False
data/pdfs/source_xp_0053_2607.06163v1.pdf,source_xp_0053_2607.06163v1,source_paper,367855,6f44b2c0ada607eab840a1f42d1b4ddff162d19f4a5bea0589398e80c8107627,False
data/pdfs/source_xp_0054_2607.06037v1.pdf,source_xp_0054_2607.06037v1,source_paper,773158,782b0e6a7960b57c6bc05810acb0d39faa2267e2af3472367417e3f34ec034e9,False
data/pdfs/source_xp_0055_2607.06009v1.pdf,source_xp_0055_2607.06009v1,source_paper,729180,dcecb006c4b1ad1b3d00501daedb7291ca339ee0384923fbdad99ee6d41123d9,False
data/pdfs/source_xp_0056_2607.06614v1.pdf,source_xp_0056_2607.06614v1,source_paper,6268133,5f270f2465da76ce09b3b3a63a04fe8c4bb0ed429cd71602a851a5f2dfed4cdd,False
data/pdfs/source_xp_0057_2607.05908v1.pdf,source_xp_0057_2607.05908v1,source_paper,6135270,95ba837149149b690688b82dab6681e8d7f7cc02cce1c9d496777e13e53ab33c,False
data/pdfs/source_xp_0058_2607.06611v1.pdf,source_xp_0058_2607.06611v1,source_paper,375342,264209046d4df56d1af87418b88e00f85185f86171cfe64c71b2f9142bcb6090,False
data/pdfs/source_xp_0059_2607.05891v1.pdf,source_xp_0059_2607.05891v1,source_paper,308625,6e7a077e22ef22675b4cdfd5e4e34599c2f670232bfe1cc747b8024e70986966,False
data/pdfs/source_xp_0060_2607.05872v1.pdf,source_xp_0060_2607.05872v1,source_paper,528880,12b58ab2f761467e9def5ee0bef1b58f984460c65470c3859fcce50c7fa819d4,False
data/pdfs/source_xp_0061_2607.06609v1.pdf,source_xp_0061_2607.06609v1,source_paper,13599301,d2c7472131fae8a2c2867746be8f85b48a262db78d421a2c0185c40b157e3e9a,False
data/pdfs/source_xp_0062_2607.06601v1.pdf,source_xp_0062_2607.06601v1,source_paper,636855,60d733a3f24dac1fd6e6c09f769d5d3c48b5f67fb2432a83ad8cd84aa5b3aec3,False
data/pdfs/source_xp_0063_2607.05694v1.pdf,source_xp_0063_2607.05694v1,source_paper,822023,66556ee8811fe688d73c1649ee47cd0e1854c5b4257fb4285e60d80ecc926dba,False
data/pdfs/source_xp_0064_2607.05669v1.pdf,source_xp_0064_2607.05669v1,source_paper,2221567,3e0bf0f05b13031bb35d1e124543482986edb0851922cff67180861da0f9ee2e,False
data/pdfs/source_xp_0065_2607.05541v1.pdf,source_xp_0065_2607.05541v1,source_paper,4614189,38ac32735ab2a54587df7cd43bb1b2cdf3f1c3272e98cc4896bf61710a02c486,False
data/pdfs/source_xp_0066_2607.05396v1.pdf,source_xp_0066_2607.05396v1,source_paper,18211212,6cf3111c2d1518b8f84dbebbddf3e197e0083759366537fff8a54a21361965a9,False
data/pdfs/source_xp_0067_2607.05317v2.pdf,source_xp_0067_2607.05317v2,source_paper,5057815,21b005b78fdb07f9a74b7ba29097787888286ddde12802431ebe1c026d62c641,False
data/pdfs/source_xp_0068_2607.05316v1.pdf,source_xp_0068_2607.05316v1,source_paper,2217992,db682dbe9dec19d8ced6e608cfb4163e890d10420f896061d05bc6513ce0a561,False
data/pdfs/source_xp_0069_2607.05292v1.pdf,source_xp_0069_2607.05292v1,source_paper,14802372,6212e30228d3bb46ec68df73dacac70555fede44733e716ed4f5746f17372120,False
data/pdfs/source_xp_0070_2607.05282v1.pdf,source_xp_0070_2607.05282v1,source_paper,3660023,e58101df9d7163618da0931d8a51cfd4ecebe8124117944115affc63b22d0554,False
data/pdfs/source_xp_0071_2607.05196v2.pdf,source_xp_0071_2607.05196v2,source_paper,687869,e64df489f62fc07aaace2a4f7d941c75eaa6f598e0ff37dc995fd6fb8840dbe6,False
data/pdfs/source_xp_0072_2607.05114v1.pdf,source_xp_0072_2607.05114v1,source_paper,737591,3a8935b59e0521cfc19742df3d426475a71931bd990ba19682142a4462bc555b,False
data/pdfs/source_xp_0073_2607.05104v1.pdf,source_xp_0073_2607.05104v1,source_paper,514471,46f8b8cbc8a7c310674acc236567ec8037336dafc817425623140915cdba7a95,False
data/pdfs/source_xp_0074_2607.05009v1.pdf,source_xp_0074_2607.05009v1,source_paper,14812047,6b667585098489cad9b37cbe3f068d1db7e50a31f69ba592613df7579625c703,False
data/pdfs/source_xp_0075_2607.04926v1.pdf,source_xp_0075_2607.04926v1,source_paper,909623,c8cdf4fe9acb0dca105505b6de2a068aff7f34cf38a523eae73e8d9b8f240700,False
data/pdfs/source_xp_0076_2607.04906v1.pdf,source_xp_0076_2607.04906v1,source_paper,1587502,3eb78f6741a5eac2517b593035d93fbec662397e217334fdb70ca04a862dcfd6,False
data/pdfs/source_xp_0077_2607.04862v1.pdf,source_xp_0077_2607.04862v1,source_paper,1494327,357be8558973e120032f87ce0d9195d01596942240edac995f61814789f910c6,False
data/pdfs/source_xp_0078_2607.04846v1.pdf,source_xp_0078_2607.04846v1,source_paper,12760314,57d1dd9f211435279a5c0039999986958c507476b06aec88d015088440480988,False
data/pdfs/source_xp_0079_2607.04819v1.pdf,source_xp_0079_2607.04819v1,source_paper,250399,cdb95fc4d93d4d62c62e983dbc2f07ffe94024d849a32bc6201234d3f7680157,False
data/pdfs/source_xp_0080_2607.04751v1.pdf,source_xp_0080_2607.04751v1,source_paper,598143,99ace474d46d1d0a44486f65a4b9357aec89610845d45b7b417e3971b991802b,False
data/pdfs/source_xp_0081_2607.05467v1.pdf,source_xp_0081_2607.05467v1,source_paper,5320568,09a2b6dbb220e3e07c405c395782fa0fb9177f2fcc6116e5003b30ed4b05890a,False
data/pdfs/source_xp_0082_2607.04595v1.pdf,source_xp_0082_2607.04595v1,source_paper,1705041,3338f8a119527e6e48ae12897acb7f93f45db4b99a50f8fe3260dd116e9cf1f6,False
data/pdfs/source_xp_0083_2607.04531v1.pdf,source_xp_0083_2607.04531v1,source_paper,423559,6ae9ce1da215c76a281bab5f68e779ec3010cd94dd10e22f7904adc531afe8d7,False
data/pdfs/source_xp_0084_2607.04486v1.pdf,source_xp_0084_2607.04486v1,source_paper,905127,7b59caa21db7da7fb8e6f5bdf2b6d3550ef0a8fcf92853742672f5afbaceb18d,False
data/pdfs/source_xp_0085_2607.04443v3.pdf,source_xp_0085_2607.04443v3,source_paper,6499546,1d33c138d8a87c0f34d089dc7a9a1ba68e16a4db5f9f4958a5ff4dc3f2936134,False
data/pdfs/source_xp_0086_2607.04422v1.pdf,source_xp_0086_2607.04422v1,source_paper,1702357,0fb620629c58bbdefa05b681c89bb7e79aed23a2dee9033a0c56a3566aeead9a,False
data/pdfs/source_xp_0087_2607.04333v2.pdf,source_xp_0087_2607.04333v2,source_paper,602175,348b343eafdd287cb4f939f6c016e4a21d14d8af4328f63892e2eb22ab208f18,False
data/pdfs/source_xp_0088_2607.04319v1.pdf,source_xp_0088_2607.04319v1,source_paper,754065,113ad400fd700a008b22c752fb738c94003259a95af2a745ef37693c494cb659,False
data/pdfs/source_xp_0089_2607.04262v1.pdf,source_xp_0089_2607.04262v1,source_paper,722294,47d52946d78a038b702afd996afda74c01963a32c3053cb28616c161dcb80ffa,False
data/pdfs/source_xp_0090_2607.04241v1.pdf,source_xp_0090_2607.04241v1,source_paper,13002957,e0e9695162fd2a09487e711940d4134b4bdbe1fea6ba1cf44ded7a34982dc228,False
data/pdfs/source_xp_0091_2607.04167v1.pdf,source_xp_0091_2607.04167v1,source_paper,438517,16719537efc37170a6af0d62f40593f357d1693ba62bd2eb0955beec31983ed7,False
data/pdfs/source_xp_0092_2607.04153v1.pdf,source_xp_0092_2607.04153v1,source_paper,1579110,33b08cdcdefb509e62d77b61984261ffab43419b30be4fbb69728128ebf84073,False
data/pdfs/source_xp_0093_2607.04081v1.pdf,source_xp_0093_2607.04081v1,source_paper,3010190,06bdf102b837547bbe7d297427e87c98464843c5b06060950ea490f78424af29,False
data/pdfs/source_xp_0094_2607.04033v1.pdf,source_xp_0094_2607.04033v1,source_paper,5010419,62afd6af2d5463057172ec575d129d257447803b16b0a7d39bbe872351318a00,False
data/pdfs/source_xp_0095_2607.07725v1.pdf,source_xp_0095_2607.07725v1,source_paper,2507979,0a7a3e47ec5bc5015c46cbaf56de7e79c161373ce9d17959800b5b910e052e77,False
data/pdfs/source_xp_0096_2607.03904v1.pdf,source_xp_0096_2607.03904v1,source_paper,3399483,02a925777dce1f660a137f5c5649b29f6cfcfb7d8fd5dea48f4510c8efb545b7,False
data/pdfs/source_xp_0097_2607.03903v1.pdf,source_xp_0097_2607.03903v1,source_paper,1589373,cf5a31f827a7f0ba24eff468cc6ca9ea51b4304c576b4b21bc16b27da58d0314,False
data/pdfs/source_xp_0098_2607.03847v1.pdf,source_xp_0098_2607.03847v1,source_paper,1685943,2c8c25207de5ba3eefa78c21c9c830d59693258b18cadf6dea2fc3452c3a0ce7,False
data/pdfs/source_xp_0099_2607.07718v1.pdf,source_xp_0099_2607.07718v1,source_paper,10937213,4de9bb698123c86b527c7d9b328606c48e661524c306a83a884336b919210016,False
data/pdfs/source_xp_0100_2607.03791v1.pdf,source_xp_0100_2607.03791v1,source_paper,1357584,f9dcdd5416fa4b5bb768d999bf8d473a797837cadac6485dd22e5dba20c69e57,False
data/pdfs/source_xp_0101_2607.03763v1.pdf,source_xp_0101_2607.03763v1,source_paper,1004579,ca57a3e716172a54dfe4fb109a9ade5d29aa9ba079a2e9e94873d687ade3f38a,False
data/pdfs/source_xp_0102_2607.03692v2.pdf,source_xp_0102_2607.03692v2,source_paper,2031657,8487cfbc8f32324800fc4d31287204dd6637e5c1a4b0cc9fb94701d89a75e01a,False
data/pdfs/source_xp_0103_2607.03663v3.pdf,source_xp_0103_2607.03663v3,source_paper,9153122,e66943a48c8e9f2081f96f057bf26fc7207488399b8617bc92fa50f8e62da37a,False
data/pdfs/source_xp_0104_2607.03660v1.pdf,source_xp_0104_2607.03660v1,source_paper,732952,4278c191052cce11934787190c6cce9987a2f40643508ed79ebb72ef8db5b5af,False
data/pdfs/source_xp_0105_2607.03653v1.pdf,source_xp_0105_2607.03653v1,source_paper,784749,fa3e06ff3621e0155b760c285a22f1f283535b1389224df04c2a96b71bcd7172,False
data/pdfs/source_xp_0106_2607.03612v1.pdf,source_xp_0106_2607.03612v1,source_paper,17567956,2eaabbade88e869de3181cf43246329bdea5159ce841db8c2a62190dbb6f9850,False
data/pdfs/source_xp_0107_2607.03585v1.pdf,source_xp_0107_2607.03585v1,source_paper,5418566,719127ce581b4ae1faf29efd6d2a1caa6e18474008a62c45be7189778cd4a1a6,False
data/pdfs/source_xp_0108_2607.03580v1.pdf,source_xp_0108_2607.03580v1,source_paper,21052799,9b627584885809eb431aa3a597ffde7e9a0f78ed5eeec4ba9cfb3f330b757beb,False
data/pdfs/source_xp_0109_2607.03487v1.pdf,source_xp_0109_2607.03487v1,source_paper,991998,d5fbbb68909a25433e651f754cfe25e312f41a5f734b972efd76d55e0836d1c8,False
data/pdfs/source_xp_0110_2607.03453v1.pdf,source_xp_0110_2607.03453v1,source_paper,1404071,b0a551ca332cf8755f28dd14b85dc5ffd2a64c0d3f35354041700336251333f8,False
data/pdfs/source_xp_0111_2607.03329v1.pdf,source_xp_0111_2607.03329v1,source_paper,756971,e37c217821dc766f32914c0f7bdc9bb9f4c364682cff005a3b19b499d7ca1d91,False
data/pdfs/source_xp_0112_2607.05436v1.pdf,source_xp_0112_2607.05436v1,source_paper,474779,f4e4dfddd72e917568343fbe06d5c82acfc1835d83be041a192c103c654f225d,False
data/pdfs/source_xp_0113_2607.03148v1.pdf,source_xp_0113_2607.03148v1,source_paper,364125,e0bc22b0f11cde70ae30ea8443bf384e3f2f43b87908c3cd21ced5c39c476512,False
data/pdfs/source_xp_0114_2607.03109v1.pdf,source_xp_0114_2607.03109v1,source_paper,292528,7a29285f9effffe001e76b62dbffc60a01e864f746158021c6f73fea7f5b4972,False
data/pdfs/source_xp_0115_2607.03108v1.pdf,source_xp_0115_2607.03108v1,source_paper,1445063,c9c8952fcd067c919297df23feb67c43cdc7930a66299c1cd0ba36ed9ab7b116,False
data/pdfs/source_xp_0116_2607.03039v1.pdf,source_xp_0116_2607.03039v1,source_paper,3359616,ef68baee630d95841fff26360fd058530179a8ae66420b921059f764f6b8538e,False
data/pdfs/source_xp_0117_2607.03012v1.pdf,source_xp_0117_2607.03012v1,source_paper,4853521,47847c11688a9946295dcad5c64a97db73f787be74319f0023127d8c0d1c66bf,False
data/pdfs/source_xp_0118_2607.02998v2.pdf,source_xp_0118_2607.02998v2,source_paper,41992803,10b0907c73a7c47817a3bfdb0956256bb46df474684a48b35a53ed258b55f3f0,False
data/pdfs/source_xp_0119_2607.02964v1.pdf,source_xp_0119_2607.02964v1,source_paper,4948403,34dcd6fd061331eb3d7ff957aa456dbc7aeae09d8f8c45e642843b73cdad188c,False
data/pdfs/source_xp_0120_2607.02959v1.pdf,source_xp_0120_2607.02959v1,source_paper,32925910,8a5ff66365e824d249eaa41f1b8290664cb3adc2a959529ceb9abe05aa9529ff,False
data/pdfs/source_xp_0121_2607.08757v1.pdf,source_xp_0121_2607.08757v1,source_paper,506835,96fcc2f9e2f0c4ce1072b8f480477ddcd8ebb18a171e70128c3bc8a22b769234,False
data/pdfs/source_xp_0122_2607.08756v1.pdf,source_xp_0122_2607.08756v1,source_paper,899466,1bdb23933e30cbcd98894461d42e5d15406ea45ff3f5252c54f8500c916cf1a1,False
data/pdfs/source_xp_0123_2607.08754v1.pdf,source_xp_0123_2607.08754v1,source_paper,1261783,3896f3f9f8d1648d6187cc6595f642866b44a6c03324ea8babc7b9c2aee79836,False
data/pdfs/source_xp_0124_2607.08733v1.pdf,source_xp_0124_2607.08733v1,source_paper,434205,80f464bc99170c5597e3b75bbbedbc523f0013d2a88379cf537a480f19b7e840,False
data/pdfs/source_xp_0125_2607.08724v1.pdf,source_xp_0125_2607.08724v1,source_paper,13416112,0e618ede28c928da76ff6a782d3c9bdb0c739977526ad749c8284a2be7ec895d,False
data/pdfs/source_xp_0126_2607.08711v1.pdf,source_xp_0126_2607.08711v1,source_paper,3679948,4346467abd087453d9f8d3b0f83a3c43c1d4877405388528d501939b2fd3c015,False
data/pdfs/source_xp_0127_2607.08690v1.pdf,source_xp_0127_2607.08690v1,source_paper,1386673,9634e681a8844ae34f8506214eb9d1fef7f930f753414b9e8dc6c177c52a9b79,False
data/pdfs/source_xp_0128_2607.08665v1.pdf,source_xp_0128_2607.08665v1,source_paper,362380,3d027d9eb293a72791744950ae0947cc9a6b587c915915d4b1065220d18db180,False
data/pdfs/source_xp_0129_2607.08651v1.pdf,source_xp_0129_2607.08651v1,source_paper,620842,6aa0484a885392d4157cf1761a0af1433f3fa3219c368924e42591bb1807fc29,False
data/pdfs/source_xp_0130_2607.08641v1.pdf,source_xp_0130_2607.08641v1,source_paper,2176930,5850aca65bf464247ca567a5e9c7e9e9234084d21952f3a82afe77b48de4005c,False
data/pdfs/source_xp_0131_2607.08595v1.pdf,source_xp_0131_2607.08595v1,source_paper,423595,77bb13c3239229de29ef518bb52e03e99ba67b16a1bb620112019f9351d38d0f,False
data/pdfs/source_xp_0132_2607.08590v1.pdf,source_xp_0132_2607.08590v1,source_paper,9060047,dd188e6e5bac91176bbd631d7041aec74d36a190ab4f348125bb1a549b937415,False
data/pdfs/source_xp_0133_2607.08579v1.pdf,source_xp_0133_2607.08579v1,source_paper,6614555,e011e1f3051ae53d2c0db2c1ac6c03509e3c153c53408b848287f509eb23441b,False
data/pdfs/source_xp_0134_2607.08561v1.pdf,source_xp_0134_2607.08561v1,source_paper,2752311,406f1acf438b9659751fc507a92c99c996b021d980dd71c1adaf9ca56f6b8d74,False
data/pdfs/source_xp_0135_2607.08555v1.pdf,source_xp_0135_2607.08555v1,source_paper,1517820,8c0d28d37e77c5ba35ca0fa033fbf03756552c2173e282380cfc86f9775fde45,False
data/pdfs/source_xp_0136_2607.08545v1.pdf,source_xp_0136_2607.08545v1,source_paper,505389,514e47bd1796731cb9599cab3948211cb7a09b0326e0f90167cd60b7dab1f486,False
data/pdfs/source_xp_0137_2607.08522v1.pdf,source_xp_0137_2607.08522v1,source_paper,363037,cd7ff5e55067466f2238c9b9e28a4631cdf692cf55de1428d315cc422c009e73,False
data/pdfs/source_xp_0138_2607.08497v1.pdf,source_xp_0138_2607.08497v1,source_paper,6762600,9b835f0b25a967e6d352181eed65aad682641f6e853c2271f88b89467d2b05cc,False
data/pdfs/source_xp_0139_2607.08493v1.pdf,source_xp_0139_2607.08493v1,source_paper,578987,2116da9090be5be58314d0349fb89f83dfbf25f3b335ab1e92772bde9d23a221,False
data/pdfs/source_xp_0140_2607.08475v1.pdf,source_xp_0140_2607.08475v1,source_paper,1392946,7b4847a0a1064695e29b8e67cce5166ffa3261cede436a37bb213b677c9f68ed,False
data/pdfs/source_xp_0141_2607.08449v1.pdf,source_xp_0141_2607.08449v1,source_paper,712149,91181ba157689a75fd8c721cbccbb757bb5f96ed40201fee63aced2da573c240,False
data/pdfs/source_xp_0142_2607.08444v1.pdf,source_xp_0142_2607.08444v1,source_paper,880804,e48bf51a8b96dcd6617b2776241bf75a1392165dfd605a81e4bec2107c7bd10e,False
data/pdfs/source_xp_0143_2607.08429v1.pdf,source_xp_0143_2607.08429v1,source_paper,1672850,1fadd9008ddd2d138cece303694a14893f1383a45ffdb7a36da2939fb739a342,False
data/pdfs/source_xp_0144_2607.08427v1.pdf,source_xp_0144_2607.08427v1,source_paper,4466939,61180352776814fef96fd1a92766120e9287dda7374c4fd09aac15de31a8af9a,False
data/pdfs/source_xp_0145_2607.08404v1.pdf,source_xp_0145_2607.08404v1,source_paper,9502093,a528885f05c88e1e89942ae085ab709de6aba9a77aaad8c752dbea71825306bd,False
data/pdfs/source_xp_0146_2607.08400v1.pdf,source_xp_0146_2607.08400v1,source_paper,3994795,138473cad0bdad319e69c1675447d5b73068f38b0d7553701cdd66ed9b34ca08,False
data/pdfs/source_xp_0147_2607.08399v1.pdf,source_xp_0147_2607.08399v1,source_paper,605742,4907f78e21fcd2627e00da5bf4f816b2a65c663ec7012ffa8f523ce1c9eda0e1,False
data/pdfs/source_xp_0148_2607.08392v1.pdf,source_xp_0148_2607.08392v1,source_paper,7037793,28bea45e9af88dcf221e22bf8ac647609c7048381a2831717586b3c2590b5aa0,False
data/pdfs/source_xp_0149_2607.08391v1.pdf,source_xp_0149_2607.08391v1,source_paper,2346427,e6dd9051f6bd16f3123913764dd4ee66fed599c6464bb7b66ddb124c6f681a29,False
data/pdfs/source_xp_0150_2607.08377v1.pdf,source_xp_0150_2607.08377v1,source_paper,2534419,5751a7032149ac7a401403969f432f5e5c3dcc7ef09b8a7415fbf834c653f7b0,False
data/pdfs/source_xp_0151_2607.08373v1.pdf,source_xp_0151_2607.08373v1,source_paper,590842,ae0b7532d662ee89e12db6e64d777e7058a5738d2555a3ea39ab7025c1a62649,False
data/pdfs/source_xp_0152_2607.08349v1.pdf,source_xp_0152_2607.08349v1,source_paper,453414,e73c5a05021b75fd0944e65a7cc6a11d33c9bcb994eea00c9e7568069ccb6f4a,False
data/pdfs/source_xp_0153_2607.08347v1.pdf,source_xp_0153_2607.08347v1,source_paper,2264362,ef22274c78e81247cbb3a147255e2f7edf8d57bc3ddf50a4bb8103fa73ab8f12,False
data/pdfs/source_xp_0154_2607.08337v1.pdf,source_xp_0154_2607.08337v1,source_paper,9602164,f521a3b134465542bec0efc922ca6049bf4e3f690c4b377c5546905e5e7d4da3,False
data/pdfs/source_xp_0155_2607.08331v1.pdf,source_xp_0155_2607.08331v1,source_paper,19397912,94544be6236301268a52df88b0a8569f93fe3e6355a301ab39fc32155e55daa5,False
data/pdfs/source_xp_0156_2607.08316v1.pdf,source_xp_0156_2607.08316v1,source_paper,1716571,fd5e122be891ab9f17400dfc7ed9658131f0b25f135853d09fb65835325a7383,False
data/pdfs/source_xp_0157_2607.08312v1.pdf,source_xp_0157_2607.08312v1,source_paper,394494,3f3442a801ed171c9d393fd7e37f9919bb076dc77dee8ce677f919f61e558f8e,False
data/pdfs/source_xp_0158_2607.08303v1.pdf,source_xp_0158_2607.08303v1,source_paper,665262,979b45b75fcbb39a1f7d8bf3bb8acbb5a1da80ae910cdafdf355e0b362c7e7ad,False
data/pdfs/source_xp_0159_2607.08299v1.pdf,source_xp_0159_2607.08299v1,source_paper,387441,12f8471b0dc7a9b3ef4d8df9cd048439430322c07e539cb4aa5b673ef82aae85,False
data/pdfs/source_xp_0160_2607.08254v1.pdf,source_xp_0160_2607.08254v1,source_paper,981941,15d719cb1025fa5f25fcc98205dc1972e52066de9ad1576e229c6c8aaef11b51,False
data/pdfs/source_xp_0161_2607.08241v1.pdf,source_xp_0161_2607.08241v1,source_paper,373833,a1f62e3b7a9b24d2ea5bb4cf06cb3e9f61c363d50f44a7c2f2933e660043d964,False
data/pdfs/source_xp_0162_2607.08238v1.pdf,source_xp_0162_2607.08238v1,source_paper,951617,23df43f4d05ed7da443bb06f6c70682d958c29530326fcb7e6eef125999ba13b,False
data/pdfs/source_xp_0163_2607.08219v1.pdf,source_xp_0163_2607.08219v1,source_paper,5801095,e86de1b2e5e950f0603046cb444e9321a5cd7fb1148faaa62068aa8ecc623943,False
data/pdfs/source_xp_0164_2607.08197v1.pdf,source_xp_0164_2607.08197v1,source_paper,2314653,cfcb39936d4070bd56db1eeb0497d23797af01430b482d9ab22dd45d00a72a44,False
data/pdfs/source_xp_0165_2607.08196v1.pdf,source_xp_0165_2607.08196v1,source_paper,8290342,f9b4d55e5f37fb6ddd65366ddd769b2105202e76e69285891c955bb9e5acf1fa,False
data/pdfs/source_xp_0166_2607.08193v1.pdf,source_xp_0166_2607.08193v1,source_paper,3552434,584b02c6ccd558adbb0fabf2f07b8ffdde4d453eff62fea2c80aaa14e98360c5,False
data/pdfs/source_xp_0167_2607.08170v1.pdf,source_xp_0167_2607.08170v1,source_paper,1732965,32c9845a3052d6f30a0c828b52e222b9ba4400eea7bcbdba9a684a244645105d,False
data/pdfs/source_xp_0168_2607.08168v1.pdf,source_xp_0168_2607.08168v1,source_paper,410469,7aad797f796198389154bed49372510ddb49e9486bae9f2d81042edc8b6d8424,False
data/pdfs/source_xp_0169_2607.08162v1.pdf,source_xp_0169_2607.08162v1,source_paper,1024024,6279970e0daa7b0ac153b3259ec00effca7a738c84b94bbde2f5484c88e548b6,False
data/pdfs/source_xp_0170_2607.08152v1.pdf,source_xp_0170_2607.08152v1,source_paper,539669,da3be81094acc0aa05a28f87e091a089783062a8423c04649e3d0ad763e3f674,False
data/pdfs/source_xp_0171_2607.08150v1.pdf,source_xp_0171_2607.08150v1,source_paper,1543667,51566899865a1e878851e18d8d7bb4bfa6f3b12f03b961d1b2e36c2960ef4742,False
data/pdfs/source_xp_0172_2607.08144v1.pdf,source_xp_0172_2607.08144v1,source_paper,29990590,4e2f64b2fbff35ca384a65f095cddd4dc6882fc7cd01ae811db2cb8e3d8a8645,False
data/pdfs/source_xp_0173_2607.08137v1.pdf,source_xp_0173_2607.08137v1,source_paper,2887516,1b9d9e2d10c848d23a7526f5b7207911571a427ef6387c51b9fc7e390fc8a1af,False
data/pdfs/source_xp_0174_2607.08124v1.pdf,source_xp_0174_2607.08124v1,source_paper,455013,88fe9b4897555a233a052d6bd2b63952fc1d60be349a2cc60e616077e3e9f48b,False
data/pdfs/source_xp_0175_2607.08109v1.pdf,source_xp_0175_2607.08109v1,source_paper,8083476,9a7b7b3029252e7b04ac747db7eee2a4627c3c73e7891bbe36805d26ebc6a4ed,False
data/pdfs/source_xp_0176_2607.08107v1.pdf,source_xp_0176_2607.08107v1,source_paper,493645,91f2c688d688e5b2acebfc9e00a72a30f73d56168b33ca8d3313452c8a4e344a,False
data/pdfs/source_xp_0177_2607.08093v1.pdf,source_xp_0177_2607.08093v1,source_paper,846054,ebc0de955b8cfc68da2fa878e64b0c0b262d9ade075ef6ad92adf8b645515ec6,False
data/pdfs/source_xp_0178_2607.08084v1.pdf,source_xp_0178_2607.08084v1,source_paper,691970,826628115eb9ab4177c50b3effdce766edde739ab743793681f10bcbc8202caf,False
data/pdfs/source_xp_0179_2607.08077v1.pdf,source_xp_0179_2607.08077v1,source_paper,1095168,959ac837af0b066871c6576e4b31f388a68a51995cebebcc47ec8d69e2ba381b,False
data/pdfs/source_xp_0180_2607.08073v1.pdf,source_xp_0180_2607.08073v1,source_paper,2335495,0e8815d525298985447cb011683ff3c55367269e17bfb1031f3bdedc83beed05,False
data/pdfs/source_xp_0181_2607.08066v1.pdf,source_xp_0181_2607.08066v1,source_paper,1159907,f22075f04c845a5062e51bfe8ee56150a3cad92eaef0bc2ed2c0e42ada2269a9,False
data/pdfs/source_xp_0182_2607.08063v1.pdf,source_xp_0182_2607.08063v1,source_paper,1367849,19156967d6d1e7a3a57c002837d009d8bc4f82960a8f4794eda6b396b36b1352,False
data/pdfs/source_xp_0183_2607.08059v1.pdf,source_xp_0183_2607.08059v1,source_paper,267406,ea00b1fffe0214f3f083083d2f169b23b5efd0c8112cdf9ad71d4e1a0d071d7f,False
data/pdfs/source_xp_0184_2607.08057v1.pdf,source_xp_0184_2607.08057v1,source_paper,984540,6ea48ff822d2245376c79a69c688e17f70851abf90bb25dd7b7943c8ff481a4f,False
data/pdfs/source_xp_0185_2607.08056v1.pdf,source_xp_0185_2607.08056v1,source_paper,2651171,18877232dec64da367e9a4b0b0975a4ce806811a45b5cba142f556115b9b8a37,False
data/pdfs/source_xp_0186_2607.08054v1.pdf,source_xp_0186_2607.08054v1,source_paper,481867,a91239665b97bd2c7eb2b131f0b032daae3ad39ffcd3e88b6b0228ea109842a4,False
data/pdfs/source_xp_0187_2607.08041v1.pdf,source_xp_0187_2607.08041v1,source_paper,9131180,5c526b184e6851894ccaee94eaf58ee57c5bd0d334cb5d4e9645ba7392abd034,False
data/pdfs/source_xp_0188_2607.08032v1.pdf,source_xp_0188_2607.08032v1,source_paper,743672,6c19532535fbc3c748faa1a67b0e047581a6fc56b99b54d43e47097be8107ebd,False
data/pdfs/source_xp_0189_2607.08029v1.pdf,source_xp_0189_2607.08029v1,source_paper,285068,bd6f699083b1149578c4a1a85f6d38158437e6e8cde47773cbc80172d7fce3b8,False
data/pdfs/source_xp_0190_2607.08025v1.pdf,source_xp_0190_2607.08025v1,source_paper,14493947,7760aa06aab96e15c4c16fcbab55b2e806c897b108c8d27d3159ba1ac142bcf5,False
data/pdfs/source_xp_0191_2607.08014v1.pdf,source_xp_0191_2607.08014v1,source_paper,931221,a63d01d5a45aa40664203c870c54dcca6c77c4e0d875bee4c3584113435597d6,False
data/pdfs/source_xp_0192_2607.08013v1.pdf,source_xp_0192_2607.08013v1,source_paper,1947509,75d398110599632a5a099ec7658b429b5359fc79a45b3744da8abba82f9c3b86,False
data/pdfs/source_xp_0193_2607.08011v1.pdf,source_xp_0193_2607.08011v1,source_paper,728840,cd6410fe4b0ab17c791c807fcafc9c7a7dd7d8163f7aabe0ca750a14f2c8685f,False
data/pdfs/source_xp_0194_2607.07993v1.pdf,source_xp_0194_2607.07993v1,source_paper,325081,bc16ac02c53994c4a702548616f18b4346affc0322b93062d49a411989f425aa,False
data/pdfs/source_xp_0195_2607.07989v1.pdf,source_xp_0195_2607.07989v1,source_paper,483608,e84fb7b3c233b364c672bb88a0854da50cfb8291a87f0d2dd391fc5d00b4fdcc,False
data/pdfs/source_xp_0196_2607.07978v1.pdf,source_xp_0196_2607.07978v1,source_paper,652718,d37d26def9447aa5dd805bcd62327cea35512cbaf46dc6f71dc623bfce59a4fa,False
data/pdfs/source_xp_0197_2607.07976v1.pdf,source_xp_0197_2607.07976v1,source_paper,2273737,198cfd14af12c73c38571b3618dbf4299d55bde5cfa63ac2c1396d9f2c348580,False
data/pdfs/source_xp_0198_2607.07967v1.pdf,source_xp_0198_2607.07967v1,source_paper,1521535,81cf9f78f4458ff921dcb51415b64fa5e24682d9843a9c4be432d037fb427ff7,False
data/pdfs/source_xp_0199_2607.07964v1.pdf,source_xp_0199_2607.07964v1,source_paper,6429627,1f64f45a7a7981c89379aca3f7919d780b8924148d29d84cfa70b4320f0fd0cf,False
data/pdfs/source_xp_0200_2607.07957v1.pdf,source_xp_0200_2607.07957v1,source_paper,341856,2b96afcb26677b28b9b8b7024086f5098bad6d14084ed208990c1bc628a35733,False
data/pdfs/source_xp_0201_2607.07953v1.pdf,source_xp_0201_2607.07953v1,source_paper,1710204,4bfe7114408c9de3ea1f1e510fba2d1f3434c97a98568522d135f249243490ba,False
data/pdfs/source_xp_0202_2607.07946v1.pdf,source_xp_0202_2607.07946v1,source_paper,713926,1d988c90737299c6d844694ba967ff63f4e2aa13c66be20b97b8fa4bd89754ce,False
data/pdfs/source_xp_0203_2607.07935v1.pdf,source_xp_0203_2607.07935v1,source_paper,551884,a176f5f39ae716454249b75a356a0d1b19fb77df81931023d45be7bb6d652cb7,False
data/pdfs/source_xp_0204_2607.07918v1.pdf,source_xp_0204_2607.07918v1,source_paper,369893,bd7a93b151d5a1d8c5d2104ae4346a5c18f45774eb03d077194dd12f716e3a3a,False
data/pdfs/source_xp_0205_2607.07916v1.pdf,source_xp_0205_2607.07916v1,source_paper,4924191,b24b1c8b54b9d8b0f47288cb1e3577c79b5b5c5c7b65267dbbc60def7f17295f,False
data/pdfs/source_xp_0206_2607.07907v1.pdf,source_xp_0206_2607.07907v1,source_paper,2768855,6025e8a6f98008dcdf5110fa860a38405fbd0a2087c6025958fdfeb65088e146,False
data/pdfs/source_xp_0207_2607.07884v1.pdf,source_xp_0207_2607.07884v1,source_paper,759596,432d74e4b18b394b523aaaa41979d12f1c574c941deb48ece537c1740fc5420b,False
data/pdfs/source_xp_0208_2607.07881v1.pdf,source_xp_0208_2607.07881v1,source_paper,2060493,016d0754abe7faece658f6cde6f63e30711aa05fd7ddfb39ea154799ffda7363,False
data/pdfs/source_xp_0209_2607.07863v1.pdf,source_xp_0209_2607.07863v1,source_paper,279438,22fe38df92ef5351b0009c1e9c57c23a7482820a64d10cdf952c6d2d21ca12a4,False
data/pdfs/source_xp_0210_2607.07858v1.pdf,source_xp_0210_2607.07858v1,source_paper,3516317,63c5e6e1bf7fd8f4b60f03b160989e0ca9090414374b9e1dcbd0a727a7496b3b,False
data/pdfs/source_xp_0211_2607.07852v1.pdf,source_xp_0211_2607.07852v1,source_paper,485156,e3037a0d684b8b79a325961e1dde2796e9e31837ca55de4ce22f89cf421803e4,False
data/pdfs/source_xp_0212_2607.07847v1.pdf,source_xp_0212_2607.07847v1,source_paper,6267754,fb9bd01092fe8782afa8c11022792a3b63fe53142b518256c2e610b8440ea4ae,False
data/pdfs/source_xp_0213_2607.07845v1.pdf,source_xp_0213_2607.07845v1,source_paper,1557530,21d7c90b9653aeebbeceb65eb632cc88662267bd3aed328b0dfa5e3af3738a93,False
data/pdfs/source_xp_0214_2607.07834v1.pdf,source_xp_0214_2607.07834v1,source_paper,11509196,a4672f2f6ac3abf87b1982ef803713b1b11e176bec1d079caab5e02712777028,False
data/pdfs/source_xp_0215_2607.07708v1.pdf,source_xp_0215_2607.07708v1,source_paper,11540845,5cd59a873c0357d63a4cf6dc9b4056b1172b5a01b84f4f97761508a163cf4a96,False
data/pdfs/source_xp_0216_2607.07707v1.pdf,source_xp_0216_2607.07707v1,source_paper,2017387,bd23316676d3d3de8380a14909e9504f2276bd500cc2a3d6ad3784b59c1dca0b,False
data/pdfs/source_xp_0217_2607.07693v1.pdf,source_xp_0217_2607.07693v1,source_paper,27358478,02f8bb83c4fde2d12ca1f4b70ba15791608dab90a5ca3f4484d923d65687aab7,False
data/pdfs/source_xp_0218_2607.07690v1.pdf,source_xp_0218_2607.07690v1,source_paper,688865,48253d85603ffd19cf792cf98e3ae49858208ba42eccbd5415c9260d563d05c2,False
data/pdfs/source_xp_0219_2607.07683v1.pdf,source_xp_0219_2607.07683v1,source_paper,34178806,1748531ad6365be812e13f64c0e3d29ec4b545802df054ef01a1617a62d25863,False
data/pdfs/source_xp_0220_2607.07682v1.pdf,source_xp_0220_2607.07682v1,source_paper,2850497,9dcce19e5a6f805e37449e45a191e1fe959b4853c2081b3dcdb6477119746593,False
data/pdfs/source_xp_0221_2607.07674v1.pdf,source_xp_0221_2607.07674v1,source_paper,586158,078867c20e596c13a338b92fc480ecf556937b2ef4a33a2a0cd741a64eb4ff21,False
data/pdfs/source_xp_0222_2607.07671v1.pdf,source_xp_0222_2607.07671v1,source_paper,263996,2ededaeaabe0c9b53bd67fdacf5e2a2c73f9b60ad7ba715c928622b6f5039b5a,False
data/pdfs/source_xp_0223_2607.07670v1.pdf,source_xp_0223_2607.07670v1,source_paper,843058,6781fd7bf378b124c7c6f8c7b3f67a539d2daaf412bd7f1ef239d9c420543214,False
data/pdfs/source_xp_0224_2607.07665v1.pdf,source_xp_0224_2607.07665v1,source_paper,389937,25b166633cfd97d5f1a791acd94b33986b455101f85cc442caab674ebbf19d81,False
data/pdfs/source_xp_0225_2607.08716v1.pdf,source_xp_0225_2607.08716v1,source_paper,6882106,c1863f4062cb9f21f1ee9e23195340494ed934959a20f18e5b94f0448cdc9f83,False
data/pdfs/source_xp_0226_2607.08662v1.pdf,source_xp_0226_2607.08662v1,source_paper,1096779,5b04fd226ec26f5892d9f398ba8a76b35f7b4fc88e70f68ee883074f6eacc7d9,False
data/pdfs/source_xp_0227_2607.08646v1.pdf,source_xp_0227_2607.08646v1,source_paper,922422,82787753fa3b6ae4769bac23604737c6bfeba83c1a27cada9d09040efbdb6c25,False
data/pdfs/source_xp_0228_2607.08601v1.pdf,source_xp_0228_2607.08601v1,source_paper,783109,0e129dd7d418a5bbe9fa4b8ec90271db9c2a3afa78376bdb0a662ebc7d769087,False
data/pdfs/source_xp_0229_2607.08540v1.pdf,source_xp_0229_2607.08540v1,source_paper,992452,e9054a896b67e781ec7479d3ef5c50799e37df6915f01e66d2cc5315ca61e8f1,False
data/pdfs/source_xp_0230_2607.08395v1.pdf,source_xp_0230_2607.08395v1,source_paper,970397,5864a295e5ffa0f6547af40341f8451b6c2d6de3d6b19d90bf0c0985d69703a4,False
data/pdfs/source_xp_0231_2607.08393v1.pdf,source_xp_0231_2607.08393v1,source_paper,9421375,939e08055e27ba6cf0673dc6634efbb6b858fdea52fc338d84f620682444d4f8,False
data/pdfs/source_xp_0232_2607.08374v1.pdf,source_xp_0232_2607.08374v1,source_paper,6169587,c28b734f0492935ad3c22ee61fdb8c9f9c2bb6e5cc699ff5016a9bdcb4dfb2ce,False
data/pdfs/source_xp_0233_2607.08362v1.pdf,source_xp_0233_2607.08362v1,source_paper,3904851,4b4aa729365867c6cf837633aac2256e949cd31d1208f67fab2daca5cfcc30d3,False
data/pdfs/source_xp_0234_2607.08332v1.pdf,source_xp_0234_2607.08332v1,source_paper,2146986,13d2c392cd22ca452d9071e2c032132eaf965f87fd5a5fd5e7d4f7cd07caaa02,False
data/pdfs/source_xp_0235_2607.08252v1.pdf,source_xp_0235_2607.08252v1,source_paper,3150785,dd1280a300c7a5349852796c48015d9d82784591e3c3d14aebc50980925f78d1,False
data/pdfs/source_xp_0236_2607.08208v1.pdf,source_xp_0236_2607.08208v1,source_paper,154638,4297791ca4f477c7721eb4a6e2c66f3dd7455ae08e043b3ff6d3edb3284adb2a,False
data/pdfs/source_xp_0237_2607.08161v1.pdf,source_xp_0237_2607.08161v1,source_paper,847838,fd0c1974817967ddd012d7880a4f6dcacda84d06598c62c145cbe9d6fd3c42e4,False
data/pdfs/source_xp_0238_2607.08143v1.pdf,source_xp_0238_2607.08143v1,source_paper,468747,fb32a3c76705f03229566b89fe774c18423bd2d542a7d682dbe0f0806f14bf11,False
data/pdfs/source_xp_0239_2607.08117v1.pdf,source_xp_0239_2607.08117v1,source_paper,1596651,192d375ebd5836ec35306da715362100ceac40c00d8292a3b0260e901ce87f71,False
data/pdfs/source_xp_0240_2607.08080v1.pdf,source_xp_0240_2607.08080v1,source_paper,378364,a532e167411611e3ec447a2a8189a60ac5a81b470c5632c1a0f6a44abdb39ba5,False
data/pdfs/source_xp_0241_2607.08046v1.pdf,source_xp_0241_2607.08046v1,source_paper,1470828,cf9c5babe0569f1be963cc21f410c0f158edd4e4994199874e33f1c023ca9ccc,False
data/pdfs/source_xp_0242_2607.08034v1.pdf,source_xp_0242_2607.08034v1,source_paper,2574453,90a989550af5b28d39fa08923a9826b27419e71335eb9df1a7a96a9c0bda1222,False
data/pdfs/source_xp_0243_2607.08028v1.pdf,source_xp_0243_2607.08028v1,source_paper,1686826,d90ad4ee4e445512e930a291fee7d10ec43c662e7a920eccafd6740cd6f8eb64,False
data/pdfs/source_xp_0244_2607.08010v1.pdf,source_xp_0244_2607.08010v1,source_paper,353326,37dd899cd8e26a8e97d1697e96cc269bd9339a9295d746debbac74bfbb596d8b,False
data/pdfs/source_xp_0245_2607.08009v1.pdf,source_xp_0245_2607.08009v1,source_paper,3544985,acf10959381d0c5f513e08542e33ec6c3be0107b13af0e2898a6551c5180b254,False
data/pdfs/source_xp_0246_2607.07974v1.pdf,source_xp_0246_2607.07974v1,source_paper,2612671,46c78b1ca6580d20a7005f7a777a74e57e1069fff4872125ccc2fa43256c6333,False
data/pdfs/source_xp_0247_2607.07952v1.pdf,source_xp_0247_2607.07952v1,source_paper,1506127,2d80f729e8e39f70f1c68c134db87f06999276c41b7d8a3d9fa7c53fe0f2bcc8,False
data/pdfs/source_xp_0248_2607.07915v1.pdf,source_xp_0248_2607.07915v1,source_paper,681651,c992dd9c2a74bc13be2c897b00277fc8915064e27fdcc8335cafa88083518668,False
data/pdfs/source_xp_0249_2607.07895v1.pdf,source_xp_0249_2607.07895v1,source_paper,8174344,a183c00b87155fbc291e656fb4812819397accd6cb79dfeb7190b197cb25eade,False
data/pdfs/source_xp_0250_2607.07820v1.pdf,source_xp_0250_2607.07820v1,source_paper,2821289,8a160004267c01fea290a0642d092e378e978139b277928489dc7a5176ee184a,False
data/pdfs/source_xp_0251_2607.07779v1.pdf,source_xp_0251_2607.07779v1,source_paper,1865666,dc23102ea1ec4dd6e98df46373b7a27574362d77c3acd266b9f7c23f16f9610f,False
data/pdfs/source_xp_0252_2607.07669v1.pdf,source_xp_0252_2607.07669v1,source_paper,401670,aaf0bab01aa9b7d37f2e8a53f3c793e7b2a9f732a26e9e0bae0ea80db47b19e7,False
data/pdfs/source_xp_0253_2607.07646v1.pdf,source_xp_0253_2607.07646v1,source_paper,1530814,12d04a770ce9efd385fe8e203fa2a7511c646087d64a22638becfc182952b06e,False
data/pdfs/source_xp_0254_2607.07626v1.pdf,source_xp_0254_2607.07626v1,source_paper,8798550,5e237de5f99c0e67f01dd01b9724ef5436849fd4dd6102c0fea4c2084f29cb7e,False
data/pdfs/source_xp_0255_2607.07772v1.pdf,source_xp_0255_2607.07772v1,source_paper,447569,caa30919fa6acfea4f794d06a2507741311e8d5812c80be9e4aa0685b64f1d36,False
data/pdfs/source_xp_0256_2607.07548v1.pdf,source_xp_0256_2607.07548v1,source_paper,3378972,ce0bb9eb038f62f8b2bb2e28a275065bef07862c846783b6eb53e69b9dd3d152,False
data/pdfs/source_xp_0257_2607.07469v1.pdf,source_xp_0257_2607.07469v1,source_paper,6233294,32373110015386dfbef7b755c50be728d7bea7fb22b7f0f98f4a56ba0691e589,False
data/pdfs/source_xp_0258_2607.07436v1.pdf,source_xp_0258_2607.07436v1,source_paper,484175,4c4d5077c156ed27fe1cda87cd162f1055b3b5199e67da8676864a0a8a05ab73,False
data/pdfs/source_xp_0259_2607.07302v1.pdf,source_xp_0259_2607.07302v1,source_paper,247947,e984f158f1f1c46e879b63329d9ed29575107367280d16d5bbf0d2cc26746d11,False
data/pdfs/source_xp_0260_2607.07282v1.pdf,source_xp_0260_2607.07282v1,source_paper,130189,915607f1d9a688f7e445a19e9ec1ad548d738d945732218c672e3a2f57cc59ee,False
data/pdfs/source_xp_0261_2607.07050v1.pdf,source_xp_0261_2607.07050v1,source_paper,344933,f61348e95584bbe5684da598bb27e958829ec5d824a3bf7ce74d20c97b5a0cf0,False
data/pdfs/source_xp_0262_2607.06974v1.pdf,source_xp_0262_2607.06974v1,source_paper,1989963,f3336844a4edf572cfe8196fcf0b5d535d54f7dc0a9db9df13eb18cdfae118c6,False
data/pdfs/source_xp_0263_2607.06963v1.pdf,source_xp_0263_2607.06963v1,source_paper,1844475,919fcad93a4f36ebd98113c7ec4960bded28eb8e9f4210d177930f0eefcf4fca,False
data/pdfs/source_xp_0264_2607.06855v1.pdf,source_xp_0264_2607.06855v1,source_paper,949638,54b5ee745c381e54ba11d328f42676b5320cbc1113d9fc917f325ab81071b591,False
data/pdfs/source_xp_0265_2607.06831v1.pdf,source_xp_0265_2607.06831v1,source_paper,399436,74c06b52b4d0fd90143a9718715d19d3a656d485fae6702169ca4e4626f81976,False
data/pdfs/source_xp_0266_2607.06763v1.pdf,source_xp_0266_2607.06763v1,source_paper,978620,406edeb8deb521310ebeb9b92ca6eb7d672083c4e86fed467c9d0cdfaa926fec,False
data/pdfs/source_xp_0267_2607.06720v1.pdf,source_xp_0267_2607.06720v1,source_paper,1125556,a3297436785bbb589bfe631454fc6a9b19af3e9d72bb98d0083e6b99c11ba3a1,False
data/pdfs/source_xp_0268_2607.06542v2.pdf,source_xp_0268_2607.06542v2,source_paper,593274,2ec8ff0f0cd85fb71ad1c65ab90ab463588204404e94ac5d838d71a79d0f2fa8,False
data/pdfs/source_xp_0269_2607.06527v1.pdf,source_xp_0269_2607.06527v1,source_paper,892358,069f0b24efb6a152f85aa5b416b94b07a2d64e0eda59e87f1d17ba739315c236,False
data/pdfs/source_xp_0270_2607.06507v1.pdf,source_xp_0270_2607.06507v1,source_paper,1128829,7e36ffe239f1066d90285441c843291ae5d75d381d960de5d9d8128b574ca90b,False
data/pdfs/source_xp_0271_2607.06495v1.pdf,source_xp_0271_2607.06495v1,source_paper,408956,d1565f0b3e0474d46e55f8d023e21dfc3cee83978c802e9e0fab455f10ef28b0,False
data/pdfs/source_xp_0272_2607.06482v1.pdf,source_xp_0272_2607.06482v1,source_paper,1321145,0978e2b61b1c7528d9845f4a3bbb5dc8c603f6b707ccf00f621571d669a0dd3f,False
data/pdfs/source_xp_0273_2607.06461v1.pdf,source_xp_0273_2607.06461v1,source_paper,1756217,4df8eb8370fd75291d8e8bbec4f65c96759c5fc3b08bba063ba60d5f1c67e575,False
data/pdfs/source_xp_0274_2607.06452v1.pdf,source_xp_0274_2607.06452v1,source_paper,1159489,02d3aab789a3971aaf2419662c1300bfc10d8784ce01c6ef5000c3dce11a2370,False
data/pdfs/source_xp_0275_2607.06641v1.pdf,source_xp_0275_2607.06641v1,source_paper,938420,81c02c82b45adb1784d4bec7cb6bcee67ca6c21420967e120fe9b6a8483566d3,False
data/pdfs/source_xp_0276_2607.06327v1.pdf,source_xp_0276_2607.06327v1,source_paper,3148779,be3afd3e8f168abd56e034d08ea7b0b25e4963ce77f09deea7ee9d4acc308a00,False
data/pdfs/source_xp_0277_2607.06229v1.pdf,source_xp_0277_2607.06229v1,source_paper,1105810,ee9ae30c181819f4de6282804aab8f17d05f234af44449f6b4fdbced837f1ad5,False
data/pdfs/source_xp_0278_2607.06175v1.pdf,source_xp_0278_2607.06175v1,source_paper,683629,2d7b8fbb30f2eab279f40217a4b801414a58b979637d518bc17f435154473dff,False
data/pdfs/source_xp_0279_2607.06160v1.pdf,source_xp_0279_2607.06160v1,source_paper,2388135,3b0160f491412ea7d170c0e435b14c619e3554623339ce39b113fc5e39c26782,False
data/pdfs/source_xp_0280_2607.06155v1.pdf,source_xp_0280_2607.06155v1,source_paper,364496,822321efeed6f18616a7fd3c05a5cde9cc6e3f3e6679b3774257757e76bf791b,False
data/pdfs/source_xp_0281_2607.06145v1.pdf,source_xp_0281_2607.06145v1,source_paper,638906,e06ac1614a8a59d999931d620e9299009c13dab3b5b79037664cb687b4ce998c,False
data/pdfs/source_xp_0282_2607.06140v1.pdf,source_xp_0282_2607.06140v1,source_paper,739631,7f5aaffc6f55918c03c48d6aae0326792da81546eb4871ad64a68a3b6fc39d50,False
data/pdfs/source_xp_0283_2607.06127v2.pdf,source_xp_0283_2607.06127v2,source_paper,395586,95f06b5907a21499636a2fd2d34106b442f7974b4d0b7fb68c6a19f4bd16fe99,False
data/pdfs/source_xp_0284_2607.06008v2.pdf,source_xp_0284_2607.06008v2,source_paper,2592035,9147ee039e4efb1152144a59f46e56e42c230256ec4c51fea945773e406f950f,False
data/pdfs/source_xp_0285_2607.05969v1.pdf,source_xp_0285_2607.05969v1,source_paper,1291089,acc3151be59889da31280f3d92aec48260ddbd3ed42bac60157d7a86ff395d22,False
data/pdfs/source_xp_0286_2607.05968v1.pdf,source_xp_0286_2607.05968v1,source_paper,757979,45747cf21d827c2061972341491a4a05c0bc99e6060324c46e38ed15515198cf,False
data/pdfs/source_xp_0287_2607.05956v1.pdf,source_xp_0287_2607.05956v1,source_paper,77879,05704ef047c398f89d95e2204a7886da65afeee05a3ababf31f3a5dfe740fbe9,False
data/pdfs/source_xp_0288_2607.05937v1.pdf,source_xp_0288_2607.05937v1,source_paper,565531,a04feffe160f10909f03de043bb28dea9846a9a20712aa36d4f723cb2b43a750,False
data/pdfs/source_xp_0289_2607.05927v1.pdf,source_xp_0289_2607.05927v1,source_paper,9385493,60585b6a25bdf563fdeaec34e0b71674c313c799fbf74de49120c58cdcb29c3c,False
data/pdfs/source_xp_0290_2607.05910v1.pdf,source_xp_0290_2607.05910v1,source_paper,2565323,e549f6e8a03c8643e2ff8085cd872606360473371f54bb2e8439bdd38d5a4065,False
data/pdfs/source_xp_0291_2607.05861v1.pdf,source_xp_0291_2607.05861v1,source_paper,1450087,c6f5bcd0128063387f3f468744ff9a68fba51c53b5442c61f7599b79fdfbe6d1,False
data/pdfs/source_xp_0292_2607.05764v1.pdf,source_xp_0292_2607.05764v1,source_paper,649076,6b9da2662b78ce38f72874876cd2e7e9559c084b2b8a741d906f2c76f3a3d8e8,False
data/pdfs/source_xp_0293_2607.05752v1.pdf,source_xp_0293_2607.05752v1,source_paper,2977439,6afe809172e253efa69c6ac36d0141f9b5dc17ded442d0938b3c136717c749c9,False
data/pdfs/source_xp_0294_2607.05721v1.pdf,source_xp_0294_2607.05721v1,source_paper,483379,4c21dc56138b0c3f66af55c9900bdd4e500a1394dd13d707a1ee6c28aaeb88a5,False
data/pdfs/source_xp_0295_2607.05690v1.pdf,source_xp_0295_2607.05690v1,source_paper,762410,7ee2a47745d1d8d57f7e713b94da6afc0d332cd7b7a01ef9e23f7aa1f4ad1172,False
data/pdfs/source_xp_0296_2607.05679v1.pdf,source_xp_0296_2607.05679v1,source_paper,1695539,051d7b3b9e84f41dffa6fa07340700208dd573d3d679192c0ea17df970e3db05,False
data/pdfs/source_xp_0297_2607.07729v1.pdf,source_xp_0297_2607.07729v1,source_paper,1193887,306c820d9a3bbb9a300692ba09a9b6318480697149b324c5687551bf63bb62dd,False
data/pdfs/source_xp_0298_2607.05577v1.pdf,source_xp_0298_2607.05577v1,source_paper,261228,0f83e1100407e9d5a2ac64bf0e9bb2193bfdb0db29f4caabae0a0035e5d3fcdf,False
data/pdfs/source_xp_0299_2607.05554v1.pdf,source_xp_0299_2607.05554v1,source_paper,329647,0a6a851f07e30c20224df5a8823fc73fd77904bcdedae30f661f71b4b94f2bcd,False
data/pdfs/source_xp_0300_2607.05394v2.pdf,source_xp_0300_2607.05394v2,source_paper,1318820,8952ce6b3c7569c02119da40d2ccf46f834df2e26e1c70772affc67676260385,False
data/pdfs/z_cross_hvp_0001.pdf,z_cross_hvp_0001,cross_pdf,2175386,40f568fee0e7d2ebb78b431933a1ac94b655c6a96021da89c4d92807169b81db,True
data/pdfs/z_cross_hvp_0002.pdf,z_cross_hvp_0002,cross_pdf,2567272,e9d280c191061dc5dca191461ce2e632f952c70ee596b3f8ffab9bf79fe8a5a4,True
data/pdfs/z_cross_hvp_0004.pdf,z_cross_hvp_0004,cross_pdf,5828510,7014e2b3ee4e8e9b4fb2ce1e30b78d3b890d3175ada3cd346c2412576a3cf686,True
data/pdfs/z_cross_hvp_0008.pdf,z_cross_hvp_0008,cross_pdf,874192,05f4006f5b00682028ffbd4243de447797a9be442e5516d31d2095f5a1ec63ba,True
data/pdfs/z_cross_hvp_0009.pdf,z_cross_hvp_0009,cross_pdf,4466376,4c923ea633529a566abdc94e50757f6580557c338bd33bfa89087361bdad7482,True
data/pdfs/z_cross_hvp_0010.pdf,z_cross_hvp_0010,cross_pdf,2842506,93b2e69a743a20d3a72aeaafecde3c9e22a5065a6100475678d6369842968c18,True
data/pdfs/z_cross_hvp_0012.pdf,z_cross_hvp_0012,cross_pdf,11719154,00c48da4164c474f8b48124a612e9621045cb81c61837889857f8358831c95f6,True
data/pdfs/z_cross_hvp_0013.pdf,z_cross_hvp_0013,cross_pdf,4083751,7b52177a060512d8964e9b1f5c1cb90cec5d51b6fe6ad062564894aaef401a0b,True
data/pdfs/z_cross_hvp_0019.pdf,z_cross_hvp_0019,cross_pdf,2441123,e6eab402647449b2517375df30c9ab126f39ba79728c9e62fbc592cfbabf6b60,True
data/pdfs/z_cross_hvp_0020.pdf,z_cross_hvp_0020,cross_pdf,698894,0095a9eb0751b725494fdb760db400e9fcc940bb86ef283641c5fed9ad29dcaa,True
data/pdfs/z_cross_hvp_0021.pdf,z_cross_hvp_0021,cross_pdf,1409536,0cccaea942a3bdd95f753c2aa31ddbee42be6fb0cfba295385ee0825ea2d5041,True
data/pdfs/z_cross_hvp_0024.pdf,z_cross_hvp_0024,cross_pdf,16485688,754a040d3a2890c9cc6c7b708db00b95dfbaf6854955ddfa9eb2cb1520d8459e,True
data/pdfs/z_cross_hvp_0028.pdf,z_cross_hvp_0028,cross_pdf,2621396,9f84c281f87cf2703d8f82224ad1dd2b7ec6323b0d15d5299501a652b41af0bc,True
data/pdfs/z_cross_hvp_0029.pdf,z_cross_hvp_0029,cross_pdf,2588717,7d8da5adecb3571409d223cb472fccb80313d951cc9ef9378740329b6fd4cf6a,True
data/pdfs/z_cross_hvp_0032.pdf,z_cross_hvp_0032,cross_pdf,3367256,4d34d5ff873ea08b08d68ca64e5902f9f9c4c20dbcb025c3ecd3c54e80aa614f,True
data/pdfs/z_cross_hvp_0033.pdf,z_cross_hvp_0033,cross_pdf,12731313,4b14376fe14815cd5c8e3d58aca721abfedb3335655bb8a1eda558f282fb0297,True
data/pdfs/z_cross_hvp_0036.pdf,z_cross_hvp_0036,cross_pdf,1089079,7f9174b516450b2a78f1d542734728204de95dde769925f639170fe38ad038e6,True
data/pdfs/z_cross_hvp_0037.pdf,z_cross_hvp_0037,cross_pdf,920738,eff40a078de1fe1059f3553bf9cb7e7e80dc43623d24f21b3b03a53c18782184,True
data/pdfs/z_cross_hvp_0038.pdf,z_cross_hvp_0038,cross_pdf,2241141,17ee31cb10edc8e9c3eb8eaa32e4bd9fcd3b4465bd31b77bae00ffde2ab3d283,True
data/pdfs/z_cross_hvp_0039.pdf,z_cross_hvp_0039,cross_pdf,1357278,d8fdf711344cf2ee089778027f0b62a9f8b537621621ab73292ce996c31a32d2,True
data/pdfs/z_cross_hvp_0041.pdf,z_cross_hvp_0041,cross_pdf,2605787,445cdaee191aa388dd0e2c6e2e3d95668f0db194306160666a436514c1b660eb,True
data/pdfs/z_cross_hvp_0042.pdf,z_cross_hvp_0042,cross_pdf,4573895,f81c9dd96ece7168efcf51dedadff01165f312577ae61da955e595f3d9a6a230,True
data/pdfs/z_cross_hvp_0047.pdf,z_cross_hvp_0047,cross_pdf,1614242,84a565bf378685240bcdb2a55494ec87e4456e60291a6a45967891cbe2b07e42,True
data/pdfs/z_cross_hvp_0048.pdf,z_cross_hvp_0048,cross_pdf,1663580,91e8dc99ea6a510a1cfa459464106e08cbf83e4162c31617de2171130b18aa8f,True
data/pdfs/z_cross_hvp_0049.pdf,z_cross_hvp_0049,cross_pdf,5168130,d24934b14c7f387b9a8a32c446659e6f32f24304a853cdf144faac795e1678ae,True
data/pdfs/z_cross_hvp_0051.pdf,z_cross_hvp_0051,cross_pdf,9244747,557b19e1bc7a9ce8a91a6b46afaec66efd2e2acf1c04a600e99d50cd12f22926,True
data/pdfs/z_cross_hvp_0053.pdf,z_cross_hvp_0053,cross_pdf,1715495,8226eed3a96433a057134e25fed142c18aedfc99cbc38e5e090ddbb86b031cc4,True
data/pdfs/z_cross_hvp_0056.pdf,z_cross_hvp_0056,cross_pdf,4634356,f9f6304889a27260bf83f437e95ee7e58c6cc0787728a8cf5383fb4c96abfad6,True
data/pdfs/z_cross_hvp_0058.pdf,z_cross_hvp_0058,cross_pdf,14847572,505541e8b7b4eaf8d36933025e628ccbb971caabaed2a9aa89b19fe86348c1a3,True
data/pdfs/z_cross_hvp_0059.pdf,z_cross_hvp_0059,cross_pdf,934823,d078bc039571d5c14edbde171555a26b6b933bace2ba0ced3cf1312c7e975c0d,True
data/pdfs/z_cross_hxb_0001.pdf,z_cross_hxb_0001,cross_pdf,2694479,8e48627671099af00260206931c71cbad6c0777d68702b48bf8660fcdd3ddff4,False
data/pdfs/z_cross_hxb_0002.pdf,z_cross_hxb_0002,cross_pdf,1670419,d738a1bcd2a8b133d5fa953ece04a041fb538dd0116fdb84533c8d8aada52e29,False
data/pdfs/z_cross_hxb_0003.pdf,z_cross_hxb_0003,cross_pdf,6834108,b0c30e39bc37a64f7fb7d643372fda1fcc3eaa83f297ad44ef3299ea66de9714,False
data/pdfs/z_cross_hxb_0004.pdf,z_cross_hxb_0004,cross_pdf,8274475,b03202fff3a68f6064be7660cfa3e4e6d6ea66276dd85951e2104806aadb1410,False
data/pdfs/z_cross_hxb_0005.pdf,z_cross_hxb_0005,cross_pdf,1279741,cd33f938372fb6e6fe848fa84e768057edcb0df08d843a2a86ab31b7351f60f9,False
data/pdfs/z_cross_hxb_0006.pdf,z_cross_hxb_0006,cross_pdf,11855499,024044e25040b87d9fd1fed23792953dac20ff6846c6ef41cf18d9a48190b6a5,False
data/pdfs/z_cross_hxb_0007.pdf,z_cross_hxb_0007,cross_pdf,6755688,937f28541c50dfdb18e698a4429aae469854f56d0b55ddbe25ad581d0781667e,False
data/pdfs/z_cross_hxb_0008.pdf,z_cross_hxb_0008,cross_pdf,3726196,54c1ba505bcf38f1cf88ae93fb8678cf2f129945da8b74fe0ccc1dc83a5a4f6b,False
data/pdfs/z_cross_hxb_0009.pdf,z_cross_hxb_0009,cross_pdf,3450430,d13e0332c14b2b99e8d1df39daaeafd495ba9c75db3c088b2d405461caa50fe4,False
data/pdfs/z_cross_hxb_0010.pdf,z_cross_hxb_0010,cross_pdf,2275220,ccb3761fb285c31e1f7cc6478fb48a3e4e52de47fa22d782bf56b3e3078bdbf4,False
data/pdfs/z_cross_hxb_0011.pdf,z_cross_hxb_0011,cross_pdf,1223981,49ef9588c5af8775d4ca05178198faecc619db7afce2ca8ba09637ceb4534e9d,False
data/pdfs/z_cross_hxb_0012.pdf,z_cross_hxb_0012,cross_pdf,1764574,3dc03749b236fa9ea7e360b8f2236fedc6d5878d1470d5ae22a086633a76d558,False
data/pdfs/z_cross_hxf_0001.pdf,z_cross_hxf_0001,cross_pdf,3910559,9925b3ceb82ce424cd3d61c26dd25fb9bbfa99b06d398b908125bb46cb28abb7,True
data/pdfs/z_cross_hxf_0003.pdf,z_cross_hxf_0003,cross_pdf,3699882,c7507f49d9858f8ebc2acc7fad2d2b2af14cc1964ce86edc852d5795e5ac01cc,True
data/pdfs/z_cross_hxf_0004.pdf,z_cross_hxf_0004,cross_pdf,1936300,f4694de5666886b8c8dbe5ffd37b8ea7209ff87d4136e9931faf4ac5ed0423ed,True
data/pdfs/z_cross_hxf_0005.pdf,z_cross_hxf_0005,cross_pdf,3168908,f72817a21ebf8caf7d3312cbc5d59d09f2c3b03dcd0696973a4e2b8ce7a8af96,True
data/pdfs/z_cross_hxf_0006.pdf,z_cross_hxf_0006,cross_pdf,16948988,e53054b9781283b77bec4e72c1465d40f680447719dacea18889b3570ec1b9da,True
data/pdfs/z_cross_hxf_0007.pdf,z_cross_hxf_0007,cross_pdf,5347817,91a77afd65eee3715cd28c4252861951d9688ea37ebd51b714a94edfdcc81fd3,True
data/pdfs/z_cross_hxf_0009.pdf,z_cross_hxf_0009,cross_pdf,7053539,2aceb93b6bd8612fdc03ee54b233d6ddc94d59518a532752c49d8787e2933ee0,True
data/pdfs/z_cross_hxf_0010.pdf,z_cross_hxf_0010,cross_pdf,1767510,4689e95560be2da696b76297f182e2a7b73a21199737c001901ed812e58d7f62,True
data/pdfs/z_cross_hxf_0011.pdf,z_cross_hxf_0011,cross_pdf,4605382,e9c38b39b673a45a90fca6d0f1dbe58824dd6f412454ab9a9170d179088d59db,True
data/pdfs/z_cross_hxf_0012.pdf,z_cross_hxf_0012,cross_pdf,5350119,aaeba209c010662c10079e631bf370caae7a9d5f19e226f3d23fbf8d5d6a451b,True
data/pdfs/z_cross_hxf_0013.pdf,z_cross_hxf_0013,cross_pdf,5037324,ec2682d9be9439c2bd3d926a7ab30b6ab0cd5cdc4da05165a28f3954ddcc0105,True
data/pdfs/z_cross_hxf_0014.pdf,z_cross_hxf_0014,cross_pdf,11414923,bc480ab26c40d0003ce5bb266298e4d24e3787402e486c3a1cb26180cd8f270e,True
data/pdfs/z_cross_hxf_0015.pdf,z_cross_hxf_0015,cross_pdf,17097617,4924b0b0d4f08fff8b39eef1b27911e4e83795200bc579a1ddf383410c97b9f3,True
data/pdfs/z_cross_hxf_0016.pdf,z_cross_hxf_0016,cross_pdf,7055152,4850a253b18828d6a4cabaf659dfbf4e6efe1eba153f7f99670b6d52a02d8a8e,True
data/pdfs/z_cross_hxf_0017.pdf,z_cross_hxf_0017,cross_pdf,2084686,1a75003c08dc6dc461df6d6102f05a87663f23e68b768d5c9e0ade21776f15c0,True
data/pdfs/z_cross_hxf_0018.pdf,z_cross_hxf_0018,cross_pdf,6631053,85499433963dc6604eaf44f1e24ba34ac30b884ad0424fe07143f63f8b63a7c2,True
data/pdfs/z_cross_hxf_0019.pdf,z_cross_hxf_0019,cross_pdf,17637697,2f0d21db1102b39364550cdb7c6b8ab9217ee9f47f66f0c4991dc910c7c271f5,True
data/pdfs/z_cross_hxf_0021.pdf,z_cross_hxf_0021,cross_pdf,6392139,364b11bd04f82e5d786aa6201f1a409a089aa28be2aa107934f6da2b3c099eeb,True
data/pdfs/z_cross_hxf_0022.pdf,z_cross_hxf_0022,cross_pdf,14970489,4c15a61b1e0cf22efd00ef280c4f7a261be1106bb74ba33c6f99105f18c72fd5,True
data/pdfs/z_cross_hxf_0024.pdf,z_cross_hxf_0024,cross_pdf,11625679,51d9e1b26b440970fda0f1bc0e69c2dc8763117b56387cf9833f90a11f3fe8b9,True
data/pdfs/z_cross_hxf_0026.pdf,z_cross_hxf_0026,cross_pdf,7034814,d18e080d0dc9542c23b4d09c5e6c2a93a9389f0fae07fb4ba755e545818c6163,True
data/pdfs/z_cross_hxf_0027.pdf,z_cross_hxf_0027,cross_pdf,4342912,460e486cef8bb2a579a1204b3af14b547dcc936c9dfc57c0b47befa107131c64,True
data/pdfs/z_cross_hxf_0028.pdf,z_cross_hxf_0028,cross_pdf,2270248,e300b7dc5b4f989ede319c11bb56c70d0ef627195b80ea747374481a2f5cbd1e,True
data/pdfs/z_cross_hxf_0029.pdf,z_cross_hxf_0029,cross_pdf,1941048,a43198ae7ffcd771ca2482fc15f2df89c25cf682875787c7835ea659e3de7495,True
data/pdfs/z_cross_hxf_0031.pdf,z_cross_hxf_0031,cross_pdf,13063273,3e83a87e298de4dc97ee8a35a68255c1fcb5ef12a692900da932e034d4be2259,True
data/pdfs/z_cross_hxf_0033.pdf,z_cross_hxf_0033,cross_pdf,1623909,f178a7dd980140970671ba984562bf0ff0960a707e038e9c6d57c77236c48392,True
data/pdfs/z_cross_hxf_0034.pdf,z_cross_hxf_0034,cross_pdf,14768525,6a45d6a6fa0f5027d07aab436a29c95448501a02451917971f037b1662465f9c,True
data/pdfs/z_cross_hxf_0035.pdf,z_cross_hxf_0035,cross_pdf,17575444,f9ae874a2550ba7fde6d6895c529b871d51b7c2c1e1b813f12a4a84d02fd95e5,True
data/pdfs/z_cross_hxf_0038.pdf,z_cross_hxf_0038,cross_pdf,8703452,c376700c2c03e22295850054930544ad854f2b6651d9c3bb4775a40fc1243cb1,True
data/pdfs/z_cross_hxf_0039.pdf,z_cross_hxf_0039,cross_pdf,3896215,758b4b67313d2ca26aaaee9db6c1017e3bf569d0e4f290ec23bd5a1c0e6a618c,True
data/pdfs/z_cross_hxf_0043.pdf,z_cross_hxf_0043,cross_pdf,2080074,19afba08daad22ca0bdfe6d919603bad804dce190f151c774d2a052ec089c2c8,True
data/pdfs/z_cross_hxf_0045.pdf,z_cross_hxf_0045,cross_pdf,5740981,7411ddf1387a1c7d0eff44def595b7fb610915268a0bda0b4a7573ba8d8e29b8,True
data/pdfs/z_cross_hxf_0046.pdf,z_cross_hxf_0046,cross_pdf,5522713,39fc2b0a87df23a6dad6fa9690032acd5517332184ebd1aef9d8ac4b1f478adc,True
data/pdfs/z_cross_hxf_0047.pdf,z_cross_hxf_0047,cross_pdf,12752271,ac60ed00f03429ab484a45f1ac43e4aa937cb38be6d61951914738df19629529,True
data/pdfs/z_cross_hxf_0048.pdf,z_cross_hxf_0048,cross_pdf,1514669,5acd1318036e8686e4de453d1bc80674e3afacf72f33665456931c51cbfdc6aa,True
data/pdfs/z_cross_hxf_0050.pdf,z_cross_hxf_0050,cross_pdf,3849008,21785429d2a1966973360693b6c1a47638f969a5402ea36a6c11604ac23d9c5f,True
data/pdfs/z_cross_hxf_0051.pdf,z_cross_hxf_0051,cross_pdf,17404433,40678e5028ec6c2395b882a679ead195a0c88f1f04733c682f520f2d2d2a21cc,True
data/pdfs/z_cross_hxf_0052.pdf,z_cross_hxf_0052,cross_pdf,17010349,c8da0806842646ede7bfb6e4d20774469b3b1169836621f7533ed51bf3ba82aa,True
data/pdfs/z_cross_hxf_0053.pdf,z_cross_hxf_0053,cross_pdf,1450968,b47a99c18a57d9dc623384e7752aea02561bc07295c70b0f0d3b67a32f18d00b,True
data/pdfs/z_cross_hxf_0054.pdf,z_cross_hxf_0054,cross_pdf,19859934,8ee5524a3b494592f01a00d33f37615bbfe679595ac543e9c9d4516a0bd6c16b,True
data/pdfs/z_cross_hxf_0055.pdf,z_cross_hxf_0055,cross_pdf,8118981,c05445866f930aa18f9ece6074422fc451721c3050c5331baca0d21d9588d5cd,True
data/pdfs/z_cross_hxf_0058.pdf,z_cross_hxf_0058,cross_pdf,4978482,2e95c4ed1a2504dd4926d77302f66195032f1e8dd06c6104b7eff9ee260b2ae3,True
data/pdfs/z_cross_hxf_0059.pdf,z_cross_hxf_0059,cross_pdf,12692399,2849e5e320c29c099d9aa5f1e0b5b99683d9d819d819aeef512f965f41765585,True
data/pdfs/z_cross_hxf_0060.pdf,z_cross_hxf_0060,cross_pdf,3227591,17b365da85a29f347e280d08150b229f2e83e8ac52685d2ab7817454197a92e8,True
data/pdfs/z_cross_hxf_0063.pdf,z_cross_hxf_0063,cross_pdf,3447298,c8fc2d31dc019605c4107418a7eac396224185a7dd0b3077fddff0f4d8773b78,True
data/pdfs/z_cross_hxf_0065.pdf,z_cross_hxf_0065,cross_pdf,2840751,2a127c4ff2d686b11eaa0218553dbcd7d3482d5978ca961128d4dea3966e3dcc,True
data/pdfs/z_cross_hxf_0071.pdf,z_cross_hxf_0071,cross_pdf,1824591,7ca12755fefb19db6a2d8d04730fa9443e13b17976ae42ff6de63b54f83104f9,True
data/pdfs/z_cross_hxf_0074.pdf,z_cross_hxf_0074,cross_pdf,5517795,ac04a1dfa53c5731949f7f3c4968389e39261b693fafa668888b5b57a0eb97f2,True
data/pdfs/z_cross_hxf_0075.pdf,z_cross_hxf_0075,cross_pdf,1637895,3ca4b03374679bfec77fd3a3009d312e8cf5b485cab1da7781b8dc6740473bf4,True
data/pdfs/z_cross_hxf_0077.pdf,z_cross_hxf_0077,cross_pdf,3770146,394416253005d76cda59c87083a49f54866b0108f083791232cdb8aeba517608,True
data/pdfs/z_cross_hxf_0083.pdf,z_cross_hxf_0083,cross_pdf,10675839,7ba9d1534be8b90f6616187617158ad278fcf81fce6af4cc0281fb04474e9479,True
data/pdfs/z_cross_hxf_0091.pdf,z_cross_hxf_0091,cross_pdf,12179379,4dee50964a2a029abb0cda91a0b03906be761f87bd735f4f90755099285e0da5,True
data/pdfs/z_cross_hxf_0097.pdf,z_cross_hxf_0097,cross_pdf,4491010,0b42966fcd81be22ebfd8261243566f387720a8419ff06583134b15817527dbf,True
data/pdfs/z_cross_hxf_0101.pdf,z_cross_hxf_0101,cross_pdf,16682325,b79a350f2ce261025ba64fa91e0b6e0b9694f23bece9ac49558cbc15766bf07b,True
data/pdfs/z_cross_hxf_0104.pdf,z_cross_hxf_0104,cross_pdf,9621637,1c6772a2747b8c5b6254efe27b00c4d764aa824f542bc1d28d93bda9af6442d1,True
data/pdfs/z_cross_hxf_0106.pdf,z_cross_hxf_0106,cross_pdf,728806,12c1da39779194a8662303bb4a89dc00f2361265887b74b611a23ced94e15f49,True
data/pdfs/z_cross_hxf_0107.pdf,z_cross_hxf_0107,cross_pdf,10555703,e7b327f50cffbdd90519d686a76157d25f86c42375ee0300c358e9230454c436,True
data/pdfs/z_cross_hxf_0108.pdf,z_cross_hxf_0108,cross_pdf,9429085,b61344424a2b7a7c226f848d2030380d3fa3a5aa05b0d41fb3621d6956470bd0,True
data/pdfs/z_cross_hxf_0109.pdf,z_cross_hxf_0109,cross_pdf,1941188,6bcd96f085164bda4703e9bf2d5bb572a099dba18a0bda114ca9376bfba1e49e,True
data/pdfs/z_cross_hxf_0110.pdf,z_cross_hxf_0110,cross_pdf,6196063,4c0cfba1b45f896be6df8aee43d800b23046cae6ef53907e1584a550315cbf00,True
data/pdfs/z_cross_hxf_0112.pdf,z_cross_hxf_0112,cross_pdf,1364970,d2f21a66ca1ca0130fb6e589029b7a54528518c3942df178266e3e8ac3e966d8,True
data/pdfs/z_cross_hxf_0120.pdf,z_cross_hxf_0120,cross_pdf,37881322,c307becf98a00a927cbf8f6057452a1730a0143fcfba53057d328b5d5a4f94cd,True
data/pdfs/z_cross_hxf_0125.pdf,z_cross_hxf_0125,cross_pdf,1900339,31c277bf5223491ae6091efcf70a8f6c09f4bb446b89ddfb025f97d61eded0f5,True
data/pdfs/z_cross_hxf_0126.pdf,z_cross_hxf_0126,cross_pdf,19032041,46e018d7e6f1bdb00a3fa5f54db55ace3e421a28b61cc508734359d78759eec1,True
data/pdfs/z_cross_hxf_0128.pdf,z_cross_hxf_0128,cross_pdf,1773229,2265be31ec17f85c7505d78f77fbf226b617ed96ce3a0f91baf1a93cd41344d5,True
data/pdfs/z_cross_hxf_0134.pdf,z_cross_hxf_0134,cross_pdf,1078754,a0d0aa843f06859477d4b8544b927eea6cc9019ff8f047afca77d381e1557033,True
data/pdfs/z_cross_hxf_0135.pdf,z_cross_hxf_0135,cross_pdf,3119449,6a7dd2b7eb12761d8b64dde11c7438e97d805960283d5da5a6bc7a90c1c51492,True
data/pdfs/z_cross_hxf_0136.pdf,z_cross_hxf_0136,cross_pdf,5684196,58be65d57dea8ec033b05eb81c4a01c98532c26706badcf8ea2c2962c5de811c,True
data/pdfs/z_cross_hxf_0137.pdf,z_cross_hxf_0137,cross_pdf,2962878,0015d43595860f09b2120bde3fa6080e42b4d24beb5e97a2eff79c5cb71727d9,True
data/pdfs/z_cross_hxf_0138.pdf,z_cross_hxf_0138,cross_pdf,1302596,9018bb55937bae1a8f541ce40e30d5e516c5997188e03d140f2f103767c0577c,True
data/pdfs/z_cross_hxf_0140.pdf,z_cross_hxf_0140,cross_pdf,2051711,7401dcaf828609d09ce74fac3aca41aeeb8849f4f1a6fe2e3317c0dfc3db5b67,True
data/pdfs/z_cross_hxf_0141.pdf,z_cross_hxf_0141,cross_pdf,3053660,3641f7ae316105ecdafe8b718d1b80100598efef07d6bfeb675ac0223db7a717,True
data/pdfs/z_cross_hxf_0142.pdf,z_cross_hxf_0142,cross_pdf,1704293,b9aa023f220a416679b0c90032f0f2092c287ae43f6c066212004a4faadc50a1,True
data/pdfs/z_cross_hxf_0143.pdf,z_cross_hxf_0143,cross_pdf,1275872,582d7e4bfb85b05abe825c97530f6c526543c7a7562457ba5ecfce42eeaff8a3,True
data/pdfs/z_cross_hxf_0144.pdf,z_cross_hxf_0144,cross_pdf,6525206,617e6a40147dbad52b13b87cdfdd413cb43a48f98b49c1a296d03db6ace2fbce,True
data/pdfs/z_cross_hxf_0151.pdf,z_cross_hxf_0151,cross_pdf,17364473,fafef8acb3a9d7462fe21dfa5c7107b03119155f7a549ec359a7ab2099701972,True
data/pdfs/z_cross_hxf_0152.pdf,z_cross_hxf_0152,cross_pdf,1489360,15f3e724538fa4f00765f3fc20ed3e498aafe79dd2cdf23677b4a23b222402ca,True
data/pdfs/z_cross_hxf_0153.pdf,z_cross_hxf_0153,cross_pdf,13724130,e302748a50e6440ec6a90072e7e5e519465689128dcd1d9f0bae0692f4daa330,True
data/pdfs/z_cross_hxf_0155.pdf,z_cross_hxf_0155,cross_pdf,1321311,2023c15a4b1fa2baa88d74fe461e46fe2d5a06f3ce6fbeb5794d56a34a89cfef,True
data/pdfs/z_cross_hxf_0156.pdf,z_cross_hxf_0156,cross_pdf,2941183,68dc867bf0feeff1fe4e95e9822a5b5ba3ee8712758c488ceb858324c560df8f,True
data/pdfs/z_cross_hxf_0160.pdf,z_cross_hxf_0160,cross_pdf,2215966,b6b19d68277897e4b6f7f0528b9c63fe15d8be9ab0b23df460ff9c664feb8b24,True
data/pdfs/z_cross_hxf_0161.pdf,z_cross_hxf_0161,cross_pdf,1080659,652444685edb5d0d58fd4d033478aaa800861e3bda3971e42a0164f9ef8e8eb5,True
data/pdfs/z_cross_hxf_0162.pdf,z_cross_hxf_0162,cross_pdf,1044627,4ce2e037dc3a8dd382c7940d8426911b7f4c3249f7bb04728f81d2eecd96ba21,True
data/pdfs/z_cross_hxf_0163.pdf,z_cross_hxf_0163,cross_pdf,1671754,c3a43ee65b0ecb7a4581fc9d27c91318e58ce8129f32bafcbf96245ce044d7e5,True
data/pdfs/z_cross_hxf_0165.pdf,z_cross_hxf_0165,cross_pdf,10767505,680e616b15277d63d10b6d9eb6f6b06f5b28e33bebd0aad838c0394b08496781,True
data/pdfs/z_cross_hxf_0166.pdf,z_cross_hxf_0166,cross_pdf,1184547,7c61888a257364444c1aa76106a1f1495d256bcc821aedce1ba2b7c20b10c7d0,True
data/pdfs/z_cross_hxf_0167.pdf,z_cross_hxf_0167,cross_pdf,5571891,36e99f0be693992b1e833948cb9be2147a27d7195a37fc256474b2e7891a5d1d,True
data/pdfs/z_cross_hxf_0168.pdf,z_cross_hxf_0168,cross_pdf,16547420,a62600a657b794fbc00a47144b2195869b16322b1eb1038984087e98e8d85863,True
data/pdfs/z_cross_hxf_0170.pdf,z_cross_hxf_0170,cross_pdf,1354528,7136df4368893340b778175c6e727b13b4c00dadab02f3fc241eeab773c9caba,True
data/pdfs/z_cross_xb_0001.pdf,z_cross_xb_0001,cross_pdf,11592023,8c5250185c1a29ca1ae5b4adb35c58888c9cafacc0334288bd4a6e5fc926b7b8,False
data/pdfs/z_cross_xb_0002.pdf,z_cross_xb_0002,cross_pdf,8927906,b417027d97e052c360a3fa3d477c0be57a184d6d695e2e0c3ffbc001e154c66f,False
data/pdfs/z_cross_xb_0003.pdf,z_cross_xb_0003,cross_pdf,12769670,b8dababbdf4ddee40c6293c87043d2e3215bcb0abd580a4786dc17778aa0f8fd,True
data/pdfs/z_cross_xb_0004.pdf,z_cross_xb_0004,cross_pdf,6157818,e138e1ff77606efb3276c83e62244053ab5d3801c585d67c17a9ccac3c17a56a,False
data/pdfs/z_cross_xb_0005.pdf,z_cross_xb_0005,cross_pdf,4643833,1650936c3577bc548f268de5f6a01726b9b7564fb3b9e1717365957693f18113,False
data/pdfs/z_cross_xb_0006.pdf,z_cross_xb_0006,cross_pdf,4881212,ca0c19e22e2f2000624b7c6f2e03000e25bd515120196e8fc3abd418bf967f9d,False
data/pdfs/z_cross_xb_0007.pdf,z_cross_xb_0007,cross_pdf,5524738,3dc5cc1a10d212235d1158dfbb0f36ee1a08f603bc74767f838af6f232ba0537,False
data/pdfs/z_cross_xb_0008.pdf,z_cross_xb_0008,cross_pdf,2831997,25b677e03500aa788e23b7a72140ec9ca72ea8e5f0043f5e210b89e2c6b877bf,False
data/pdfs/z_cross_xb_0009.pdf,z_cross_xb_0009,cross_pdf,2727790,c071d8d0c15032b433c6984d47346d0508041fc9a2184c0b6ae01740b876c493,False
data/pdfs/z_cross_xb_0010.pdf,z_cross_xb_0010,cross_pdf,12636095,6c8fb08d827e8def503c01687c047ad27974608facd240c6d6b04c437776c2bc,True
data/pdfs/z_cross_xb_0011.pdf,z_cross_xb_0011,cross_pdf,26442380,e2aefd6f6ecae0c51fc4ec501d041b8464984602750850a9743f6a7f84e925ca,False
data/pdfs/z_cross_xb_0012.pdf,z_cross_xb_0012,cross_pdf,14808451,7783863f1f65ff675c5bac0eeaeb67a8b39b94bf98c6850632c5173d1e607391,False
data/pdfs/z_cross_xb_0013.pdf,z_cross_xb_0013,cross_pdf,10902330,1fc30b3055de4dab1eccabe6096bb1b2149c4c71ddcefff041703c4bed53da3e,True
data/pdfs/z_cross_xb_0014.pdf,z_cross_xb_0014,cross_pdf,26086211,6872207291f3af652fc4364737a012369a8a5b6c8231da6e280e5cbcb0056a20,False
data/pdfs/z_cross_xb_0015.pdf,z_cross_xb_0015,cross_pdf,3433335,49eef940bc16c475e44ee9e64da7a1293c6b746d9b033ab2691a389dac890a38,False
data/pdfs/z_cross_xb_0016.pdf,z_cross_xb_0016,cross_pdf,7084652,9bea815647e80aa19f5151a2e3f03c075aeb8e90ec0a0d5c72d2260bebf42a6b,True
data/pdfs/z_cross_xb_0017.pdf,z_cross_xb_0017,cross_pdf,7573989,927fa9d553b557d017b20b9641923d69e529a4a2c18566410089235f977687e2,False
data/pdfs/z_cross_xb_0018.pdf,z_cross_xb_0018,cross_pdf,2982122,71dc634d742eec755f9b03a6f0d6af99d1ea917602cbe52b3894668c3ac2f4cb,True
data/pdfs/z_cross_xb_0019.pdf,z_cross_xb_0019,cross_pdf,13417574,21c375c5f67036d5b9eb785a0ac4cc6f919cf620fad0c1380eef1d598a2a94ff,False
data/pdfs/z_cross_xb_0020.pdf,z_cross_xb_0020,cross_pdf,1416501,11c88e569b9df19616f555c178567b03b22ab76f6e6107bc7e5667b5fe52c283,True
data/pdfs/z_cross_xb_0021.pdf,z_cross_xb_0021,cross_pdf,15382263,adac73c912bcdec516ecb98e48d010724aed902dd8a69c1ee6085e348bd94d64,False
data/pdfs/z_cross_xb_0022.pdf,z_cross_xb_0022,cross_pdf,25105458,659d4d8bc3caa90de52bbe5bc6fe728305a5b8caee6ad77f990988ddf0dc9676,False
data/pdfs/z_cross_xb_0023.pdf,z_cross_xb_0023,cross_pdf,22106428,aad05bf02d301d49556aeb355109f76032ff362e61feab1c498b7b13cc357f66,False
data/pdfs/z_cross_xb_0024.pdf,z_cross_xb_0024,cross_pdf,5271966,656b9d4990b5e32330ca1b1a9a12c92e73ae5c14b5f52d0f7c986dc6bef93b68,True
data/pdfs/z_cross_xb_0025.pdf,z_cross_xb_0025,cross_pdf,16203102,8e1f148057446b827f6e261ed9a954d265eb25c38195391bc280bde624a58862,True
data/pdfs/z_cross_xb_0026.pdf,z_cross_xb_0026,cross_pdf,15732820,17610f53e632ad9830ab36be3b44403fb5f6b6007e6141c3499600d6def78775,False
data/pdfs/z_cross_xb_0027.pdf,z_cross_xb_0027,cross_pdf,6465672,e660c89ee31eb63df0d4e7c62c68cd05d6133d695b2b0b9494c81177bf4da18f,False
data/pdfs/z_cross_xb_0028.pdf,z_cross_xb_0028,cross_pdf,2989195,2fba0e228c6a7b16af1cf73ef88195c8bc928181534db26a335143823f992b98,False
data/pdfs/z_cross_xb_0029.pdf,z_cross_xb_0029,cross_pdf,8886311,9d336732b5f5efb38bf3e952c3aa190381008ef0931667ddc290885816f8598c,False
data/pdfs/z_cross_xb_0030.pdf,z_cross_xb_0030,cross_pdf,14444081,3ecdc8ede70c28d0e1677d35e7952e282281c10ae4e79e7918661f03513e321f,False
data/pdfs/z_cross_xb_0031.pdf,z_cross_xb_0031,cross_pdf,5007821,4e819e7e827276050799d937bd914d61f1d435377820722024aa4c7177cf75ca,True
data/pdfs/z_cross_xb_0032.pdf,z_cross_xb_0032,cross_pdf,10865001,adc122e7cdd65529c96c1109a162b90cd715188d911fbd054263746223e8fc47,True
data/pdfs/z_cross_xb_0033.pdf,z_cross_xb_0033,cross_pdf,14296843,ec28112bd941ec0d18b059189a51d49d059a6e761b9e8a794f6e07360c30fbcc,False
data/pdfs/z_cross_xb_0034.pdf,z_cross_xb_0034,cross_pdf,4426186,dba6280dcfb7d16c5aead721f6814aa804bbc535da470b8c0bb37d7b25bf62e9,False
data/pdfs/z_cross_xb_0035.pdf,z_cross_xb_0035,cross_pdf,10682605,e430a9852c9db006990fef0c3c33de54de3c02f9ac3f02d8b44a11ab7d8d74f3,True
data/pdfs/z_cross_xb_0036.pdf,z_cross_xb_0036,cross_pdf,43973901,f1e34d55585e90a348c7699fe4e17a93638d4b97e3e2b596f1f8f3ff3847a4b4,True
data/pdfs/z_cross_xb_0037.pdf,z_cross_xb_0037,cross_pdf,3013543,565e1bc863d5cf3a2d4472380631e3e8b75e5adaad2cb1bbd41416d156a8223d,False
data/pdfs/z_cross_xb_0038.pdf,z_cross_xb_0038,cross_pdf,1211955,071d5c1d5873cd2323e37c79352c03122441e6a0df51ac8ddc82ae0332e7272a,False
data/pdfs/z_cross_xb_0039.pdf,z_cross_xb_0039,cross_pdf,9623557,e244442834c0e6b7f612d36c8c5689a2a14c776cc1056323f899da4941e60a10,False
data/pdfs/z_cross_xb_0040.pdf,z_cross_xb_0040,cross_pdf,79877689,79463b20c89d1696c54644c9fd2dabbf4f6741973f58614570d45369bc3a65f4,False
data/pdfs/z_cross_xb_0041.pdf,z_cross_xb_0041,cross_pdf,2856075,4ba382a47f3c9372562d27003c7f838f7b7582e9dc37a0f592a05d1b929669d5,False
data/pdfs/z_cross_xb_0042.pdf,z_cross_xb_0042,cross_pdf,17713410,82cb394a30411ca042788028e9f79a1080be6ebd6abacfc4158d9caf93cbba08,False
data/pdfs/z_cross_xb_0043.pdf,z_cross_xb_0043,cross_pdf,2678581,fa72ca9c9f60701b08f6be4d824ffe8c9614ae8c180a5fe31b16990be7eb5422,True
data/pdfs/z_cross_xb_0044.pdf,z_cross_xb_0044,cross_pdf,12230244,b60c04639d5d49ed6822c9ec0883d59113224c0b4cd402dffbd58424de052b29,True
data/pdfs/z_cross_xb_0045.pdf,z_cross_xb_0045,cross_pdf,12842568,8a6d37a3e631bc639562066beb4406f9e2b36aed7746d704c9524055f90564d4,False
data/pdfs/z_cross_xb_0046.pdf,z_cross_xb_0046,cross_pdf,7801389,7b0dc69e402c5c7520f15acb02e4e653e6ac8546291fce41d82387c70f57b1ef,False
data/pdfs/z_cross_xb_0047.pdf,z_cross_xb_0047,cross_pdf,2797099,0f44eb5ba59e63d373d47afdd2ec7725db100730af36ab397662e3d1d827f7c7,True
data/pdfs/z_cross_xb_0048.pdf,z_cross_xb_0048,cross_pdf,7256731,73b0f38de95c86b1d356a764d7bc615c9e648fef7055360eb3098126eb92d902,False
data/pdfs/z_cross_xb_0049.pdf,z_cross_xb_0049,cross_pdf,14341856,7ef6dea19d2d0c754d00cf229adc043a74f4bb6207a3049834b81b0b09632649,False
data/pdfs/z_cross_xb_0050.pdf,z_cross_xb_0050,cross_pdf,16951160,414e2f053445429910cb97d19ab7f0c0d7f5c930ad79d161a07cabb501ce188b,False
data/pdfs/z_cross_xb_0051.pdf,z_cross_xb_0051,cross_pdf,3794074,d99f2f7691726db6e5461f0cd56aa4fd9500c677922f90dc3f4a29085f8082ef,True
data/pdfs/z_cross_xb_0052.pdf,z_cross_xb_0052,cross_pdf,30947180,917e465e9625b303620933f81b271fb418388a2adb4784a80223daf6daad1d63,True
data/pdfs/z_cross_xb_0053.pdf,z_cross_xb_0053,cross_pdf,1587653,d70186ea4339b3bc847e506cf8e6b0849b69e0488bccaf067efd61fb01fcf981,False
data/pdfs/z_cross_xb_0054.pdf,z_cross_xb_0054,cross_pdf,2457055,9f3af08d70ae3b239a795350a8558b2b5fe124ae8b641107fb8625e0853168b0,True
data/pdfs/z_cross_xb_0055.pdf,z_cross_xb_0055,cross_pdf,16989044,18c9338de4cc0deb439c3180181dfdc11ef79adc0bb9ef1153011c6fc8d15811,True
data/pdfs/z_cross_xb_0056.pdf,z_cross_xb_0056,cross_pdf,6126088,85b99993f917ddefb1e42bf7014f6b408c9819a1799fd73a00a99e2fb3f5b251,False
data/pdfs/z_cross_xb_0057.pdf,z_cross_xb_0057,cross_pdf,3181842,b77de49e09daf00a7ae4a06f9a58647378e6ec72d6d9a8d4ac76045ad875cb7d,True
data/pdfs/z_cross_xb_0058.pdf,z_cross_xb_0058,cross_pdf,33489304,451adcb7a69b834133229f45ccc9292f1bbab3e613fd211e4f29505ccc055f6a,False
data/pdfs/z_cross_xb_0059.pdf,z_cross_xb_0059,cross_pdf,9798773,8afa4bf67f0a8152e7c7fe538b2aa053a2d405e0a3ca77dd36e8b40560d25301,False
data/pdfs/z_cross_xb_0060.pdf,z_cross_xb_0060,cross_pdf,4254990,7de189812f2d8c4e7972c178c80c55eeec65561219f7637d063fa3abe5b0c65c,False
data/pdfs/z_cross_xb_0061.pdf,z_cross_xb_0061,cross_pdf,3000286,9be6dbfef57c1014beb99274c0bc05c26093e0ede10495b837d40661eb9f8523,False
data/pdfs/z_cross_xb_0062.pdf,z_cross_xb_0062,cross_pdf,4514436,4fda18ba9411ee6046c4d079398048f97b2bf6efe3b2c94aac5fd3a282705ad6,True
data/pdfs/z_cross_xb_0063.pdf,z_cross_xb_0063,cross_pdf,10420361,3195ff220469a49168565e950326de8424ff57394b2bef0825401c0c3917de7b,False
data/pdfs/z_cross_xb_0064.pdf,z_cross_xb_0064,cross_pdf,17483694,401046c2aba686f6396e95e0fcfa5f54acb9ebfa176ec30a0f495c7190d5762c,False
data/pdfs/z_cross_xb_0065.pdf,z_cross_xb_0065,cross_pdf,2582319,4edad9434a7f7481723c955b037dee81a1dbce1aa5741dfd6befc59296d57ea3,True
data/pdfs/z_cross_xb_0066.pdf,z_cross_xb_0066,cross_pdf,4721798,4ac3bfe6d6e3baabd312d078f924e42ee662d35c5581b467e0aeaa3a8df53f8d,False
data/pdfs/z_cross_xb_0067.pdf,z_cross_xb_0067,cross_pdf,8668733,4f67f43ad79a1fd6811377717f56654fcda2dcffec4d91369c870c0bb4b97737,False
data/pdfs/z_cross_xb_0068.pdf,z_cross_xb_0068,cross_pdf,1871453,2a346704d8fc966a4d6192e69bb61754d492dc6590f0b0389af04a30058b366a,False
data/pdfs/z_cross_xb_0069.pdf,z_cross_xb_0069,cross_pdf,9768738,44602af62277f7e4e253b2c463409d0282f543c5f633fe54924bee84611596a4,False
data/pdfs/z_cross_xb_0070.pdf,z_cross_xb_0070,cross_pdf,5943520,a4fe06971bcea662c50dd35dd5d473afd6769823a007ed0733db25828beab6fe,True
data/pdfs/z_cross_xb_0071.pdf,z_cross_xb_0071,cross_pdf,8588575,4325f5928655a16cd44427be0141a86e2ca05bdb9a853da977e20d74891d6dae,False
data/pdfs/z_cross_xb_0072.pdf,z_cross_xb_0072,cross_pdf,25396665,197b42b2e446bcfa617aa34834addd1c9180bcd7ada9600a18a5634e03a4ee85,False
data/pdfs/z_cross_xb_0073.pdf,z_cross_xb_0073,cross_pdf,63775575,96b7ec597d9fddef51537e06af12c0f21dc11ce15e7cbc5cbcc7cdf46cd2d9f2,True
data/pdfs/z_cross_xb_0074.pdf,z_cross_xb_0074,cross_pdf,3826856,c60ef4479aa73e3a2eef98fbd02064d3e430a5cdd085992c8ba10b5b1af1afd1,False
data/pdfs/z_cross_xb_0075.pdf,z_cross_xb_0075,cross_pdf,8320210,0bdd1993e56cdb2fe6c500f7b7095e86153f03c3fdd0120d33211779a275a7a5,False
data/pdfs/z_cross_xb_0076.pdf,z_cross_xb_0076,cross_pdf,3033777,d21a78a59d533a19b421dfa45d1dfb6fa1d583bba4c301c651eb18b50967aeda,False
data/pdfs/z_cross_xb_0077.pdf,z_cross_xb_0077,cross_pdf,11584823,f72c86e4bbaf841a5584ef1b21e1c5ef796a2622399c159101d7cb3d43f897d7,False
data/pdfs/z_cross_xb_0078.pdf,z_cross_xb_0078,cross_pdf,14592174,eeedb71254a462d0c055de0dab9080d1a74e840cbc334f7ad5d41cff31db3a9c,True
data/pdfs/z_cross_xb_0079.pdf,z_cross_xb_0079,cross_pdf,4187328,cef4493825ecbc2f0eb7868b5723756de0a25f47c3ad0d9d3e22a13330372eaa,False
data/pdfs/z_cross_xb_0080.pdf,z_cross_xb_0080,cross_pdf,6177048,33fe2379011b3bf1e1dbb488fcadec3ab5591c88edc837be15be652049e0d875,False
data/pdfs/z_cross_xb_0081.pdf,z_cross_xb_0081,cross_pdf,6008064,c008e3228db5467f18d7f0c6269d246ddef65f7df7c10b6edda76aa6c184f014,False
data/pdfs/z_cross_xb_0082.pdf,z_cross_xb_0082,cross_pdf,6676512,cb0ae6544dd4b7dffc65ff0160e4571c0a3b55c7d1fbdcdcdeba2c370210fa4e,False
data/pdfs/z_cross_xb_0083.pdf,z_cross_xb_0083,cross_pdf,10477774,f5ff073bf6d21f1e6381eb542936fadd9ef132377d6a4de08fa933c1d25c98f3,True
data/pdfs/z_cross_xb_0084.pdf,z_cross_xb_0084,cross_pdf,5518101,080513391a3ab018c803543e726e6bfa9f342b69208df2bf4dcc09c8e4eafe5c,True
data/pdfs/z_cross_xb_0085.pdf,z_cross_xb_0085,cross_pdf,10824205,012695cc3bef3b1638595d7e4eeb33ec4eeea176ba0d203b961c4bc88507c7e3,False
data/pdfs/z_cross_xb_0086.pdf,z_cross_xb_0086,cross_pdf,10269258,f4e9046c9b41c9ed04920865245c368162fff0deaf640a2497a628fe8753c964,True
data/pdfs/z_cross_xb_0087.pdf,z_cross_xb_0087,cross_pdf,793867,2a62a539ec9bbb2730abb13fcd141a04b93338be8618084a014eb00d0d1b0faf,False
data/pdfs/z_cross_xb_0088.pdf,z_cross_xb_0088,cross_pdf,4994655,3a6a2f91fa3e42970e71c12ea3d3c0019be031af83532a59442f1e0f05c0db74,True
data/pdfs/z_cross_xb_0089.pdf,z_cross_xb_0089,cross_pdf,2234020,862cb8cfc6c676a11e87ef12bf0a865ba241e5013ca06e0a95b89141f2b3145e,False
data/pdfs/z_cross_xb_0090.pdf,z_cross_xb_0090,cross_pdf,2813071,f0da1439202766c74a9f56409d397b1a900b57e4c3a65ecf64a6ff7335b94a75,True
data/pdfs/z_cross_xb_0091.pdf,z_cross_xb_0091,cross_pdf,3649895,d47c3abee1669d4fa53b7f7ecfdd597875194fe42e1647deeedd1a686ed355fc,True
data/pdfs/z_cross_xb_0092.pdf,z_cross_xb_0092,cross_pdf,5320593,dbea4c82a216e66dd1d8bc923262bc210f0c17e79132546c6a04b3d044349be4,True
data/pdfs/z_cross_xb_0093.pdf,z_cross_xb_0093,cross_pdf,4363595,015c380c0c423811a277de7747537b60b2003c440d66eb6f1533ff7e7513b600,False
data/pdfs/z_cross_xb_0094.pdf,z_cross_xb_0094,cross_pdf,3395796,4185a3f491eae49cc11f24a1c6fb24fae01e8b3a4aaf798890afb6ae5979692c,True
data/pdfs/z_cross_xb_0095.pdf,z_cross_xb_0095,cross_pdf,4545195,abc42e400001ee239930317980ba2d8967fc256c9bc7e46ec6ec436e62bebfb7,False
data/pdfs/z_cross_xb_0096.pdf,z_cross_xb_0096,cross_pdf,1500458,f31f32b97abf4d289fdef0f1c8c7059d510595f34b49c8aaf89648b57ea28265,True
data/pdfs/z_cross_xb_0097.pdf,z_cross_xb_0097,cross_pdf,13944242,d19ea7005f2a15dd067056abb051dc711c529c07fc3288bd6d642fede5a8128f,False
data/pdfs/z_cross_xb_0098.pdf,z_cross_xb_0098,cross_pdf,4274465,8bb10a5be3146ef21f5b9418d0e2b57a5be0bed80373a1ac730422c24e3d26ca,True
data/pdfs/z_cross_xb_0099.pdf,z_cross_xb_0099,cross_pdf,3737361,23c67e9bac4487bd6d7e3b0ffbc65d85abe11a4da8b546721128262f8104ca58,False
data/pdfs/z_cross_xb_0100.pdf,z_cross_xb_0100,cross_pdf,2078217,ddcf8b0dd1e78804e71364a7489f3a82f5928d7f38d6f20b2a1ce80e072846de,False
data/pdfs/z_cross_xb_0101.pdf,z_cross_xb_0101,cross_pdf,2800634,4e185cde49c8d50f610106c717f0cc1e3d5691eff8a73ea67a178414c68e0c9d,False
data/pdfs/z_cross_xb_0102.pdf,z_cross_xb_0102,cross_pdf,15406958,db491a88b3de0858a27b456034abed8e895905e0f12d66d003b8e14c5e3c36a4,False
data/pdfs/z_cross_xb_0103.pdf,z_cross_xb_0103,cross_pdf,18834357,42b530d7574e41c189d25643e5ac062341e23c833c875d44875e7e97332d7991,True
data/pdfs/z_cross_xb_0104.pdf,z_cross_xb_0104,cross_pdf,5699320,24a8be9c0855dc74bec71fd69e8d58e5ba4064eaeb0861637ab7c7859742c1b0,False
data/pdfs/z_cross_xb_0105.pdf,z_cross_xb_0105,cross_pdf,3716628,49b516128a1e1cd31b0d4bd6e3530a52f1c737a45ce9ba6373488686b1a10722,False
data/pdfs/z_cross_xb_0106.pdf,z_cross_xb_0106,cross_pdf,3781591,37f9d36ce80775eda3290cbbbf17f874447e9a82ae28a87db93f2edb59718037,True
data/pdfs/z_cross_xb_0107.pdf,z_cross_xb_0107,cross_pdf,16212643,107e41107182c37c9aff99ee931c3dbaa88fae77da16b287a4b35ad900dfa02a,False
data/pdfs/z_cross_xb_0108.pdf,z_cross_xb_0108,cross_pdf,18642245,65428d31e39811e9d547f348b73fc7f56f6497a114232b4172a7d4a39807eee4,False
data/pdfs/z_cross_xb_0109.pdf,z_cross_xb_0109,cross_pdf,6780392,69ee9353e9617d70fc5c6bf9fbbff12ab3de96450ede76a24157263a12d95db8,False
data/pdfs/z_cross_xb_0110.pdf,z_cross_xb_0110,cross_pdf,4311050,51ca6b57da12c0c21edccbb3f54ba458206eec89a5f90577cda675932118ff88,False
data/pdfs/z_cross_xb_0111.pdf,z_cross_xb_0111,cross_pdf,7884956,5fad9ba294afd57837b063e213faaa226707d344409adcc795ba00ff99fd3a6f,False
data/pdfs/z_cross_xb_0112.pdf,z_cross_xb_0112,cross_pdf,8915028,7b9333ac06d482217c2c1534d368c08946a983586926b4b0a58262cd49d3fb68,False
data/pdfs/z_cross_xb_0113.pdf,z_cross_xb_0113,cross_pdf,3156923,9b414c8583fb0b2150ff0162954ee306433084e09c4a2df44d1bbb6406b898f4,True
data/pdfs/z_cross_xb_0114.pdf,z_cross_xb_0114,cross_pdf,3439846,b1f4f1412c2c1df6b19414782ce3026f3c77732d18e360d712484f36ed2ecfcf,True
data/pdfs/z_cross_xb_0115.pdf,z_cross_xb_0115,cross_pdf,15785023,aab65d9e583220bfb78080b30a975bb2beca292ca76811653dacbe41d9f31b17,False
data/pdfs/z_cross_xb_0116.pdf,z_cross_xb_0116,cross_pdf,18178493,bca21744a1f84957c87fe9a6339154345d5d4192f8aba7c2f1b86aac97e0ab21,False
data/pdfs/z_cross_xb_0117.pdf,z_cross_xb_0117,cross_pdf,12217385,29e51abbb2f94ea43e1abc0aa1e5596cb4be4d698f3937bcd8eb6f10216ffbb7,True
data/pdfs/z_cross_xb_0118.pdf,z_cross_xb_0118,cross_pdf,15019693,729007e04fd82fc8488ad86a5f8bead1c9d79ffb3e8f99a469a89c914a14ba4c,False
data/pdfs/z_cross_xb_0119.pdf,z_cross_xb_0119,cross_pdf,10139224,7d03b59c477bf191137bd7b729c48737c32b8589aa7f977bd46a57523c35854a,False
data/pdfs/z_cross_xb_0120.pdf,z_cross_xb_0120,cross_pdf,3741351,c60fd2a734bf709b8d4f20e96d7a09d93475f4467eddd725441cef347e1817df,True
data/pdfs/z_cross_xb_0121.pdf,z_cross_xb_0121,cross_pdf,12906045,a30534d65cd34bf22254a9f4d81d5d40016d86e4c72f8d00a50ee73715a7fb2b,True
data/pdfs/z_cross_xb_0122.pdf,z_cross_xb_0122,cross_pdf,31876474,d20d465a340b9524a60309f894da8ae91e333afc1a784c94aa666cf113e4ecc4,False
data/pdfs/z_cross_xb_0123.pdf,z_cross_xb_0123,cross_pdf,21669380,10063697fe47cd7ef3b4a6eee478485e335b07c509a3d07974a7e1d6e87f7259,False
data/pdfs/z_cross_xb_0124.pdf,z_cross_xb_0124,cross_pdf,2914927,35c2d74af88f596bd3aec2531500a5550bcde3d0549a2c2de1c5e471c11a3669,False
data/pdfs/z_cross_xb_0125.pdf,z_cross_xb_0125,cross_pdf,2121482,1fed04b03aed351bcc4ed97ec66fa503e3852dfd1e41df46562ba69c8cdda09f,False
data/pdfs/z_cross_xb_0126.pdf,z_cross_xb_0126,cross_pdf,1782867,aaf19b0cf9bf5c96826ee9abdd258525a2645c28a546dd538b551f827fcfcbdd,True
data/pdfs/z_cross_xb_0127.pdf,z_cross_xb_0127,cross_pdf,7469422,2a1120649296589ea71bd692744e5abbdab42c52d99e088143e432a6f3946a9b,False
data/pdfs/z_cross_xb_0128.pdf,z_cross_xb_0128,cross_pdf,9400685,2f78897b5d4e74ad275dd0335ad1c9a05b78afc580c23d5ed490b2c0d099d86f,False
data/pdfs/z_cross_xb_0129.pdf,z_cross_xb_0129,cross_pdf,14632458,32a062f9d68ed406211ed578c4d8cfffd03785a35cf0fd464aad0546b8e7d017,False
data/pdfs/z_cross_xb_0130.pdf,z_cross_xb_0130,cross_pdf,14328149,2a15464c2850be322a898d842ff41d7ea038ecdc547bd921357f537fe51eb7d4,False
data/pdfs/z_cross_xb_0131.pdf,z_cross_xb_0131,cross_pdf,3535194,c05f146654a09aa59a841d74a64219387ce95d6502655a05d0f329bb752144f0,False
data/pdfs/z_cross_xb_0132.pdf,z_cross_xb_0132,cross_pdf,2059193,dad750ef39099881e4597b11cd0cf152269b95f5ee2418ec282e5b6973e42af4,True
data/pdfs/z_cross_xb_0133.pdf,z_cross_xb_0133,cross_pdf,32178155,f5ab8a2f4527f5027c45babce9923ea9edd8571bc86505123b949d85ae9fc4b1,False
data/pdfs/z_cross_xb_0134.pdf,z_cross_xb_0134,cross_pdf,34562731,a82e552839779ffd69e45cab1d4e0eac5d5d8ed6efffc5463112e49497c3ba2d,False
data/pdfs/z_cross_xb_0135.pdf,z_cross_xb_0135,cross_pdf,11719835,99d1c31f30178abcda794f90b239af08dd5fea95fd059121b594230bf4924724,False
data/pdfs/z_cross_xb_0136.pdf,z_cross_xb_0136,cross_pdf,9322685,968d0345c729c7d51f5a445622fceab32fac317abf270ce9977c9f250891f439,True
data/pdfs/z_cross_xb_0137.pdf,z_cross_xb_0137,cross_pdf,2249543,90e83d2e563334477c0078a512f685a1148a2b2e6319571d27911c4e507f54d4,False
data/pdfs/z_cross_xb_0138.pdf,z_cross_xb_0138,cross_pdf,2880101,608cff8c19dbb36fbda565ebd0a991dafba70af3cafbdc10db678d2d0b03ef45,False
data/pdfs/z_cross_xb_0139.pdf,z_cross_xb_0139,cross_pdf,4760142,2f07fd90cae84d5150ce10766aa2cfbeb08fe43bd44b485f1679a33320837c35,True
data/pdfs/z_cross_xb_0140.pdf,z_cross_xb_0140,cross_pdf,5055081,f3a6736f23dee05cc942a72cdc69eb9b31e1b6a0be2ad5fa43ae8cd65429d91b,False
data/pdfs/z_cross_xb_0141.pdf,z_cross_xb_0141,cross_pdf,3029010,78ce2904c079ecc68df6095b6e30908aa4befd7504a54ff2a7ed1300089106e7,False
data/pdfs/z_cross_xb_0142.pdf,z_cross_xb_0142,cross_pdf,4260324,18a16a1c42f78e776c269887b2507762c060ac6068335ca97c7dab46d65d554f,False
data/pdfs/z_cross_xb_0143.pdf,z_cross_xb_0143,cross_pdf,12443870,e7a1beaa6ecf2969edb591fd8c965a107e9382a6cf98dfab52a3cdaa758a9007,True
data/pdfs/z_cross_xb_0144.pdf,z_cross_xb_0144,cross_pdf,10645724,3e72b13c08f73520c884b093c2562e2ebe13612402ec48f54773d01c44ac6dbf,True
data/pdfs/z_cross_xb_0145.pdf,z_cross_xb_0145,cross_pdf,15800325,55e6d7cdc08f2e6150904858180460188fb9b53cb77686052551316840ab6ac8,False
data/pdfs/z_cross_xb_0146.pdf,z_cross_xb_0146,cross_pdf,15826704,6ca407c9cb68869c331bbee460a61006405648ead61e312332797d2bbbfe18b3,False
data/pdfs/z_cross_xb_0147.pdf,z_cross_xb_0147,cross_pdf,3761078,cc16fdb9f7fa754557b128c91ffe246ab57769a534871760ab8b33b952bc4127,True
data/pdfs/z_cross_xb_0148.pdf,z_cross_xb_0148,cross_pdf,3187496,5be078bdd2f426cbf276b77c21359cd711046d5a8c3e60af838f79e291233af6,True
data/pdfs/z_cross_xb_0149.pdf,z_cross_xb_0149,cross_pdf,2429991,364cbb50482266b5137f157b7d7a18030c2b40eab06e910e382258d74a9c5c20,False
data/pdfs/z_cross_xb_0150.pdf,z_cross_xb_0150,cross_pdf,4462584,825b1f88b0f9b49b0e5093f322933c59c1f26974d1b135caf7ba9215c34e62a3,True
data/pdfs/z_cross_xb_0151.pdf,z_cross_xb_0151,cross_pdf,10575598,3f5b0b17810d033d48f64e0f1372ee30ac8f5f8fe0a18835f8860e67a456ba2d,False
data/pdfs/z_cross_xb_0152.pdf,z_cross_xb_0152,cross_pdf,8558855,37054f07a6dcc7149d82ea019b67a4fab824944c4f68a0d88c4976981caf23b0,False
data/pdfs/z_cross_xb_0153.pdf,z_cross_xb_0153,cross_pdf,2950981,36fa40803204685fcb02b5f5d5c2b1eb0ac2de06507d634b8c007ba0f2d397c7,False
data/pdfs/z_cross_xb_0154.pdf,z_cross_xb_0154,cross_pdf,3170263,796fc8c57d3e0874a839384977727f852db6f9791bf6f94e3db84f3d82abec1d,True
data/pdfs/z_cross_xb_0155.pdf,z_cross_xb_0155,cross_pdf,6807059,66117d93d867e7edef3d60277e62e4c22fead3c313ef68dc3ee34ab7746b0630,True
data/pdfs/z_cross_xb_0156.pdf,z_cross_xb_0156,cross_pdf,9246852,509344abd4f47cd98edbef089cac99d9fc67b8f75aaefe57f70d48a76d52c836,False
data/pdfs/z_cross_xb_0157.pdf,z_cross_xb_0157,cross_pdf,6096736,3a0a21a2c7c37ef10bb55c6ea802994f3cfc84c6505686b53725d907b3470699,False
data/pdfs/z_cross_xb_0158.pdf,z_cross_xb_0158,cross_pdf,3370615,dc1f722211542c9f22342f318875f1e615c2ed62077baf4367265023d1efa2b1,True
data/pdfs/z_cross_xb_0159.pdf,z_cross_xb_0159,cross_pdf,4379689,26b79341a78c82ce679d68e8dff60f2f9b63673e85f7f41f31e1c8ea57db3e09,True
data/pdfs/z_cross_xb_0160.pdf,z_cross_xb_0160,cross_pdf,10405390,3bdbf3f6b1e7e7e0ebea1bb7e526d28ee8ed29ff40d1c6d95c2be8e13083a4c8,True
data/pdfs/z_cross_xb_0161.pdf,z_cross_xb_0161,cross_pdf,19641218,d4988716c463761eeddc1c532f609d190d52c8862ad41e22f8716b4e722fb059,False
data/pdfs/z_cross_xb_0162.pdf,z_cross_xb_0162,cross_pdf,24964146,bf71077a4110831efadcf03ed7f54df030a4069fd9d3b6bc5b8b0757615c165f,False
data/pdfs/z_cross_xb_0163.pdf,z_cross_xb_0163,cross_pdf,42554332,e3433a2b75ca949c48917f47fb26702d37ca0ea88f57e48526e184160fee7f3f,False
data/pdfs/z_cross_xb_0164.pdf,z_cross_xb_0164,cross_pdf,31653189,a2435bd7af33d95ddfd5774f2fe163de77208e3070650599532d4bb3fa90e6b3,True
data/pdfs/z_cross_xb_0165.pdf,z_cross_xb_0165,cross_pdf,37925017,c37275decc4d68a323586da189e7627b7e89158d5f4c0e2b80bc8e7873de181e,False
data/pdfs/z_cross_xb_0166.pdf,z_cross_xb_0166,cross_pdf,37814529,e8b73bc84dade72db2fd0947dac9124553803d06be4afd770f9e1656fd4a2d09,True
data/pdfs/z_cross_xb_0167.pdf,z_cross_xb_0167,cross_pdf,1892989,c4aedd03b37edefc777544ca53ba7c166d35aeb8bc83fbbc004c6cdae9d6220f,False
data/pdfs/z_cross_xb_0168.pdf,z_cross_xb_0168,cross_pdf,1683604,2297a90cc3b7438f15c8b96e6ff23d9f2ae63382db82f8458b88511e524a7820,False
data/pdfs/z_cross_xb_0169.pdf,z_cross_xb_0169,cross_pdf,15462300,efe1cc25d09924f44ebeee1230a25ef91c1c6e478991d2d0d569c1ac98549fc4,True
data/pdfs/z_cross_xb_0170.pdf,z_cross_xb_0170,cross_pdf,16525804,b8b3185786e532f69c5f7b163978e63727f39dd6886dbd0aac027bda85cd7a42,True
data/pdfs/z_cross_xb_0171.pdf,z_cross_xb_0171,cross_pdf,15813199,5e5e090b68473fc8184cc9d87e2e6c3b6e5df6d32395f8340dd5a2c680a09b37,True
data/pdfs/z_cross_xb_0172.pdf,z_cross_xb_0172,cross_pdf,2743906,98275686ddaf23da71aea203c9c27ff25c6c3657a89e42bd13fca5861b9760de,False
data/pdfs/z_cross_xb_0173.pdf,z_cross_xb_0173,cross_pdf,7764100,8c3c46bdfa27ebe638c2f4e21c6e6124b362d63d8fea1111dcaafc4bad5f41ee,True
data/pdfs/z_cross_xb_0174.pdf,z_cross_xb_0174,cross_pdf,10412960,014d4e1be8819f80ed696ee180b7c7af4f6ee66fe8b450c468aea893e086e4b8,False
data/pdfs/z_cross_xb_0175.pdf,z_cross_xb_0175,cross_pdf,10373012,6b435653e345467d5be421782515771066e80851f22ceb2666c15a6600935ecb,True
data/pdfs/z_cross_xb_0176.pdf,z_cross_xb_0176,cross_pdf,4395072,4bf4340ebf7e3741c94b86863eaa85c53c15ab7df83e846e9ade9a3b98a21829,True
data/pdfs/z_cross_xb_0177.pdf,z_cross_xb_0177,cross_pdf,1766707,d2584bbff9bbf5fdedbe47c11cd805e4b20ce503b590a76bd7c07e5c6b59f1f0,False
data/pdfs/z_cross_xb_0178.pdf,z_cross_xb_0178,cross_pdf,3080728,28f7c4d8e13a8624fef9c81e055426ed5fb5f82bf6c66079d6f32c3004a1d04e,True
data/pdfs/z_cross_xb_0179.pdf,z_cross_xb_0179,cross_pdf,11968173,ee116de56e23e6aaf94138b4ccbd284baf461b1dd2eab34455b3a8eedcdead15,False
data/pdfs/z_cross_xb_0180.pdf,z_cross_xb_0180,cross_pdf,11949086,42cec122f9862b1839766940366edde50689cdc8bce7859a87feab75c98c1f94,False
data/pdfs/z_cross_xb_0181.pdf,z_cross_xb_0181,cross_pdf,17144767,34dfc5f52704938de35c8db625b4b15b5ddb7eaa59ce1fd7413a39c6ffca9813,False
data/pdfs/z_cross_xb_0182.pdf,z_cross_xb_0182,cross_pdf,8207686,6548fb1770f02f86478d7c4aba03c4b88c84b4f779c79552122014c9d98180eb,False
data/pdfs/z_cross_xb_0183.pdf,z_cross_xb_0183,cross_pdf,10191375,01cd6cd58630a1aefae3267c78cce56b1c5654871f985de712b06b6555a28085,True
data/pdfs/z_cross_xb_0184.pdf,z_cross_xb_0184,cross_pdf,22764518,87d05797d3815459aefccccf0b08cc8428671fb30854f62edc21c5f441977a93,True
data/pdfs/z_cross_xb_0185.pdf,z_cross_xb_0185,cross_pdf,22599411,c30be89a48ed5c9bd098ebea5bf126ce28090783bcb70c066577ef340be25837,False
data/pdfs/z_cross_xb_0186.pdf,z_cross_xb_0186,cross_pdf,20342209,a23ee3a8ca0a99823047da7cb4be76ef6ba8a47ce48bf2af5541dbe428fb99de,False
data/pdfs/z_cross_xb_0187.pdf,z_cross_xb_0187,cross_pdf,1248291,69023ba87be723d7f4b281620f451cad85351d390df175217f9edfa7b25f6d28,False
data/pdfs/z_cross_xb_0188.pdf,z_cross_xb_0188,cross_pdf,6794795,928cdc5ce448c8dd3e535a466b9b991ddef779f74fedb51ac4eece8808771b1a,True
data/pdfs/z_cross_xb_0189.pdf,z_cross_xb_0189,cross_pdf,15057539,2ae660d0d86e96c27732eaebc0f8ff066662d31f1723f0b9fa51236943931a53,False
data/pdfs/z_cross_xb_0190.pdf,z_cross_xb_0190,cross_pdf,16684822,6eefd0c4cab0e9b3204814385977d6931460c0065e6f7199b614c76e20ff2b83,False
data/pdfs/z_cross_xb_0191.pdf,z_cross_xb_0191,cross_pdf,11737816,9cbfc71aa7afb4f09e6ddcfd15d16d4380676b3252f4669b1618dfa925cf730c,False
data/pdfs/z_cross_xb_0192.pdf,z_cross_xb_0192,cross_pdf,4657887,e9eb42c8d47de184574681881916ef121e90f1e6e06112616c88a0cee64fd400,False
data/pdfs/z_cross_xb_0193.pdf,z_cross_xb_0193,cross_pdf,5566526,eb91a565368158065c5a1fa52c4ea7884db66e77885bb418efefe55e372770da,False
data/pdfs/z_cross_xb_0194.pdf,z_cross_xb_0194,cross_pdf,12791762,86b51acce7db24193961f878208fa66cca0183bb0d303301e47f2f31674948aa,True
data/pdfs/z_cross_xb_0195.pdf,z_cross_xb_0195,cross_pdf,12195015,ebc69a5226a6457c9f5379d2d9fcc74b4f98e69476482c13d193ef1dfb693d1a,False
data/pdfs/z_cross_xb_0196.pdf,z_cross_xb_0196,cross_pdf,10428153,c105bd8cf37cd11437bf79f195108ef4efe9dc1c6ee14dd3d3eb2b67c71e62a0,True
data/pdfs/z_cross_xb_0197.pdf,z_cross_xb_0197,cross_pdf,3385179,832bbe67df89aba858a0f3380564404f4bbd0c48c5ae4b5e8bab8577bd18f93d,False
data/pdfs/z_cross_xb_0198.pdf,z_cross_xb_0198,cross_pdf,2705644,9f3c20093acde650ac14ebb7e221bd2b963efd372540eaa510bf08bc7b2eff52,False
data/pdfs/z_cross_xb_0199.pdf,z_cross_xb_0199,cross_pdf,4231470,be9b85b04f18e87b7b010ca938c193f83b111b4182be233f3542dd87e1a5bffa,False
data/pdfs/z_cross_xb_0200.pdf,z_cross_xb_0200,cross_pdf,12188961,4f344cb8e780aaccc5290bd534ca4c8596a3efc1ddd1bb846cdda5f1f0d51833,False
data/pdfs/z_cross_xb_0201.pdf,z_cross_xb_0201,cross_pdf,12218275,a1585d3962e24cbc10e77898c188f36280340df057d6c2be6383f725c2059eff,False
data/pdfs/z_cross_xb_0202.pdf,z_cross_xb_0202,cross_pdf,10446842,3593396ed10d93a5c4dcb1a6787a812749069eb94ae24485b29bc71b81d003d6,False
data/pdfs/z_cross_xb_0203.pdf,z_cross_xb_0203,cross_pdf,2103454,897d7f1d6357c61cbd91472f3b4bd05ffe02bbcd0a1723541d84ab1f4846c435,False
data/pdfs/z_cross_xb_0204.pdf,z_cross_xb_0204,cross_pdf,3156363,2cbd8b7915a5e2d64d35ada76f023a2b5fa978d41569280b12783bd42a1938f9,True
data/pdfs/z_cross_xb_0205.pdf,z_cross_xb_0205,cross_pdf,4615267,d422417e4291f8c79002465b044aeec953d7f92c86b6f4bdc3516bbe2c0f4095,True
data/pdfs/z_cross_xb_0206.pdf,z_cross_xb_0206,cross_pdf,10315333,2bd58176576718b92b626108399794a8aec03538896743ee74b396d56bf526d7,True
data/pdfs/z_cross_xb_0207.pdf,z_cross_xb_0207,cross_pdf,10684706,c5241c912a228fa2a32c4867871d760bf63e05fa2ee7268344df9d011be696f8,True
data/pdfs/z_cross_xb_0208.pdf,z_cross_xb_0208,cross_pdf,8888488,360db1107a86bc7c59144cac60888677921065ee22e96d4aa7f961ca0171338b,False
data/pdfs/z_cross_xb_0209.pdf,z_cross_xb_0209,cross_pdf,8105463,6fd92087840a67897dd0244f5bb7d7994ac91fd9089138f95115982a075a89bc,True
data/pdfs/z_cross_xb_0210.pdf,z_cross_xb_0210,cross_pdf,7329033,74eff177878eb663c6a3a71a67ca21e9db93ee2b936e4451a828525912468269,False
data/pdfs/z_cross_xb_0211.pdf,z_cross_xb_0211,cross_pdf,7040266,969f637dc7730eb3e53b2e76e82977418edace9a7bee768aea3d95683f3b47d6,False
data/pdfs/z_cross_xb_0212.pdf,z_cross_xb_0212,cross_pdf,1806881,d0b6b45e14954de7867ee8d3066451ee77ecd2a3382323ef314fa30494294080,False
data/pdfs/z_cross_xb_0213.pdf,z_cross_xb_0213,cross_pdf,2563036,933d0559c640ead7a9e9fc7ff32ad74274489f861d26790336081e86b55d57f8,False
data/pdfs/z_cross_xb_0214.pdf,z_cross_xb_0214,cross_pdf,13913237,46a48386648d03fecb8bff48e69bd8f3b1047a956f944ca64e4ffcf8946416e7,False
data/pdfs/z_cross_xb_0215.pdf,z_cross_xb_0215,cross_pdf,42121808,99f5bb4318aa5e80acd7548b0227c3a0515aceb6216bca58f8d56de26df272e7,False
data/pdfs/z_cross_xb_0216.pdf,z_cross_xb_0216,cross_pdf,74678317,7ae1d818ab0f6fc55766276662bc4da88be19e225dd58181eeeb85582cd1d186,True
data/pdfs/z_cross_xb_0217.pdf,z_cross_xb_0217,cross_pdf,63664905,66982578da4e4609ed15c15f958ebd7368d7daa23374f15908a768a02da3e03e,True
data/pdfs/z_cross_xb_0218.pdf,z_cross_xb_0218,cross_pdf,35880998,1e0c9704fd5a1097511d6ef22263fd0c89fcb4b78a3510cd301ce3dd7d33c4c1,False
data/pdfs/z_cross_xb_0219.pdf,z_cross_xb_0219,cross_pdf,9095539,d64c84574a31ebcf511d2cbd78e45fda074f772c87c8f78c4fd8f2be751b290c,True
data/pdfs/z_cross_xb_0220.pdf,z_cross_xb_0220,cross_pdf,2925197,4173b00db716d073ed51d9104854f2fa0ebf8e2dc642ed8297330bbbd32d7aec,True
data/pdfs/z_cross_xb_0221.pdf,z_cross_xb_0221,cross_pdf,2948483,cd8ad91e95254111ba6c6ed1b5ddfddf90be4c2abcaefefd6de37ec7c2ed422f,False
data/pdfs/z_cross_xb_0222.pdf,z_cross_xb_0222,cross_pdf,18601667,e7ce42eb2104c57a585c7697bc7a42b886c4e3f4a43f58c652cb08ee3f9bf845,True
data/pdfs/z_cross_xb_0223.pdf,z_cross_xb_0223,cross_pdf,21922100,8f027d44c0e8a9ae3aa516dec80d0bcdfae8e46ac0c27030ff65b71e36433217,False
data/pdfs/z_cross_xb_0224.pdf,z_cross_xb_0224,cross_pdf,9721162,9b0835fd35fd740e523285beea9d8372712c894a83e4ced89ef3403fd355fc4c,True
data/pdfs/z_cross_xb_0225.pdf,z_cross_xb_0225,cross_pdf,5497323,bd1632a66c4ec3bba81742089b6e27e727c368cac59e2594cd867787ecc56348,False
data/pdfs/z_cross_xb_0226.pdf,z_cross_xb_0226,cross_pdf,1531156,6e23f4831f52778cda4f1f06c2bf11446a9e7e6071eb1992be533f6c65b9c4b8,True
data/pdfs/z_cross_xb_0227.pdf,z_cross_xb_0227,cross_pdf,6620922,220cca7c64254e37dca415a76cea9d27cbeeeef662bc071308d2ae0f272841b8,False
data/pdfs/z_cross_xb_0228.pdf,z_cross_xb_0228,cross_pdf,7232121,dedc324ea73b9e72dca8636465dba89b74c6e8738789aa8ac82cd5eaf04dfd76,False
data/pdfs/z_cross_xb_0229.pdf,z_cross_xb_0229,cross_pdf,4681091,ae2a3367ff8bff0fd74eca21c06630c6b87e1c9e277a6cd7b0444e74d5914a63,False
data/pdfs/z_cross_xb_0230.pdf,z_cross_xb_0230,cross_pdf,4857397,82bcd63dc2a14681d5b88c85dc149f935ead23c18c815c95668e28c24b5e9a7d,True
data/pdfs/z_cross_xb_0231.pdf,z_cross_xb_0231,cross_pdf,5760353,e4e8a0c17af1203099db325c9514cf2935f83bba7a74867b2b732c77130d4e08,True
data/pdfs/z_cross_xb_0232.pdf,z_cross_xb_0232,cross_pdf,7768995,1b85411d56ba2ebeae9ceca18513a65cab018c83089ff45c015dd72e47fe038c,True
data/pdfs/z_cross_xb_0233.pdf,z_cross_xb_0233,cross_pdf,4902871,a0597d4fe9ce2db952294ff61c149f9072017df7277a40f64896849c3881771d,True
data/pdfs/z_cross_xb_0234.pdf,z_cross_xb_0234,cross_pdf,11890994,3f3cb5cc616297c244ff7c765673117c191b5435471872d859fd501263a18636,True
data/pdfs/z_cross_xb_0235.pdf,z_cross_xb_0235,cross_pdf,13268156,1a5ff86cad2b66304e4986adceac4d1ef322db2c23f6431b0b3d67b6243488e0,True
data/pdfs/z_cross_xb_0236.pdf,z_cross_xb_0236,cross_pdf,4175503,e1621b502a8cd923a53e4fe24a8e9242e3ead1088ff9851fc672ee59f050e09a,True
data/pdfs/z_cross_xb_0237.pdf,z_cross_xb_0237,cross_pdf,10892159,60b0c04f77ad34ecd79670734a486bd7587f3e2c33d42876843e24a76210722d,False
data/pdfs/z_cross_xb_0238.pdf,z_cross_xb_0238,cross_pdf,12684009,b5fdef14b7859fe485cca221e1d21ef01f95f149e001bc515c3739492bf46b9d,False
data/pdfs/z_cross_xb_0239.pdf,z_cross_xb_0239,cross_pdf,10144087,5a2ef714c3a61823f173756f948be1cd052815ccb1dfca724f0bfcc1cda6fe60,True
data/pdfs/z_cross_xb_0240.pdf,z_cross_xb_0240,cross_pdf,7100911,3cf7c4b73042a6cd2ba940ba8c6b64d507227e37ac7036dd32c697dde652074b,True
data/pdfs/z_cross_xb_0241.pdf,z_cross_xb_0241,cross_pdf,969456,b5c3c0e958b7cdbb152af908d4bb29349ab59cd7e6a6217edf86a759ba95b3fb,False
data/pdfs/z_cross_xb_0242.pdf,z_cross_xb_0242,cross_pdf,2586592,f83b8eca4a4fb8718f3099138c679925f51b3b41e9016a02fc63912c1ab477a4,False
data/pdfs/z_cross_xb_0243.pdf,z_cross_xb_0243,cross_pdf,4310782,a6f3b24b83eb7302d48ed092ba63e365b020f262e514ff45e42f7c3f75e2176e,False
data/pdfs/z_cross_xb_0244.pdf,z_cross_xb_0244,cross_pdf,3368419,d17cf04ee4872f6f69061e9c5547a1fc9878901893e74c2520345cf89a6893f3,False
data/pdfs/z_cross_xb_0245.pdf,z_cross_xb_0245,cross_pdf,2103946,cbc61ac9dcc6b947fc24348785f919b9a4fa376d2de9db80dc14954c0a25f6c5,False
data/pdfs/z_cross_xb_0246.pdf,z_cross_xb_0246,cross_pdf,2484212,a0be74383e6c459485473e29d5c5a09508c88f2dfa00e0243ee31f6f2fd80845,True
data/pdfs/z_cross_xb_0247.pdf,z_cross_xb_0247,cross_pdf,2845616,6176af5f6e2c6b7fbe782aa2211fa47a2d0e9914c76e5405bf418728bf562b55,False
data/pdfs/z_cross_xb_0248.pdf,z_cross_xb_0248,cross_pdf,2580420,1c8430269f7e9854f6333a37942e8a9e9dafa312421f2e92a146f5d25060d56a,True
data/pdfs/z_cross_xb_0249.pdf,z_cross_xb_0249,cross_pdf,3022814,1a5932e6927ab28da8fada684071a5e470a6c966b6b0c03c2d7bcdeb54e9c04d,True
data/pdfs/z_cross_xb_0250.pdf,z_cross_xb_0250,cross_pdf,4330882,8160d78aab7f6ed703297bd6c0af534772511819a92b6e1e4d5f3dc6a3c20f24,True
data/pdfs/z_cross_xb_0251.pdf,z_cross_xb_0251,cross_pdf,3899093,442bc0b687a9eb3c9d92bf06ed280536b5f380f069cecd98f73a6fecab21db82,False
data/pdfs/z_cross_xb_0252.pdf,z_cross_xb_0252,cross_pdf,5340172,0bca6f93ec24bfd454c9b6de52a1422a60f548e24d41653699988266278b90fc,True
data/pdfs/z_cross_xb_0253.pdf,z_cross_xb_0253,cross_pdf,5143351,5a85e9718af47b8a9844869f53d40fc3b0be98c569664aa52744d2340fdf4ed1,True
data/pdfs/z_cross_xb_0254.pdf,z_cross_xb_0254,cross_pdf,3607064,1acbe954d48a68ee18d1910ca62964ec0c4be9b39b39fdef2d34a4beb1cfef59,True
data/pdfs/z_cross_xb_0255.pdf,z_cross_xb_0255,cross_pdf,5022742,fc19664af50696f2fffb9baeaf90358518e48638dba01e8bd7362f58ce9fd1f6,False
data/pdfs/z_cross_xb_0256.pdf,z_cross_xb_0256,cross_pdf,3419254,fd4dfd62189ee6fccc72fbd455bd0ca9739c68aaa758d467576a859f59a1178a,False
data/pdfs/z_cross_xb_0257.pdf,z_cross_xb_0257,cross_pdf,3875647,a533c3b27114a4b0ab7d500cee48cba4ab65e6897b7cc8bb8289d4581d749f31,True
data/pdfs/z_cross_xb_0258.pdf,z_cross_xb_0258,cross_pdf,4909411,a59e35f8082c750a07a77d16f25f4ec650005d86972b1f295c0107b188154ad6,False
data/pdfs/z_cross_xb_0259.pdf,z_cross_xb_0259,cross_pdf,2359410,b34c72291ec0b3f5f723febc6edc301542ed58bea6197c9652f29c1c04d23af7,True
data/pdfs/z_cross_xb_0260.pdf,z_cross_xb_0260,cross_pdf,10430680,8219debcb10311723989dec3906a7859a3766820b2b9ff369dffb103aeff1b2b,True
data/pdfs/z_cross_xb_0261.pdf,z_cross_xb_0261,cross_pdf,13032452,716ed6b495e2f6136237b69e9dd39cd79aded565a18d84f9123a0db2ed1159ab,True
data/pdfs/z_cross_xb_0262.pdf,z_cross_xb_0262,cross_pdf,4924502,e5a3d501c2e7184465bdd3de00a53687012f56ece96dac99faea1f81dcbc4ec4,False
data/pdfs/z_cross_xb_0263.pdf,z_cross_xb_0263,cross_pdf,5250630,bc643cc7bb714a8491f36d5ac132853b8da9b3ee54c03724fa8fe390c27f0edd,True
data/pdfs/z_cross_xb_0264.pdf,z_cross_xb_0264,cross_pdf,4382246,df5f3f9ee0e508fffaf0f05d894b431c7c5b1ce3a5ce0cad4cf8bcbdaffe6963,True
data/pdfs/z_cross_xb_0265.pdf,z_cross_xb_0265,cross_pdf,3072075,bf553d253652a23b8cd241f0aacd35ceabf5c654bf4c92fd0ded143625d8e4dc,False
data/pdfs/z_cross_xb_0266.pdf,z_cross_xb_0266,cross_pdf,3227277,497d59fc7cf92b0ca4530667411987d4d228bd3d42e3aad15ca8cad44623ffbf,False
data/pdfs/z_cross_xb_0267.pdf,z_cross_xb_0267,cross_pdf,1883450,cddcdfcbf9de526e4d0db3eea98986bf720205f2bbc369f6bd8b5a22e83d4307,True
data/pdfs/z_cross_xb_0268.pdf,z_cross_xb_0268,cross_pdf,8987381,3ab47f689a220a74270f5013f34cea8c5fc1c182c65d20ddfe032f584df97329,False
data/pdfs/z_cross_xb_0269.pdf,z_cross_xb_0269,cross_pdf,11561724,409aa94437e18903bd4acd40aab58f86346cca13b5bb0c986a0e5624077c96e7,False
data/pdfs/z_cross_xb_0270.pdf,z_cross_xb_0270,cross_pdf,14905384,1edd59e850d6a533e3d5aed01cfc69e9cf8ad7aa701157538875eba50af793ed,False
data/pdfs/z_cross_xb_0271.pdf,z_cross_xb_0271,cross_pdf,17052211,3e3e9c35a6d084e1cc93233d204503ac90ffd64655ad38449e7bb06e6f575505,False
data/pdfs/z_cross_xb_0272.pdf,z_cross_xb_0272,cross_pdf,8410338,e55be34397da67c8bbb29c10034658ed8cb7ce027405c96afd2c241d21681e19,False
data/pdfs/z_cross_xb_0273.pdf,z_cross_xb_0273,cross_pdf,9277314,376ea9704d3fe6ae01da76e7ab96902536b4920baf6c4b536bf7608e0264634e,True
data/pdfs/z_cross_xb_0274.pdf,z_cross_xb_0274,cross_pdf,7676076,37ead9cb6a3920e6e8ff06d1412b77634fdc856de1cb783cf67381e67831e1cc,True
data/pdfs/z_cross_xb_0275.pdf,z_cross_xb_0275,cross_pdf,8559603,e2a0bcd63337a34b47e7773e6d2aca633ff5e5c407663d4cade6f90139ff3d11,True
data/pdfs/z_cross_xb_0276.pdf,z_cross_xb_0276,cross_pdf,6911385,e1489e7e06f6c31e25a23361aa9986a7cbbdfa71a9cdb0e93b4b8241da843206,False
data/pdfs/z_cross_xb_0277.pdf,z_cross_xb_0277,cross_pdf,6852616,193c6d2e1dbcd9db6485618010d36d6234498f22adb5e30a0a5a3a8cfc3f5ca5,False
data/pdfs/z_cross_xb_0278.pdf,z_cross_xb_0278,cross_pdf,13344037,94fce4f6488d82adc5add01e03d6a1d1bc99548b735ff5fa65174e5943b68081,True
data/pdfs/z_cross_xb_0279.pdf,z_cross_xb_0279,cross_pdf,11854874,a31a0733f8a883fa423f0dda0de12efb355b4d8195b99fada629093253da709b,False
data/pdfs/z_cross_xb_0280.pdf,z_cross_xb_0280,cross_pdf,11925517,54a671523d8dcd4d2a0c86b910ae3a34401ffa78cc8a0866f89213723f97b32a,True
data/pdfs/z_cross_xb_0281.pdf,z_cross_xb_0281,cross_pdf,4107720,de951dcd4f59a8343be1c23b3b13bbcc05ec8e9c2cf10840915bcf6ba0db6dd5,False
data/pdfs/z_cross_xb_0282.pdf,z_cross_xb_0282,cross_pdf,8284336,0359f681dee2e576f96d64df718fc9d2f13effc15e3b783a7a92ddb6951eeb25,True
data/pdfs/z_cross_xb_0283.pdf,z_cross_xb_0283,cross_pdf,6975950,bdd810ed452cf398ce98246ee0b89a946dacbc52762d38d87c976cd85324b2f4,False
data/pdfs/z_cross_xb_0284.pdf,z_cross_xb_0284,cross_pdf,6925046,39c29eddf6ff6194255e1d21dfee021b9038a063f09c28e2cfefd5a7d17556e8,False
data/pdfs/z_cross_xb_0285.pdf,z_cross_xb_0285,cross_pdf,2517953,381091637cb89ec65c86a9668a3d14eece5b1e8b181163c8767778e7aba346c5,False
data/pdfs/z_cross_xb_0286.pdf,z_cross_xb_0286,cross_pdf,2683494,48b040453919f9d5f07f375579ff90382567c353d58856ae26a18b46c141bb78,False
data/pdfs/z_cross_xb_0287.pdf,z_cross_xb_0287,cross_pdf,3498918,e4b3bd45a714c596ed6d003aa81f79688c67cf68d91f4cefcc86be795873f8c0,False
data/pdfs/z_cross_xb_0288.pdf,z_cross_xb_0288,cross_pdf,2592736,11b7365985923f3d49c0b407ef1d5424da41bd1a6577a2ab90eb078640d02c4e,True
data/pdfs/z_cross_xb_0289.pdf,z_cross_xb_0289,cross_pdf,2612418,5f6d920c6a2f3da6ce67e92fef5332a0ad64ff12e30c3fc40c66572d2ce3f212,True
data/pdfs/z_cross_xb_0290.pdf,z_cross_xb_0290,cross_pdf,3207476,b3c91bfe47e097ad72c9f6eac67c67c46de63896147735caac7c8b45898dc537,True
data/pdfs/z_cross_xb_0291.pdf,z_cross_xb_0291,cross_pdf,3217814,00dbc114cc5d1a30c14b55b52a0bc7a9a81195ef05ab9b1826336ec7f74b5d20,True
data/pdfs/z_cross_xb_0292.pdf,z_cross_xb_0292,cross_pdf,3918748,9a35b1e3205b7336a2f2e2a35bd419a71938128784fc3693f210099996967acf,True
data/pdfs/z_cross_xb_0293.pdf,z_cross_xb_0293,cross_pdf,4560166,5cdb4b2562285641d0e213f676150686e8e6a685e18de72ae54314b4d5db5933,False
data/pdfs/z_cross_xb_0294.pdf,z_cross_xb_0294,cross_pdf,5780299,c3902c8c31077bf63321fa8fd6ca671fddba49ed426ca1e151de2c0a272bcd4d,False
data/pdfs/z_cross_xb_0295.pdf,z_cross_xb_0295,cross_pdf,5046331,3ee2f8b3657513828ede52f0c68e8488268a7171c7f769fac68e7158b8856dad,False
data/pdfs/z_cross_xb_0296.pdf,z_cross_xb_0296,cross_pdf,4088381,92fbdf1057741ad942711605a8f029ff223d90a2bc83d90df985118ca7162f35,False
data/pdfs/z_cross_xb_0297.pdf,z_cross_xb_0297,cross_pdf,1995333,b4dc0108e83815e49ca03c59486e9441b4adf674b28ec53cd3f456b14dbb2ed5,True
data/pdfs/z_cross_xb_0298.pdf,z_cross_xb_0298,cross_pdf,11289144,4465452104f6f7116c45abd7eaa4d4c34ea99d1b6f6d29198c0edfe17579721d,True
data/pdfs/z_cross_xb_0299.pdf,z_cross_xb_0299,cross_pdf,11342858,ca5fd1b106e9730c12f6bb9a9a7a109353a5c7242cbc0bb77ad7dc582f9ed4a5,False
data/pdfs/z_cross_xb_0300.pdf,z_cross_xb_0300,cross_pdf,14270933,e6c73d14714b88636e5f381cd4587a307a38b4fd78e296e9bb65cc4b54ee6523,True
