path,size_bytes,sha256,recommendation,kind,description,deletion_risk,json_shape,top_level_records,qa_count_if_dataset,parse_error
data/qa/cross_pdf/hard_expansion/audited_full_pilot_v1/bundle_manifest.json,311335,d8e2b744aef218774a103f5934ab1d57eb6c53464e42f48e9f146f9815639ad5,archive_then_delete,generation_selection_or_provenance,高难扩展、候选筛选、bundle 映射或语义复审的中间数据。,删除不改变最终 QA 内容，但会失去其生成、双审和补题来源链。,array,300,,
data/qa/cross_pdf/hard_expansion/audited_full_pilot_v1/hard_cross_pdf_candidates_10.json,36025,2b3623ad0f995f359d5ba5ea4be8c4e36f4f74c1f7c0b60117a5d0cd0cacec3d,archive_then_delete,generation_selection_or_provenance,高难扩展、候选筛选、bundle 映射或语义复审的中间数据。,删除不改变最终 QA 内容，但会失去其生成、双审和补题来源链。,object,7,9,
data/qa/cross_pdf/hard_expansion/audited_full_pilot_v1/progress.json,158,d2ce0431319dca5074003cc46d7e561773a94ba33f28d49b92b80868c30bc23d,archive_then_delete,generation_selection_or_provenance,高难扩展、候选筛选、bundle 映射或语义复审的中间数据。,删除不改变最终 QA 内容，但会失去其生成、双审和补题来源链。,object,6,,
data/qa/cross_pdf/hard_expansion/audited_full_pilot_v1/selected_bundles.json,523,187d16cc985abc6f098ea47bd9d8474a1bb11f645c9e84fa3e4c524997d5e6d6,archive_then_delete,generation_selection_or_provenance,高难扩展、候选筛选、bundle 映射或语义复审的中间数据。,删除不改变最终 QA 内容，但会失去其生成、双审和补题来源链。,array,40,,
data/qa/cross_pdf/hard_expansion/audited_full_pilot_v1/summary.json,514,956ada0c0e6481297d89f74ef52f97bc9f1610054bc2fd55afb0f0f37f147b94,archive_then_delete,generation_selection_or_provenance,高难扩展、候选筛选、bundle 映射或语义复审的中间数据。,删除不改变最终 QA 内容，但会失去其生成、双审和补题来源链。,object,13,,
data/qa/cross_pdf/hard_expansion/bundle_manifest.json,311335,d8e2b744aef218774a103f5934ab1d57eb6c53464e42f48e9f146f9815639ad5,archive_then_delete,generation_selection_or_provenance,高难扩展、候选筛选、bundle 映射或语义复审的中间数据。,删除不改变最终 QA 内容，但会失去其生成、双审和补题来源链。,array,300,,
data/qa/cross_pdf/hard_expansion/cross_pdf_pilot_clean_2.json,12921,54d712fd3d4edb46ac9afca000e9808c288be87d72758f5c109dd8da5cbc8fe5,archive_then_delete,generation_selection_or_provenance,高难扩展、候选筛选、bundle 映射或语义复审的中间数据。,删除不改变最终 QA 内容，但会失去其生成、双审和补题来源链。,object,2,2,
data/qa/cross_pdf/hard_expansion/full_v2_audited_facts/bundle_manifest.json,311335,d8e2b744aef218774a103f5934ab1d57eb6c53464e42f48e9f146f9815639ad5,archive_then_delete,generation_selection_or_provenance,高难扩展、候选筛选、bundle 映射或语义复审的中间数据。,删除不改变最终 QA 内容，但会失去其生成、双审和补题来源链。,array,300,,
data/qa/cross_pdf/hard_expansion/full_v2_audited_facts/gpu_pool_state.json,1485,d26d9c6537d8dc0a9d630e2d541a74b69573b0a8e434b0ab29e2f35f58c48729,archive_then_delete,generation_selection_or_provenance,高难扩展、候选筛选、bundle 映射或语义复审的中间数据。,删除不改变最终 QA 内容，但会失去其生成、双审和补题来源链。,object,20,,
data/qa/cross_pdf/hard_expansion/full_v2_audited_facts/hard_cross_pdf_candidates_800.json,21779,d6dca19169b2b7dc50d302e8db2adb9c385013b0c341d48dbb2c2f251f477b41,archive_then_delete,generation_selection_or_provenance,高难扩展、候选筛选、bundle 映射或语义复审的中间数据。,删除不改变最终 QA 内容，但会失去其生成、双审和补题来源链。,object,3,4,
data/qa/cross_pdf/hard_expansion/full_v2_audited_facts/progress.json,157,455c6caa4b288f09424c2c8cbde53938dab78475a24737eb5ccf271b4ddb1561,archive_then_delete,generation_selection_or_provenance,高难扩展、候选筛选、bundle 映射或语义复审的中间数据。,删除不改变最终 QA 内容，但会失去其生成、双审和补题来源链。,object,6,,
data/qa/cross_pdf/hard_expansion/full_v2_audited_facts/selected_bundles.json,1680,38d6c1486c1f740f784e02dceb3b1a8d3411ab9a24b818d1dee6289eaa82f5bf,archive_then_delete,generation_selection_or_provenance,高难扩展、候选筛选、bundle 映射或语义复审的中间数据。,删除不改变最终 QA 内容，但会失去其生成、双审和补题来源链。,array,129,,
data/qa/cross_pdf/hard_expansion/full_v2_audited_facts/summary.json,454,7bef5b50921d5c340a73e2790829a36a6d33b4947aeb566e110f7fefd09924df,archive_then_delete,generation_selection_or_provenance,高难扩展、候选筛选、bundle 映射或语义复审的中间数据。,删除不改变最终 QA 内容，但会失去其生成、双审和补题来源链。,object,13,,
data/qa/cross_pdf/hard_expansion/full_v2_audited_keep/bundle_manifest.json,311335,d8e2b744aef218774a103f5934ab1d57eb6c53464e42f48e9f146f9815639ad5,archive_then_delete,generation_selection_or_provenance,高难扩展、候选筛选、bundle 映射或语义复审的中间数据。,删除不改变最终 QA 内容，但会失去其生成、双审和补题来源链。,array,300,,
data/qa/cross_pdf/hard_expansion/full_v2_audited_keep/gpu_pool_state.json,55933,f5f625883402351a3a133f5f9b2dca9e9e797a12b1a3e1d79ebabe109623ff55,archive_then_delete,generation_selection_or_provenance,高难扩展、候选筛选、bundle 映射或语义复审的中间数据。,删除不改变最终 QA 内容，但会失去其生成、双审和补题来源链。,object,20,,
data/qa/cross_pdf/hard_expansion/full_v2_audited_keep/hard_cross_pdf_candidates_350.json,1966193,d597d61b4c492fd639027bdbc0464e05ab545470b7416d078a38ad8ae16e9734,archive_then_delete,generation_selection_or_provenance,高难扩展、候选筛选、bundle 映射或语义复审的中间数据。,删除不改变最终 QA 内容，但会失去其生成、双审和补题来源链。,object,99,350,
data/qa/cross_pdf/hard_expansion/full_v2_audited_keep/hard_cross_pdf_candidates_800.json,23878,b9f7ba60f48ac6512322bcfcb8f6b53fd14d75b7602a4234c4c6535ef0adc1a0,archive_then_delete,generation_selection_or_provenance,高难扩展、候选筛选、bundle 映射或语义复审的中间数据。,删除不改变最终 QA 内容，但会失去其生成、双审和补题来源链。,object,4,4,
data/qa/cross_pdf/hard_expansion/full_v2_audited_keep/progress.json,158,7bfba6a6897a77299675c8e09a505f884ac195fa93fdf415e44c2ef89cb854a0,archive_then_delete,generation_selection_or_provenance,高难扩展、候选筛选、bundle 映射或语义复审的中间数据。,删除不改变最终 QA 内容，但会失去其生成、双审和补题来源链。,object,6,,
data/qa/cross_pdf/hard_expansion/full_v2_audited_keep/selected_bundles.json,1342,ccd9cf1ad4a7d3b1e30164bd48144e9a5d09c5ead32c7f05e03cef0dc3d48383,archive_then_delete,generation_selection_or_provenance,高难扩展、候选筛选、bundle 映射或语义复审的中间数据。,删除不改变最终 QA 内容，但会失去其生成、双审和补题来源链。,array,103,,
data/qa/cross_pdf/hard_expansion/full_v2_audited_keep/summary.json,591,abd21b32f72abc18c25a65fd865898f4c6fc37cc7bc4fdf109700495ea6cde53,archive_then_delete,generation_selection_or_provenance,高难扩展、候选筛选、bundle 映射或语义复审的中间数据。,删除不改变最终 QA 内容，但会失去其生成、双审和补题来源链。,object,13,,
data/qa/cross_pdf/hard_expansion/full_v2_evidence_facts/bundle_manifest.json,311335,d8e2b744aef218774a103f5934ab1d57eb6c53464e42f48e9f146f9815639ad5,archive_then_delete,generation_selection_or_provenance,高难扩展、候选筛选、bundle 映射或语义复审的中间数据。,删除不改变最终 QA 内容，但会失去其生成、双审和补题来源链。,array,300,,
data/qa/cross_pdf/hard_expansion/full_v2_evidence_facts/gpu_pool_state.json,1484,dcc9bd9f85d01e2a7d228e3ccfee1c5453dedbd8489d4293a0566990c0bb75e2,archive_then_delete,generation_selection_or_provenance,高难扩展、候选筛选、bundle 映射或语义复审的中间数据。,删除不改变最终 QA 内容，但会失去其生成、双审和补题来源链。,object,20,,
data/qa/cross_pdf/hard_expansion/full_v2_evidence_facts/hard_cross_pdf_candidates_250.json,3,ca3d163bab055381827226140568f3bef7eaac187cebd76878e0b63e9e442356,archive_then_delete,generation_selection_or_provenance,高难扩展、候选筛选、bundle 映射或语义复审的中间数据。,删除不改变最终 QA 内容，但会失去其生成、双审和补题来源链。,object,0,,
data/qa/cross_pdf/hard_expansion/full_v2_evidence_facts/progress.json,158,3cb2bdccdf5cc22a8923eb3133e1dc40eedc318806177764673f5c1134493a92,archive_then_delete,generation_selection_or_provenance,高难扩展、候选筛选、bundle 映射或语义复审的中间数据。,删除不改变最终 QA 内容，但会失去其生成、双审和补题来源链。,object,6,,
data/qa/cross_pdf/hard_expansion/full_v2_evidence_facts/selected_bundles.json,913,79f99a7d0cd8544d3b73b3e5d7275e838c9cee72f42f516180eb4a757c509019,archive_then_delete,generation_selection_or_provenance,高难扩展、候选筛选、bundle 映射或语义复审的中间数据。,删除不改变最终 QA 内容，但会失去其生成、双审和补题来源链。,array,70,,
data/qa/cross_pdf/hard_expansion/full_v2_evidence_facts/summary.json,392,71e043bc27f04ded0e6372850b431d65d8f8cb9f58ffb2a3a8e429724057735c,archive_then_delete,generation_selection_or_provenance,高难扩展、候选筛选、bundle 映射或语义复审的中间数据。,删除不改变最终 QA 内容，但会失去其生成、双审和补题来源链。,object,13,,
data/qa/cross_pdf/hard_expansion/full_v2_pool_config.json,1696,9a404dc9976f3e60842fdcc66c4157854a9810dbaad8a3e4440e836f4711d9f1,archive_then_delete,generation_selection_or_provenance,高难扩展、候选筛选、bundle 映射或语义复审的中间数据。,删除不改变最终 QA 内容，但会失去其生成、双审和补题来源链。,object,1,,
data/qa/cross_pdf/hard_expansion/full_v3_global/bundle_manifest.json,290435,5d5ffa8b5dcdd11713fc4fa902f5eec3b30456afb50c73c7ae71e5016445c762,archive_then_delete,generation_selection_or_provenance,高难扩展、候选筛选、bundle 映射或语义复审的中间数据。,删除不改变最终 QA 内容，但会失去其生成、双审和补题来源链。,array,240,,
data/qa/cross_pdf/hard_expansion/full_v3_global/gpu_pool_state.json,15701,255aa41c17756d7828bf43f1027b99dca8fb1c6d8df41d62f5f4019f5ad90754,archive_then_delete,generation_selection_or_provenance,高难扩展、候选筛选、bundle 映射或语义复审的中间数据。,删除不改变最终 QA 内容，但会失去其生成、双审和补题来源链。,object,20,,
data/qa/cross_pdf/hard_expansion/full_v3_global/hard_cross_pdf_candidates_900.json,90698,cb98e328fec5151f248154aeebf7a0f8a0e2a5c08415431bcbc1ed3a1f94f4e3,archive_then_delete,generation_selection_or_provenance,高难扩展、候选筛选、bundle 映射或语义复审的中间数据。,删除不改变最终 QA 内容，但会失去其生成、双审和补题来源链。,object,17,23,
data/qa/cross_pdf/hard_expansion/full_v3_global/progress.json,161,d1bec98710db23b60cb25187c19bc3122542e38e5ce8cbbca94fef396e396be2,archive_then_delete,generation_selection_or_provenance,高难扩展、候选筛选、bundle 映射或语义复审的中间数据。,删除不改变最终 QA 内容，但会失去其生成、双审和补题来源链。,object,6,,
data/qa/cross_pdf/hard_expansion/full_v3_global/selected_bundles.json,2257,a5bc1559d42a725c326ea4e1b738a7c824e1870873a0dc5038d7b7fcc4fb7c74,archive_then_delete,generation_selection_or_provenance,高难扩展、候选筛选、bundle 映射或语义复审的中间数据。,删除不改变最终 QA 内容，但会失去其生成、双审和补题来源链。,array,161,,
data/qa/cross_pdf/hard_expansion/full_v3_global/summary.json,600,eb24a8c175c575a45b15e1e19dd39e09735857b825eccf3cd67b16a934c7e5ac,archive_then_delete,generation_selection_or_provenance,高难扩展、候选筛选、bundle 映射或语义复审的中间数据。,删除不改变最终 QA 内容，但会失去其生成、双审和补题来源链。,object,13,,
data/qa/cross_pdf/hard_expansion/full_v4_api/bundle_manifest.json,724865,f9d1ead3c46e9e23a703cf10ca672d323e072315bc5d7fdd3cd1f2767d967aa3,archive_then_delete,generation_selection_or_provenance,高难扩展、候选筛选、bundle 映射或语义复审的中间数据。,删除不改变最终 QA 内容，但会失去其生成、双审和补题来源链。,array,600,,
data/qa/cross_pdf/hard_expansion/full_v4_api/hard_cross_pdf_candidates_2400.json,329649,7b5d5746722a83b1bad451485ea1524fde6ae5fbf188cc31026a6fd798b1d30b,archive_then_delete,generation_selection_or_provenance,高难扩展、候选筛选、bundle 映射或语义复审的中间数据。,删除不改变最终 QA 内容，但会失去其生成、双审和补题来源链。,object,75,77,
data/qa/cross_pdf/hard_expansion/full_v4_api/hard_cross_pdf_candidates_3500.json,12988872,0fdd74214e38371f318e7d2908d32f60e2ef3e12ee6a7494264b01d2b34b35f8,archive_then_delete,generation_selection_or_provenance,高难扩展、候选筛选、bundle 映射或语义复审的中间数据。,删除不改变最终 QA 内容，但会失去其生成、双审和补题来源链。,object,384,3500,
data/qa/cross_pdf/hard_expansion/full_v4_api/progress.json,160,36c83ab9e3380e00ea0b8d36e23a19d2d0f95c008c0d61855caca2bc3426cd31,archive_then_delete,generation_selection_or_provenance,高难扩展、候选筛选、bundle 映射或语义复审的中间数据。,删除不改变最终 QA 内容，但会失去其生成、双审和补题来源链。,object,6,,
data/qa/cross_pdf/hard_expansion/full_v4_api/selected_bundles.json,5393,9496dcbe83ffcfd98ed027aafbe21cc947bcf24e30bbd7e81ba36ae23eea962b,archive_then_delete,generation_selection_or_provenance,高难扩展、候选筛选、bundle 映射或语义复审的中间数据。,删除不改变最终 QA 内容，但会失去其生成、双审和补题来源链。,array,385,,
data/qa/cross_pdf/hard_expansion/full_v4_api/summary.json,621,cf9f2daa63521b95e0b389a803e7231b1e1acb0613d9485c42d09e72c77ab0af,archive_then_delete,generation_selection_or_provenance,高难扩展、候选筛选、bundle 映射或语义复审的中间数据。,删除不改变最终 QA 内容，但会失去其生成、双审和补题来源链。,object,13,,
data/qa/cross_pdf/hard_expansion/full_v4_api_three_doc/bundle_manifest.json,724865,f9d1ead3c46e9e23a703cf10ca672d323e072315bc5d7fdd3cd1f2767d967aa3,archive_then_delete,generation_selection_or_provenance,高难扩展、候选筛选、bundle 映射或语义复审的中间数据。,删除不改变最终 QA 内容，但会失去其生成、双审和补题来源链。,array,600,,
data/qa/cross_pdf/hard_expansion/full_v4_api_three_doc/hard_cross_pdf_candidates_1000.json,229854,3bff2c4661433fb900abb76fc8f6a9b48e44bc5f0417f2553ce1196dfef75db3,archive_then_delete,generation_selection_or_provenance,高难扩展、候选筛选、bundle 映射或语义复审的中间数据。,删除不改变最终 QA 内容，但会失去其生成、双审和补题来源链。,object,44,48,
data/qa/cross_pdf/hard_expansion/full_v4_api_three_doc/hard_cross_pdf_candidates_1300.json,6096827,ad76ea8dabc15a579e9c1d1ef0a9690483a8b76b33da67cc01c9c6bda3adc48f,archive_then_delete,generation_selection_or_provenance,高难扩展、候选筛选、bundle 映射或语义复审的中间数据。,删除不改变最终 QA 内容，但会失去其生成、双审和补题来源链。,object,61,1300,
data/qa/cross_pdf/hard_expansion/full_v4_api_three_doc/progress.json,161,97337de83d482d87fdc9882b65d1c55f0bb8247b21bf2270124bc23a14c67044,archive_then_delete,generation_selection_or_provenance,高难扩展、候选筛选、bundle 映射或语义复审的中间数据。,删除不改变最终 QA 内容，但会失去其生成、双审和补题来源链。,object,6,,
data/qa/cross_pdf/hard_expansion/full_v4_api_three_doc/selected_bundles.json,857,2dd7bc7e209b00a2f0d13a106813247ad9c9593e852eeb255e045906df7073bb,archive_then_delete,generation_selection_or_provenance,高难扩展、候选筛选、bundle 映射或语义复审的中间数据。,删除不改变最终 QA 内容，但会失去其生成、双审和补题来源链。,array,61,,
data/qa/cross_pdf/hard_expansion/full_v4_api_three_doc/summary.json,605,2b5bb68b3f3ccd0c6a227d6d31b08617992048b66b52a9d066322b7ba6eb6a86,archive_then_delete,generation_selection_or_provenance,高难扩展、候选筛选、bundle 映射或语义复审的中间数据。,删除不改变最终 QA 内容，但会失去其生成、双审和补题来源链。,object,13,,
data/qa/cross_pdf/hard_expansion/fulltext_pairs_claude/fulltext_cross_pdf_candidates.json,218962,415e6695477f19a124ef07844215de1a44e5d0b6f4708a1f4ccbcdb3d5f5fa4f,archive_then_delete,generation_selection_or_provenance,高难扩展、候选筛选、bundle 映射或语义复审的中间数据。,删除不改变最终 QA 内容，但会失去其生成、双审和补题来源链。,object,20,56,
data/qa/cross_pdf/hard_expansion/fulltext_pairs_claude/summary.json,453,4bb402fdcab4aba08a06859ca5a61e96cb9b1069c4ae555b823b5015d3fd27dd,archive_then_delete,generation_selection_or_provenance,高难扩展、候选筛选、bundle 映射或语义复审的中间数据。,删除不改变最终 QA 内容，但会失去其生成、双审和补题来源链。,object,10,,
data/qa/cross_pdf/hard_expansion/fulltext_pairs_claude_round2/fulltext_cross_pdf_candidates.json,457486,a947f3e669d281784a33b65bfb04929defd2b1f2aada4cd0ff29d645a2ca3660,archive_then_delete,generation_selection_or_provenance,高难扩展、候选筛选、bundle 映射或语义复审的中间数据。,删除不改变最终 QA 内容，但会失去其生成、双审和补题来源链。,object,39,109,
data/qa/cross_pdf/hard_expansion/fulltext_pairs_claude_round2/summary.json,461,2dae18560092c4667ff29455881863b590ca070a080ae9dc8fcb0f68828beda0,archive_then_delete,generation_selection_or_provenance,高难扩展、候选筛选、bundle 映射或语义复审的中间数据。,删除不改变最终 QA 内容，但会失去其生成、双审和补题来源链。,object,10,,
data/qa/cross_pdf/hard_expansion/fulltext_pilot_triples/fulltext_cross_pdf_candidates.json,3,ca3d163bab055381827226140568f3bef7eaac187cebd76878e0b63e9e442356,archive_then_delete,generation_selection_or_provenance,高难扩展、候选筛选、bundle 映射或语义复审的中间数据。,删除不改变最终 QA 内容，但会失去其生成、双审和补题来源链。,object,0,,
data/qa/cross_pdf/hard_expansion/fulltext_pilot_triples/summary.json,437,d3c8786d9a3e9a7c8c0882a837ecd8e3b50bc8325133d616f4c2901b1ffd6f58,archive_then_delete,generation_selection_or_provenance,高难扩展、候选筛选、bundle 映射或语义复审的中间数据。,删除不改变最终 QA 内容，但会失去其生成、双审和补题来源链。,object,10,,
data/qa/cross_pdf/hard_expansion/fulltext_title_v4_claude/fulltext_cross_pdf_candidates.json,1149725,b3144d8725b3635c925f2f8eedf0635369a04b44c26194e84c708a223ff6edf3,archive_then_delete,generation_selection_or_provenance,高难扩展、候选筛选、bundle 映射或语义复审的中间数据。,删除不改变最终 QA 内容，但会失去其生成、双审和补题来源链。,object,91,265,
data/qa/cross_pdf/hard_expansion/fulltext_title_v4_claude/summary.json,467,44d16ad09ece3fc7fa3e41d93f5acf7e5dbedafa0f8ed6ce33f3d5578f9b13fd,archive_then_delete,generation_selection_or_provenance,高难扩展、候选筛选、bundle 映射或语义复审的中间数据。,删除不改变最终 QA 内容，但会失去其生成、双审和补题来源链。,object,10,,
data/qa/cross_pdf/hard_expansion/fulltext_title_v4_round2/fulltext_cross_pdf_candidates.json,1253496,9f9d68601199b8293350c6832db805dc3c55d5d9b79f5b5837dc25585ccf50fb,archive_then_delete,generation_selection_or_provenance,高难扩展、候选筛选、bundle 映射或语义复审的中间数据。,删除不改变最终 QA 内容，但会失去其生成、双审和补题来源链。,object,106,285,
data/qa/cross_pdf/hard_expansion/fulltext_title_v4_round2/summary.json,468,e01f7bcc6f6c75d02137adae9c0e16c39fedb2819d72b18b8c948557530fc49f,archive_then_delete,generation_selection_or_provenance,高难扩展、候选筛选、bundle 映射或语义复审的中间数据。,删除不改变最终 QA 内容，但会失去其生成、双审和补题来源链。,object,10,,
data/qa/cross_pdf/hard_expansion/fulltext_title_v4_round3/fulltext_cross_pdf_candidates.json,1324185,f4b81c47ee61010ff7815f78ee2037a8a3c5efc8b47ca9e9de2442326f381eb7,archive_then_delete,generation_selection_or_provenance,高难扩展、候选筛选、bundle 映射或语义复审的中间数据。,删除不改变最终 QA 内容，但会失去其生成、双审和补题来源链。,object,111,278,
data/qa/cross_pdf/hard_expansion/fulltext_title_v4_round3/summary.json,468,03c494aec1b66f0c4a82db32131722f5da9de3cdb77a49273b91c3bf5ee4534e,archive_then_delete,generation_selection_or_provenance,高难扩展、候选筛选、bundle 映射或语义复审的中间数据。,删除不改变最终 QA 内容，但会失去其生成、双审和补题来源链。,object,10,,
data/qa/cross_pdf/hard_expansion/global_pilot_generated_v2/bundle_manifest.json,14530,c726a5efc64aac316df8e6638ef04208fdef41b4462a6880b8c68c66b5e0d297,archive_then_delete,generation_selection_or_provenance,高难扩展、候选筛选、bundle 映射或语义复审的中间数据。,删除不改变最终 QA 内容，但会失去其生成、双审和补题来源链。,array,12,,
data/qa/cross_pdf/hard_expansion/global_pilot_generated_v2/hard_cross_pdf_candidates_8.json,3,ca3d163bab055381827226140568f3bef7eaac187cebd76878e0b63e9e442356,archive_then_delete,generation_selection_or_provenance,高难扩展、候选筛选、bundle 映射或语义复审的中间数据。,删除不改变最终 QA 内容，但会失去其生成、双审和补题来源链。,object,0,,
data/qa/cross_pdf/hard_expansion/global_pilot_generated_v2/progress.json,156,2be95efa76be6202d6c1b2dbad28eaf47a3589fe5c1c8c89475ab2585c587e18,archive_then_delete,generation_selection_or_provenance,高难扩展、候选筛选、bundle 映射或语义复审的中间数据。,删除不改变最终 QA 内容，但会失去其生成、双审和补题来源链。,object,6,,
data/qa/cross_pdf/hard_expansion/global_pilot_generated_v2/selected_bundles.json,171,0001b58a8f4c9f804e17f910900a31da26f658fe70a5049907b26bc4359dc8d1,archive_then_delete,generation_selection_or_provenance,高难扩展、候选筛选、bundle 映射或语义复审的中间数据。,删除不改变最终 QA 内容，但会失去其生成、双审和补题来源链。,array,12,,
data/qa/cross_pdf/hard_expansion/global_pilot_generated_v2/summary.json,391,9e126eee338eb00e5084d00dcf5dedca64f70dc1dd1b3386e815056197d74592,archive_then_delete,generation_selection_or_provenance,高难扩展、候选筛选、bundle 映射或语义复审的中间数据。,删除不改变最终 QA 内容，但会失去其生成、双审和补题来源链。,object,13,,
data/qa/cross_pdf/hard_expansion/global_pilot_generated_v3/bundle_manifest.json,14530,c726a5efc64aac316df8e6638ef04208fdef41b4462a6880b8c68c66b5e0d297,archive_then_delete,generation_selection_or_provenance,高难扩展、候选筛选、bundle 映射或语义复审的中间数据。,删除不改变最终 QA 内容，但会失去其生成、双审和补题来源链。,array,12,,
data/qa/cross_pdf/hard_expansion/global_pilot_generated_v3/hard_cross_pdf_candidates_8.json,3,ca3d163bab055381827226140568f3bef7eaac187cebd76878e0b63e9e442356,archive_then_delete,generation_selection_or_provenance,高难扩展、候选筛选、bundle 映射或语义复审的中间数据。,删除不改变最终 QA 内容，但会失去其生成、双审和补题来源链。,object,0,,
data/qa/cross_pdf/hard_expansion/global_pilot_generated_v3/progress.json,156,4d8d787c4edba880effa140a24fb4e660879b2ade1ba66f8e87cf5ae0c1f232a,archive_then_delete,generation_selection_or_provenance,高难扩展、候选筛选、bundle 映射或语义复审的中间数据。,删除不改变最终 QA 内容，但会失去其生成、双审和补题来源链。,object,6,,
data/qa/cross_pdf/hard_expansion/global_pilot_generated_v3/selected_bundles.json,171,0001b58a8f4c9f804e17f910900a31da26f658fe70a5049907b26bc4359dc8d1,archive_then_delete,generation_selection_or_provenance,高难扩展、候选筛选、bundle 映射或语义复审的中间数据。,删除不改变最终 QA 内容，但会失去其生成、双审和补题来源链。,array,12,,
data/qa/cross_pdf/hard_expansion/global_pilot_generated_v3/summary.json,390,069b1cdbd10539dd48a03ac529e09165841e4f957694d0e744a228c7438e06a9,archive_then_delete,generation_selection_or_provenance,高难扩展、候选筛选、bundle 映射或语义复审的中间数据。,删除不改变最终 QA 内容，但会失去其生成、双审和补题来源链。,object,13,,
data/qa/cross_pdf/hard_expansion/global_pilot_generated_v4/bundle_manifest.json,14530,c726a5efc64aac316df8e6638ef04208fdef41b4462a6880b8c68c66b5e0d297,archive_then_delete,generation_selection_or_provenance,高难扩展、候选筛选、bundle 映射或语义复审的中间数据。,删除不改变最终 QA 内容，但会失去其生成、双审和补题来源链。,array,12,,
data/qa/cross_pdf/hard_expansion/global_pilot_generated_v4/hard_cross_pdf_candidates_6.json,3,ca3d163bab055381827226140568f3bef7eaac187cebd76878e0b63e9e442356,archive_then_delete,generation_selection_or_provenance,高难扩展、候选筛选、bundle 映射或语义复审的中间数据。,删除不改变最终 QA 内容，但会失去其生成、双审和补题来源链。,object,0,,
data/qa/cross_pdf/hard_expansion/global_pilot_generated_v4/progress.json,156,30c917babc5b4bd35555bd3392a10988eb125999cc807f5b7ae67f7b716eb815,archive_then_delete,generation_selection_or_provenance,高难扩展、候选筛选、bundle 映射或语义复审的中间数据。,删除不改变最终 QA 内容，但会失去其生成、双审和补题来源链。,object,6,,
data/qa/cross_pdf/hard_expansion/global_pilot_generated_v4/selected_bundles.json,171,0001b58a8f4c9f804e17f910900a31da26f658fe70a5049907b26bc4359dc8d1,archive_then_delete,generation_selection_or_provenance,高难扩展、候选筛选、bundle 映射或语义复审的中间数据。,删除不改变最终 QA 内容，但会失去其生成、双审和补题来源链。,array,12,,
data/qa/cross_pdf/hard_expansion/global_pilot_generated_v4/summary.json,391,a2dfd72f55b866532f1fb3866168dd9a7ceb8a5a88f420c084b08a74f0a11f05,archive_then_delete,generation_selection_or_provenance,高难扩展、候选筛选、bundle 映射或语义复审的中间数据。,删除不改变最终 QA 内容，但会失去其生成、双审和补题来源链。,object,13,,
data/qa/cross_pdf/hard_expansion/global_pilot_generated_v5/bundle_manifest.json,14530,c726a5efc64aac316df8e6638ef04208fdef41b4462a6880b8c68c66b5e0d297,archive_then_delete,generation_selection_or_provenance,高难扩展、候选筛选、bundle 映射或语义复审的中间数据。,删除不改变最终 QA 内容，但会失去其生成、双审和补题来源链。,array,12,,
data/qa/cross_pdf/hard_expansion/global_pilot_generated_v5/hard_cross_pdf_candidates_1.json,3558,da5c640839eea3ee806caeff47f43c2dd1385fed09e00298dda353c9caa1d360,archive_then_delete,generation_selection_or_provenance,高难扩展、候选筛选、bundle 映射或语义复审的中间数据。,删除不改变最终 QA 内容，但会失去其生成、双审和补题来源链。,object,1,1,
data/qa/cross_pdf/hard_expansion/global_pilot_generated_v5/progress.json,154,aa3c65c05516a999da8853e8dcfb7fd15c96e16f0484d6bdd83bd0f1d69cc340,archive_then_delete,generation_selection_or_provenance,高难扩展、候选筛选、bundle 映射或语义复审的中间数据。,删除不改变最终 QA 内容，但会失去其生成、双审和补题来源链。,object,6,,
data/qa/cross_pdf/hard_expansion/global_pilot_generated_v5/selected_bundles.json,59,945695dca7612094b51eb54d01dd47c8f57378d63d0955f62340648a2c7dce75,archive_then_delete,generation_selection_or_provenance,高难扩展、候选筛选、bundle 映射或语义复审的中间数据。,删除不改变最终 QA 内容，但会失去其生成、双审和补题来源链。,array,4,,
data/qa/cross_pdf/hard_expansion/global_pilot_generated_v5/summary.json,418,878483c25c973bc2ae89af54484576b99f40fed0e7fef199410ffb6dc01675d1,archive_then_delete,generation_selection_or_provenance,高难扩展、候选筛选、bundle 映射或语义复审的中间数据。,删除不改变最终 QA 内容，但会失去其生成、双审和补题来源链。,object,13,,
data/qa/cross_pdf/hard_expansion/global_plan_full_v1/bundle_manifest.json,290435,5d5ffa8b5dcdd11713fc4fa902f5eec3b30456afb50c73c7ae71e5016445c762,archive_then_delete,generation_selection_or_provenance,高难扩展、候选筛选、bundle 映射或语义复审的中间数据。,删除不改变最终 QA 内容，但会失去其生成、双审和补题来源链。,array,240,,
data/qa/cross_pdf/hard_expansion/global_plan_full_v1/prepared_contexts.json,1298737,35a22d329303557a20a2b99a7caec1e05f1e0d61833d2d21142bb64cc3e63010,archive_then_delete,generation_selection_or_provenance,高难扩展、候选筛选、bundle 映射或语义复审的中间数据。,删除不改变最终 QA 内容，但会失去其生成、双审和补题来源链。,object,1,,
data/qa/cross_pdf/hard_expansion/global_plan_full_v1/selection_ledger.json,109359,2fd0d9a6af7f64b454f2a3a5f51727c1b675ef90134422b4a3e183e13b2e24a5,archive_then_delete,generation_selection_or_provenance,高难扩展、候选筛选、bundle 映射或语义复审的中间数据。,删除不改变最终 QA 内容，但会失去其生成、双审和补题来源链。,array,240,,
data/qa/cross_pdf/hard_expansion/global_plan_full_v1/source_dataset.json,36531,e350356e63446a2f5651a55ea16adbfdcaf3ea39d134f31c99ea1dfb2daf96b0,archive_then_delete,generation_selection_or_provenance,高难扩展、候选筛选、bundle 映射或语义复审的中间数据。,删除不改变最终 QA 内容，但会失去其生成、双审和补题来源链。,object,240,0,
data/qa/cross_pdf/hard_expansion/global_plan_full_v1/summary.json,854,907e064e97e272e203a7eae7f582227116b03c03e44409671f79d24db44679fa,archive_then_delete,generation_selection_or_provenance,高难扩展、候选筛选、bundle 映射或语义复审的中间数据。,删除不改变最终 QA 内容，但会失去其生成、双审和补题来源链。,object,13,,
data/qa/cross_pdf/hard_expansion/global_plan_full_v2/bundle_manifest.json,724865,f9d1ead3c46e9e23a703cf10ca672d323e072315bc5d7fdd3cd1f2767d967aa3,archive_then_delete,generation_selection_or_provenance,高难扩展、候选筛选、bundle 映射或语义复审的中间数据。,删除不改变最终 QA 内容，但会失去其生成、双审和补题来源链。,array,600,,
data/qa/cross_pdf/hard_expansion/global_plan_full_v2/prepared_contexts.json,3076859,0d8de4268eb56bbd928121883e80a67983c48dc14c181696e72ba62dec6c7f14,archive_then_delete,generation_selection_or_provenance,高难扩展、候选筛选、bundle 映射或语义复审的中间数据。,删除不改变最终 QA 内容，但会失去其生成、双审和补题来源链。,object,1,,
data/qa/cross_pdf/hard_expansion/global_plan_full_v2/selection_ledger.json,253673,6a6efc06fc62612483a0ea8940e3e4519404ee41a985932de7916d57ac31b6e0,archive_then_delete,generation_selection_or_provenance,高难扩展、候选筛选、bundle 映射或语义复审的中间数据。,删除不改变最终 QA 内容，但会失去其生成、双审和补题来源链。,array,600,,
data/qa/cross_pdf/hard_expansion/global_plan_full_v2/source_dataset.json,91057,62b613816117eac8f8e15bd7110f95f735a4e9b53be78d5cb530c155a620eb77,archive_then_delete,generation_selection_or_provenance,高难扩展、候选筛选、bundle 映射或语义复审的中间数据。,删除不改变最终 QA 内容，但会失去其生成、双审和补题来源链。,object,600,0,
data/qa/cross_pdf/hard_expansion/global_plan_full_v2/summary.json,878,98aa147126798757c322e9c3dd46524cfbbe5e14192061140579e74bda3efeb5,archive_then_delete,generation_selection_or_provenance,高难扩展、候选筛选、bundle 映射或语义复审的中间数据。,删除不改变最终 QA 内容，但会失去其生成、双审和补题来源链。,object,14,,
data/qa/cross_pdf/hard_expansion/global_plan_hard_v6/bundle_manifest.json,103999,87dad8a324bfb26605ccdcc48281addf1d84c09c207f7ee054beba0e23515224,archive_then_delete,generation_selection_or_provenance,高难扩展、候选筛选、bundle 映射或语义复审的中间数据。,删除不改变最终 QA 内容，但会失去其生成、双审和补题来源链。,array,90,,
data/qa/cross_pdf/hard_expansion/global_plan_hard_v6/prepared_contexts.json,325450,0888228fb68b6f832b29b5d00ab7fa8b2eea60616f438097bcc1f06e62da872c,archive_then_delete,generation_selection_or_provenance,高难扩展、候选筛选、bundle 映射或语义复审的中间数据。,删除不改变最终 QA 内容，但会失去其生成、双审和补题来源链。,object,1,,
data/qa/cross_pdf/hard_expansion/global_plan_hard_v6/selection_ledger.json,29317,a1c9dbb8c3dd739e0a402abf2499b34d7ea3e6494f1c5f53908c444ec95da1d8,archive_then_delete,generation_selection_or_provenance,高难扩展、候选筛选、bundle 映射或语义复审的中间数据。,删除不改变最终 QA 内容，但会失去其生成、双审和补题来源链。,array,90,,
data/qa/cross_pdf/hard_expansion/global_plan_hard_v6/source_dataset.json,13756,cfe81cd3d3b10c1cc5993a234b8674c3e21d913c8888c19a0f8fbea08afadc9f,archive_then_delete,generation_selection_or_provenance,高难扩展、候选筛选、bundle 映射或语义复审的中间数据。,删除不改变最终 QA 内容，但会失去其生成、双审和补题来源链。,object,90,0,
data/qa/cross_pdf/hard_expansion/global_plan_hard_v6/summary.json,1118,2dfcb71ad208501e43c187f6acfa065148a99c4a98341fed099e3ab19af6c696,archive_then_delete,generation_selection_or_provenance,高难扩展、候选筛选、bundle 映射或语义复审的中间数据。,删除不改变最终 QA 内容，但会失去其生成、双审和补题来源链。,object,20,,
data/qa/cross_pdf/hard_expansion/global_plan_hard_v6_pairs/bundle_manifest.json,61167,1422b388ae9033cf995085b48cac0a5bf9694358c7a2faad597ef17bbbd13e5c,archive_then_delete,generation_selection_or_provenance,高难扩展、候选筛选、bundle 映射或语义复审的中间数据。,删除不改变最终 QA 内容，但会失去其生成、双审和补题来源链。,array,60,,
data/qa/cross_pdf/hard_expansion/global_plan_hard_v6_pairs/prepared_contexts.json,195210,b9e430fb37d2991d56c189416b226257b102360e6578a5a21ef78c8a787d5194,archive_then_delete,generation_selection_or_provenance,高难扩展、候选筛选、bundle 映射或语义复审的中间数据。,删除不改变最终 QA 内容，但会失去其生成、双审和补题来源链。,object,1,,
data/qa/cross_pdf/hard_expansion/global_plan_hard_v6_pairs/selection_ledger.json,17765,e3ec6321fb5f3ad1dc9efe8a9b3c146c3590dbc6fd9e6047a1812668c4958e53,archive_then_delete,generation_selection_or_provenance,高难扩展、候选筛选、bundle 映射或语义复审的中间数据。,删除不改变最终 QA 内容，但会失去其生成、双审和补题来源链。,array,60,,
data/qa/cross_pdf/hard_expansion/global_plan_hard_v6_pairs/source_dataset.json,9169,bb58f0577f24b46417751c037d4f1492169d208eaf8a225b0c10a784fa946304,archive_then_delete,generation_selection_or_provenance,高难扩展、候选筛选、bundle 映射或语义复审的中间数据。,删除不改变最终 QA 内容，但会失去其生成、双审和补题来源链。,object,60,0,
data/qa/cross_pdf/hard_expansion/global_plan_hard_v6_pairs/summary.json,1124,17b44442ed3e7e4818120ed6d7659a7603695041a62bf20ba77c87a731c96a1a,archive_then_delete,generation_selection_or_provenance,高难扩展、候选筛选、bundle 映射或语义复审的中间数据。,删除不改变最终 QA 内容，但会失去其生成、双审和补题来源链。,object,20,,
data/qa/cross_pdf/hard_expansion/global_plan_hard_v6_triples/bundle_manifest.json,57549,3d87fc95304a42ae0368d217b42d47be62f29a2eff4a86ccdb98d0dcf68d75ae,archive_then_delete,generation_selection_or_provenance,高难扩展、候选筛选、bundle 映射或语义复审的中间数据。,删除不改变最终 QA 内容，但会失去其生成、双审和补题来源链。,array,40,,
data/qa/cross_pdf/hard_expansion/global_plan_hard_v6_triples/prepared_contexts.json,191231,0d4130721ae26dfcaf85ac06f3caabf4b99bae2c345380e6d6b4cf116d081573,archive_then_delete,generation_selection_or_provenance,高难扩展、候选筛选、bundle 映射或语义复审的中间数据。,删除不改变最终 QA 内容，但会失去其生成、双审和补题来源链。,object,1,,
data/qa/cross_pdf/hard_expansion/global_plan_hard_v6_triples/selection_ledger.json,16057,a91bfc3c98a9c129a245f7f98211c0e14fbc60d8b15258f99e8b352542d50d6a,archive_then_delete,generation_selection_or_provenance,高难扩展、候选筛选、bundle 映射或语义复审的中间数据。,删除不改变最终 QA 内容，但会失去其生成、双审和补题来源链。,array,40,,
data/qa/cross_pdf/hard_expansion/global_plan_hard_v6_triples/source_dataset.json,6142,cb07f3bb9e8268050914f76ae62b94d30a4b3e6744172c3eec53f67189004a60,archive_then_delete,generation_selection_or_provenance,高难扩展、候选筛选、bundle 映射或语义复审的中间数据。,删除不改变最终 QA 内容，但会失去其生成、双审和补题来源链。,object,40,0,
data/qa/cross_pdf/hard_expansion/global_plan_hard_v6_triples/summary.json,1133,f00f08fc65260d76d58dad2b5a5f6de24e4f628e68f78cd9d406cefa8e36452e,archive_then_delete,generation_selection_or_provenance,高难扩展、候选筛选、bundle 映射或语义复审的中间数据。,删除不改变最终 QA 内容，但会失去其生成、双审和补题来源链。,object,20,,
data/qa/cross_pdf/hard_expansion/global_plan_pilot/bundle_manifest.json,14585,bbbb1d83f626a20f9d0a5e626c1450793e068bdf49aa449bbff9af45b775a5d9,archive_then_delete,generation_selection_or_provenance,高难扩展、候选筛选、bundle 映射或语义复审的中间数据。,删除不改变最终 QA 内容，但会失去其生成、双审和补题来源链。,array,12,,
data/qa/cross_pdf/hard_expansion/global_plan_pilot/prepared_contexts.json,67112,8166a000e26856f619f905c7ecd63964e93064022bdc4f7e4bc12e896f5ca91e,archive_then_delete,generation_selection_or_provenance,高难扩展、候选筛选、bundle 映射或语义复审的中间数据。,删除不改变最终 QA 内容，但会失去其生成、双审和补题来源链。,object,1,,
data/qa/cross_pdf/hard_expansion/global_plan_pilot/selection_ledger.json,6971,cb6e19e0eb662bc85bdc351e8e0fcc4e97ac121ae5c96a5bf8b66f013ec0c4bc,archive_then_delete,generation_selection_or_provenance,高难扩展、候选筛选、bundle 映射或语义复审的中间数据。,删除不改变最终 QA 内容，但会失去其生成、双审和补题来源链。,array,12,,
data/qa/cross_pdf/hard_expansion/global_plan_pilot/source_dataset.json,1841,73031020fcf70dcb294611330dc306502a4171b9eb998bed2fd69f3197956d7c,archive_then_delete,generation_selection_or_provenance,高难扩展、候选筛选、bundle 映射或语义复审的中间数据。,删除不改变最终 QA 内容，但会失去其生成、双审和补题来源链。,object,12,0,
data/qa/cross_pdf/hard_expansion/global_plan_pilot/summary.json,629,7806cf3eae3feceead850e95bd58b7089f638a7ec363bad9cfdceb5530ada71e,archive_then_delete,generation_selection_or_provenance,高难扩展、候选筛选、bundle 映射或语义复审的中间数据。,删除不改变最终 QA 内容，但会失去其生成、双审和补题来源链。,object,9,,
data/qa/cross_pdf/hard_expansion/global_plan_pilot_v2/bundle_manifest.json,14560,4642462302a1d70698b4ce75477b23eaf1088bd8ca83851ac769ba1f3100332e,archive_then_delete,generation_selection_or_provenance,高难扩展、候选筛选、bundle 映射或语义复审的中间数据。,删除不改变最终 QA 内容，但会失去其生成、双审和补题来源链。,array,12,,
data/qa/cross_pdf/hard_expansion/global_plan_pilot_v2/prepared_contexts.json,67082,31aa0d5d87a2604cd84782485cdc12434d6f485888919f333441f2649095b92a,archive_then_delete,generation_selection_or_provenance,高难扩展、候选筛选、bundle 映射或语义复审的中间数据。,删除不改变最终 QA 内容，但会失去其生成、双审和补题来源链。,object,1,,
data/qa/cross_pdf/hard_expansion/global_plan_pilot_v2/selection_ledger.json,6694,bbec4bbcdcab007930096b10eb104905b698a3c1d9ca2676401e7027a6b7a25a,archive_then_delete,generation_selection_or_provenance,高难扩展、候选筛选、bundle 映射或语义复审的中间数据。,删除不改变最终 QA 内容，但会失去其生成、双审和补题来源链。,array,12,,
data/qa/cross_pdf/hard_expansion/global_plan_pilot_v2/source_dataset.json,1839,b1249ee95a102514ef4794be4cffd94e1a22cab970827775db1d66efbc49799f,archive_then_delete,generation_selection_or_provenance,高难扩展、候选筛选、bundle 映射或语义复审的中间数据。,删除不改变最终 QA 内容，但会失去其生成、双审和补题来源链。,object,12,0,
data/qa/cross_pdf/hard_expansion/global_plan_pilot_v2/summary.json,672,4918ed1c198368a5e14896e3f519e305229901eb1c6586c4095611f39c358d40,archive_then_delete,generation_selection_or_provenance,高难扩展、候选筛选、bundle 映射或语义复审的中间数据。,删除不改变最终 QA 内容，但会失去其生成、双审和补题来源链。,object,10,,
data/qa/cross_pdf/hard_expansion/global_plan_pilot_v3/bundle_manifest.json,14533,b660ce36589600e5ba088d33698f738a563a442fb7df29dbb8eeeba07a7b5ee7,archive_then_delete,generation_selection_or_provenance,高难扩展、候选筛选、bundle 映射或语义复审的中间数据。,删除不改变最终 QA 内容，但会失去其生成、双审和补题来源链。,array,12,,
data/qa/cross_pdf/hard_expansion/global_plan_pilot_v3/prepared_contexts.json,67332,6ab0f0ebdf7fbf038f77886e7fec47a61ea0c6c716f22d294da8f3547237fff4,archive_then_delete,generation_selection_or_provenance,高难扩展、候选筛选、bundle 映射或语义复审的中间数据。,删除不改变最终 QA 内容，但会失去其生成、双审和补题来源链。,object,1,,
data/qa/cross_pdf/hard_expansion/global_plan_pilot_v3/selection_ledger.json,6539,4bbfde3c3710248b16350fa4058c8cbea54a321dc4c1eac77c314090e2ba74ab,archive_then_delete,generation_selection_or_provenance,高难扩展、候选筛选、bundle 映射或语义复审的中间数据。,删除不改变最终 QA 内容，但会失去其生成、双审和补题来源链。,array,12,,
data/qa/cross_pdf/hard_expansion/global_plan_pilot_v3/source_dataset.json,1832,bc02bd6e41811083d3fbdf6fce76d5e34280836efd304d72f57f1b043d28ff48,archive_then_delete,generation_selection_or_provenance,高难扩展、候选筛选、bundle 映射或语义复审的中间数据。,删除不改变最终 QA 内容，但会失去其生成、双审和补题来源链。,object,12,0,
data/qa/cross_pdf/hard_expansion/global_plan_pilot_v3/summary.json,787,45b53030a1302f1261fb3c377d804df6ca8cbe1d4af22fa3eb8954d761f7737b,archive_then_delete,generation_selection_or_provenance,高难扩展、候选筛选、bundle 映射或语义复审的中间数据。,删除不改变最终 QA 内容，但会失去其生成、双审和补题来源链。,object,12,,
data/qa/cross_pdf/hard_expansion/global_plan_pilot_v4/bundle_manifest.json,14530,c726a5efc64aac316df8e6638ef04208fdef41b4462a6880b8c68c66b5e0d297,archive_then_delete,generation_selection_or_provenance,高难扩展、候选筛选、bundle 映射或语义复审的中间数据。,删除不改变最终 QA 内容，但会失去其生成、双审和补题来源链。,array,12,,
data/qa/cross_pdf/hard_expansion/global_plan_pilot_v4/prepared_contexts.json,66882,0deed9a68d43bb9fa537202df1fed5892a0e05cfb3ecdde7933184ca018c1b0b,archive_then_delete,generation_selection_or_provenance,高难扩展、候选筛选、bundle 映射或语义复审的中间数据。,删除不改变最终 QA 内容，但会失去其生成、双审和补题来源链。,object,1,,
data/qa/cross_pdf/hard_expansion/global_plan_pilot_v4/selection_ledger.json,6512,8b3178e3bf08eae6cba68c648137a3427af11a267a828cdc1f37e13d98e254c2,archive_then_delete,generation_selection_or_provenance,高难扩展、候选筛选、bundle 映射或语义复审的中间数据。,删除不改变最终 QA 内容，但会失去其生成、双审和补题来源链。,array,12,,
data/qa/cross_pdf/hard_expansion/global_plan_pilot_v4/source_dataset.json,1832,bc02bd6e41811083d3fbdf6fce76d5e34280836efd304d72f57f1b043d28ff48,archive_then_delete,generation_selection_or_provenance,高难扩展、候选筛选、bundle 映射或语义复审的中间数据。,删除不改变最终 QA 内容，但会失去其生成、双审和补题来源链。,object,12,0,
data/qa/cross_pdf/hard_expansion/global_plan_pilot_v4/summary.json,907,9a2b593fee961599a4773fb22223e0435557dab2695790b5ed6cb666bd964a85,archive_then_delete,generation_selection_or_provenance,高难扩展、候选筛选、bundle 映射或语义复审的中间数据。,删除不改变最终 QA 内容，但会失去其生成、双审和补题来源链。,object,13,,
data/qa/cross_pdf/hard_expansion/global_plan_pilot_v5_qas6/bundle_manifest.json,14530,c726a5efc64aac316df8e6638ef04208fdef41b4462a6880b8c68c66b5e0d297,archive_then_delete,generation_selection_or_provenance,高难扩展、候选筛选、bundle 映射或语义复审的中间数据。,删除不改变最终 QA 内容，但会失去其生成、双审和补题来源链。,array,12,,
data/qa/cross_pdf/hard_expansion/global_plan_pilot_v5_qas6/prepared_contexts.json,83149,fedd8f5fd6c44c262262e2b1f4a1e2f8525c6cc5d7f765638ab8d52df11b678b,archive_then_delete,generation_selection_or_provenance,高难扩展、候选筛选、bundle 映射或语义复审的中间数据。,删除不改变最终 QA 内容，但会失去其生成、双审和补题来源链。,object,1,,
data/qa/cross_pdf/hard_expansion/global_plan_pilot_v5_qas6/selection_ledger.json,6512,9e527a285637fe8c4745f3654d6c1f7b3f4cdc23a3c4f7c8f1a1c6e0a498649d,archive_then_delete,generation_selection_or_provenance,高难扩展、候选筛选、bundle 映射或语义复审的中间数据。,删除不改变最终 QA 内容，但会失去其生成、双审和补题来源链。,array,12,,
data/qa/cross_pdf/hard_expansion/global_plan_pilot_v5_qas6/source_dataset.json,1832,bc02bd6e41811083d3fbdf6fce76d5e34280836efd304d72f57f1b043d28ff48,archive_then_delete,generation_selection_or_provenance,高难扩展、候选筛选、bundle 映射或语义复审的中间数据。,删除不改变最终 QA 内容，但会失去其生成、双审和补题来源链。,object,12,0,
data/qa/cross_pdf/hard_expansion/global_plan_pilot_v5_qas6/summary.json,875,b8e6344d2d1e77159b00c6af80fc47f61a483a2e1a6a7bb124177081501a0be5,archive_then_delete,generation_selection_or_provenance,高难扩展、候选筛选、bundle 映射或语义复审的中间数据。,删除不改变最终 QA 内容，但会失去其生成、双审和补题来源链。,object,13,,
data/qa/cross_pdf/hard_expansion/global_plan_strict_v3_df30/bundle_manifest.json,273837,204e85d864ff9852d62126f90e28d6eeb930f194e69984b2f7e8fe6102b8b2fa,archive_then_delete,generation_selection_or_provenance,高难扩展、候选筛选、bundle 映射或语义复审的中间数据。,删除不改变最终 QA 内容，但会失去其生成、双审和补题来源链。,array,227,,
data/qa/cross_pdf/hard_expansion/global_plan_strict_v3_df30/prepared_contexts.json,1268435,0afd537e7844b5c476a3375dcda7d0d1a91135ff86460af0d0a632431335c8a5,archive_then_delete,generation_selection_or_provenance,高难扩展、候选筛选、bundle 映射或语义复审的中间数据。,删除不改变最终 QA 内容，但会失去其生成、双审和补题来源链。,object,1,,
data/qa/cross_pdf/hard_expansion/global_plan_strict_v3_df30/selection_ledger.json,95735,8ab5e8456f7d8cb95a10ff3c639022de301fcfe01e20c28e105ce620a86f771e,archive_then_delete,generation_selection_or_provenance,高难扩展、候选筛选、bundle 映射或语义复审的中间数据。,删除不改变最终 QA 内容，但会失去其生成、双审和补题来源链。,array,227,,
data/qa/cross_pdf/hard_expansion/global_plan_strict_v3_df30/source_dataset.json,34365,6172d6e72110a5bc606fb322eb06f2cab83d757031d2b5d0ff3345defb6f4c5f,archive_then_delete,generation_selection_or_provenance,高难扩展、候选筛选、bundle 映射或语义复审的中间数据。,删除不改变最终 QA 内容，但会失去其生成、双审和补题来源链。,object,227,0,
data/qa/cross_pdf/hard_expansion/global_plan_strict_v3_df30/summary.json,906,f17df26a3d79da358dda7296d85344acf96ef3aa8a356aacf1bfc326766226c6,archive_then_delete,generation_selection_or_provenance,高难扩展、候选筛选、bundle 映射或语义复审的中间数据。,删除不改变最终 QA 内容，但会失去其生成、双审和补题来源链。,object,14,,
data/qa/cross_pdf/hard_expansion/global_plan_title_pairs_v5/bundle_manifest.json,240363,3584ee47a8ccb57da560052f47da4e3af8209d5d615374d8bd64f73a89ad8bcb,archive_then_delete,generation_selection_or_provenance,高难扩展、候选筛选、bundle 映射或语义复审的中间数据。,删除不改变最终 QA 内容，但会失去其生成、双审和补题来源链。,array,233,,
data/qa/cross_pdf/hard_expansion/global_plan_title_pairs_v5/prepared_contexts.json,737390,14516a0d9d91e78453daf74d441d50db77fff0cc8b68bd1b2dad560299884181,archive_then_delete,generation_selection_or_provenance,高难扩展、候选筛选、bundle 映射或语义复审的中间数据。,删除不改变最终 QA 内容，但会失去其生成、双审和补题来源链。,object,1,,
data/qa/cross_pdf/hard_expansion/global_plan_title_pairs_v5/selection_ledger.json,64930,4811670457f7f28ed3d1f907164d006c568d103c90424baccf8e63119d5fa007,archive_then_delete,generation_selection_or_provenance,高难扩展、候选筛选、bundle 映射或语义复审的中间数据。,删除不改变最终 QA 内容，但会失去其生成、双审和补题来源链。,array,233,,
data/qa/cross_pdf/hard_expansion/global_plan_title_pairs_v5/source_dataset.json,35862,ae2476741c56c12aaa4a3fc1011b3eefb2418eee2eb877a1208f8a8d7cc35c0b,archive_then_delete,generation_selection_or_provenance,高难扩展、候选筛选、bundle 映射或语义复审的中间数据。,删除不改变最终 QA 内容，但会失去其生成、双审和补题来源链。,object,233,0,
data/qa/cross_pdf/hard_expansion/global_plan_title_pairs_v5/summary.json,1132,2c883d12867a837c9b9575e16bb94670560f6acab7a0af8921ac989233005803,archive_then_delete,generation_selection_or_provenance,高难扩展、候选筛选、bundle 映射或语义复审的中间数据。,删除不改变最终 QA 内容，但会失去其生成、双审和补题来源链。,object,20,,
data/qa/cross_pdf/hard_expansion/global_plan_title_v4/bundle_manifest.json,201130,089f41b96084afedc2a4bea81e3141adf4f4b06095bdb6b5db1b2f9ae7a7fda5,archive_then_delete,generation_selection_or_provenance,高难扩展、候选筛选、bundle 映射或语义复审的中间数据。,删除不改变最终 QA 内容，但会失去其生成、双审和补题来源链。,array,172,,
data/qa/cross_pdf/hard_expansion/global_plan_title_v4/prepared_contexts.json,624074,a4e792728e77ff5a652866d1f4f7162733ba4a65b8eab71894fc32845560ed62,archive_then_delete,generation_selection_or_provenance,高难扩展、候选筛选、bundle 映射或语义复审的中间数据。,删除不改变最终 QA 内容，但会失去其生成、双审和补题来源链。,object,1,,
data/qa/cross_pdf/hard_expansion/global_plan_title_v4/selection_ledger.json,55756,693c8e5ae6c7b9524a7e4603c839c0a94cc0b8db309f04615f0298b6f5092ffc,archive_then_delete,generation_selection_or_provenance,高难扩展、候选筛选、bundle 映射或语义复审的中间数据。,删除不改变最终 QA 内容，但会失去其生成、双审和补题来源链。,array,172,,
data/qa/cross_pdf/hard_expansion/global_plan_title_v4/source_dataset.json,26371,2e05493aa117755826f74444d90a358accef8d2662860c668b11b3adb33a7448,archive_then_delete,generation_selection_or_provenance,高难扩展、候选筛选、bundle 映射或语义复审的中间数据。,删除不改变最终 QA 内容，但会失去其生成、双审和补题来源链。,object,172,0,
data/qa/cross_pdf/hard_expansion/global_plan_title_v4/summary.json,1056,a2e231bc67fbbd8713cfd48f69ed19de11a433ec2407dc82ccd21cf73ac15358,archive_then_delete,generation_selection_or_provenance,高难扩展、候选筛选、bundle 映射或语义复审的中间数据。,删除不改变最终 QA 内容，但会失去其生成、双审和补题来源链。,object,18,,
data/qa/cross_pdf/hard_expansion/hard_cross_pdf_candidates_60.json,3,ca3d163bab055381827226140568f3bef7eaac187cebd76878e0b63e9e442356,archive_then_delete,generation_selection_or_provenance,高难扩展、候选筛选、bundle 映射或语义复审的中间数据。,删除不改变最终 QA 内容，但会失去其生成、双审和补题来源链。,object,0,,
data/qa/cross_pdf/hard_expansion/hard_cross_pdf_gemini_preselection_400.json,1974364,b299a98adc704696e25aa68a6a9724aecaa762102d967d9419ecf5535dbe0a8a,archive_then_delete,generation_selection_or_provenance,高难扩展、候选筛选、bundle 映射或语义复审的中间数据。,删除不改变最终 QA 内容，但会失去其生成、双审和补题来源链。,object,137,400,
data/qa/cross_pdf/hard_expansion/hard_cross_pdf_gemini_preselection_400_summary.json,309,74b856e857a5885a21ac4ac4ae122b84006d3ef59e12d3781555896b4392d8b7,archive_then_delete,generation_selection_or_provenance,高难扩展、候选筛选、bundle 映射或语义复审的中间数据。,删除不改变最终 QA 内容，但会失去其生成、双审和补题来源链。,object,7,,
data/qa/cross_pdf/hard_expansion/hard_cross_pdf_strict_dual_review_final_400_ledger.json,1425288,c000904952e0ce81a28123b7431f825176aebcbec66d6c94babf9e5328253b45,archive_then_delete,generation_selection_or_provenance,高难扩展、候选筛选、bundle 映射或语义复审的中间数据。,删除不改变最终 QA 内容，但会失去其生成、双审和补题来源链。,object,2,,
data/qa/cross_pdf/hard_expansion/hard_cross_pdf_strict_dual_review_final_400_summary.json,787,fff10143c9be070c155840d279be1b486591555514bf517c32f715d0e3b4c95e,archive_then_delete,generation_selection_or_provenance,高难扩展、候选筛选、bundle 映射或语义复审的中间数据。,删除不改变最终 QA 内容，但会失去其生成、双审和补题来源链。,object,12,,
data/qa/cross_pdf/hard_expansion/hard_v6_merged_candidates.json,522325,c7e0030a1054c9908c9e13f59ffb678f2680901c3333be0ca69540e405aa9f20,archive_then_delete,generation_selection_or_provenance,高难扩展、候选筛选、bundle 映射或语义复审的中间数据。,删除不改变最终 QA 内容，但会失去其生成、双审和补题来源链。,object,21,118,
data/qa/cross_pdf/hard_expansion/hard_v6_merged_manifest.json,118713,8dfe49550455c53696c1238e97fc0938787dfe568a5e60ef608fd274b4daf96e,archive_then_delete,generation_selection_or_provenance,高难扩展、候选筛选、bundle 映射或语义复审的中间数据。,删除不改变最终 QA 内容，但会失去其生成、双审和补题来源链。,array,100,,
data/qa/cross_pdf/hard_expansion/hard_v6_pair_generation/bundle_manifest.json,61167,1422b388ae9033cf995085b48cac0a5bf9694358c7a2faad597ef17bbbd13e5c,archive_then_delete,generation_selection_or_provenance,高难扩展、候选筛选、bundle 映射或语义复审的中间数据。,删除不改变最终 QA 内容，但会失去其生成、双审和补题来源链。,array,60,,
data/qa/cross_pdf/hard_expansion/hard_v6_pair_generation/hard_cross_pdf_candidates_46.json,173416,d995a43d3cdee24eff0e8e7f91cfe1df44c998eecf582f597543ad4b47362c1c,archive_then_delete,generation_selection_or_provenance,高难扩展、候选筛选、bundle 映射或语义复审的中间数据。,删除不改变最终 QA 内容，但会失去其生成、双审和补题来源链。,object,7,46,
data/qa/cross_pdf/hard_expansion/hard_v6_pair_generation/progress.json,157,2f7c89114f5b93b25d03f6fe64f81dfe13a09e4fe45c4765334fce506ae571da,archive_then_delete,generation_selection_or_provenance,高难扩展、候选筛选、bundle 映射或语义复审的中间数据。,删除不改变最终 QA 内容，但会失去其生成、双审和补题来源链。,object,6,,
data/qa/cross_pdf/hard_expansion/hard_v6_pair_generation/selected_bundles.json,101,0d942d1a3b2268c50ddf37f42a1f067b876cf0a7fa4556e383bc59c077372416,archive_then_delete,generation_selection_or_provenance,高难扩展、候选筛选、bundle 映射或语义复审的中间数据。,删除不改变最终 QA 内容，但会失去其生成、双审和补题来源链。,array,7,,
data/qa/cross_pdf/hard_expansion/hard_v6_pair_generation/summary.json,459,2300d228345affeed0e28870e08e219ecab65a2da6217268c7f42a70350fe83b,archive_then_delete,generation_selection_or_provenance,高难扩展、候选筛选、bundle 映射或语义复审的中间数据。,删除不改变最终 QA 内容，但会失去其生成、双审和补题来源链。,object,13,,
data/qa/cross_pdf/hard_expansion/hard_v6_triple_claude_generation/bundle_manifest.json,57549,3d87fc95304a42ae0368d217b42d47be62f29a2eff4a86ccdb98d0dcf68d75ae,archive_then_delete,generation_selection_or_provenance,高难扩展、候选筛选、bundle 映射或语义复审的中间数据。,删除不改变最终 QA 内容，但会失去其生成、双审和补题来源链。,array,40,,
data/qa/cross_pdf/hard_expansion/hard_v6_triple_claude_generation/hard_cross_pdf_candidates_100.json,3,ca3d163bab055381827226140568f3bef7eaac187cebd76878e0b63e9e442356,archive_then_delete,generation_selection_or_provenance,高难扩展、候选筛选、bundle 映射或语义复审的中间数据。,删除不改变最终 QA 内容，但会失去其生成、双审和补题来源链。,object,0,,
data/qa/cross_pdf/hard_expansion/hard_v6_triple_claude_generation/progress.json,157,2952cabe94c9ca1eba990e650d82e65d9fd8f50a2000ec7df945d5f2b3e4d1c1,archive_then_delete,generation_selection_or_provenance,高难扩展、候选筛选、bundle 映射或语义复审的中间数据。,删除不改变最终 QA 内容，但会失去其生成、双审和补题来源链。,object,6,,
data/qa/cross_pdf/hard_expansion/hard_v6_triple_claude_generation/selected_bundles.json,227,da94e8408f1c7c1af4182d7d56ef655482cc2e51a865742c522c9c0a08b7bcb6,archive_then_delete,generation_selection_or_provenance,高难扩展、候选筛选、bundle 映射或语义复审的中间数据。,删除不改变最终 QA 内容，但会失去其生成、双审和补题来源链。,array,16,,
data/qa/cross_pdf/hard_expansion/hard_v6_triple_claude_generation/summary.json,396,6f7774f19e9bc6b1d501576401b687adabc7ee7100f13b14a1f83dc9f9bf74e8,archive_then_delete,generation_selection_or_provenance,高难扩展、候选筛选、bundle 映射或语义复审的中间数据。,删除不改变最终 QA 内容，但会失去其生成、双审和补题来源链。,object,13,,
data/qa/cross_pdf/hard_expansion/hard_v6_triple_generation/bundle_manifest.json,57549,3d87fc95304a42ae0368d217b42d47be62f29a2eff4a86ccdb98d0dcf68d75ae,archive_then_delete,generation_selection_or_provenance,高难扩展、候选筛选、bundle 映射或语义复审的中间数据。,删除不改变最终 QA 内容，但会失去其生成、双审和补题来源链。,array,40,,
data/qa/cross_pdf/hard_expansion/hard_v6_triple_generation/hard_cross_pdf_candidates_72.json,348912,ccf3dc5a7cf4e1e2919a209236e1767896b3b57182dfe95ec23e8f6d133613aa,archive_then_delete,generation_selection_or_provenance,高难扩展、候选筛选、bundle 映射或语义复审的中间数据。,删除不改变最终 QA 内容，但会失去其生成、双审和补题来源链。,object,14,72,
data/qa/cross_pdf/hard_expansion/hard_v6_triple_generation/progress.json,156,3928deef7908ddf5b195e8aa1cbf721f5ec75be9a227d37ca640d6b7ba687828,archive_then_delete,generation_selection_or_provenance,高难扩展、候选筛选、bundle 映射或语义复审的中间数据。,删除不改变最终 QA 内容，但会失去其生成、双审和补题来源链。,object,6,,
data/qa/cross_pdf/hard_expansion/hard_v6_triple_generation/selected_bundles.json,227,da94e8408f1c7c1af4182d7d56ef655482cc2e51a865742c522c9c0a08b7bcb6,archive_then_delete,generation_selection_or_provenance,高难扩展、候选筛选、bundle 映射或语义复审的中间数据。,删除不改变最终 QA 内容，但会失去其生成、双审和补题来源链。,array,16,,
data/qa/cross_pdf/hard_expansion/hard_v6_triple_generation/summary.json,493,3128fb8a551e6abb3a7dc3391fcd9d09200aa9e977d776d13cd050899b98e3a6,archive_then_delete,generation_selection_or_provenance,高难扩展、候选筛选、bundle 映射或语义复审的中间数据。,删除不改变最终 QA 内容，但会失去其生成、双审和补题来源链。,object,13,,
data/qa/cross_pdf/hard_expansion/release_400_manifest.json,165454,a89c6029f504522f7168171fe9eeaa693d617d1aea490ac2b597f9cce2c1b74f,archive_then_delete,generation_selection_or_provenance,高难扩展、候选筛选、bundle 映射或语义复审的中间数据。,删除不改变最终 QA 内容，但会失去其生成、双审和补题来源链。,array,137,,
data/qa/cross_pdf/hard_expansion/revalidated_400_manifest.json,218377,a309259b4057b8cf018f01ab2e869cb6d86850a86c3231c60ae944de85b61025,archive_then_delete,generation_selection_or_provenance,高难扩展、候选筛选、bundle 映射或语义复审的中间数据。,删除不改变最终 QA 内容，但会失去其生成、双审和补题来源链。,array,119,,
data/qa/cross_pdf/hard_expansion/selected_bundles.json,523,b3661f193f4f0bb14454246f251e6ca870691f1b98d471f682138d6fda332835,archive_then_delete,generation_selection_or_provenance,高难扩展、候选筛选、bundle 映射或语义复审的中间数据。,删除不改变最终 QA 内容，但会失去其生成、双审和补题来源链。,array,40,,
data/qa/cross_pdf/hard_expansion/strict_v3_claude_pilot30/bundle_manifest.json,273837,204e85d864ff9852d62126f90e28d6eeb930f194e69984b2f7e8fe6102b8b2fa,archive_then_delete,generation_selection_or_provenance,高难扩展、候选筛选、bundle 映射或语义复审的中间数据。,删除不改变最终 QA 内容，但会失去其生成、双审和补题来源链。,array,227,,
data/qa/cross_pdf/hard_expansion/strict_v3_claude_pilot30/hard_cross_pdf_candidates_120.json,3,ca3d163bab055381827226140568f3bef7eaac187cebd76878e0b63e9e442356,archive_then_delete,generation_selection_or_provenance,高难扩展、候选筛选、bundle 映射或语义复审的中间数据。,删除不改变最终 QA 内容，但会失去其生成、双审和补题来源链。,object,0,,
data/qa/cross_pdf/hard_expansion/strict_v3_claude_pilot30/progress.json,158,2cfba4cd55a9cc11107493e0e48a579acb19dd9b3846b14479c72768f41f43ec,archive_then_delete,generation_selection_or_provenance,高难扩展、候选筛选、bundle 映射或语义复审的中间数据。,删除不改变最终 QA 内容，但会失去其生成、双审和补题来源链。,object,6,,
data/qa/cross_pdf/hard_expansion/strict_v3_claude_pilot30/selected_bundles.json,423,ea5dd440a66698c907e294318c74c1b4b4873cda821d71597a861e6c95e321be,archive_then_delete,generation_selection_or_provenance,高难扩展、候选筛选、bundle 映射或语义复审的中间数据。,删除不改变最终 QA 内容，但会失去其生成、双审和补题来源链。,array,30,,
data/qa/cross_pdf/hard_expansion/strict_v3_claude_pilot30/summary.json,396,789f3a004df729d458ae06953faa3ccaf15562f5e17da093979bd3aab5d95f59,archive_then_delete,generation_selection_or_provenance,高难扩展、候选筛选、bundle 映射或语义复审的中间数据。,删除不改变最终 QA 内容，但会失去其生成、双审和补题来源链。,object,13,,
data/qa/cross_pdf/hard_expansion/strict_v3_pilot30/bundle_manifest.json,273837,204e85d864ff9852d62126f90e28d6eeb930f194e69984b2f7e8fe6102b8b2fa,archive_then_delete,generation_selection_or_provenance,高难扩展、候选筛选、bundle 映射或语义复审的中间数据。,删除不改变最终 QA 内容，但会失去其生成、双审和补题来源链。,array,227,,
data/qa/cross_pdf/hard_expansion/strict_v3_pilot30/hard_cross_pdf_candidates_180.json,568051,741ea3e549252d1049e146ccf69a31b3927d2846623184d400e2d3a76f7cb559,archive_then_delete,generation_selection_or_provenance,高难扩展、候选筛选、bundle 映射或语义复审的中间数据。,删除不改变最终 QA 内容，但会失去其生成、双审和补题来源链。,object,28,121,
data/qa/cross_pdf/hard_expansion/strict_v3_pilot30/progress.json,163,fe1e50c6c3b2df21ffd1b262b46d41cded89e5805e10865bd644a83072054604,archive_then_delete,generation_selection_or_provenance,高难扩展、候选筛选、bundle 映射或语义复审的中间数据。,删除不改变最终 QA 内容，但会失去其生成、双审和补题来源链。,object,6,,
data/qa/cross_pdf/hard_expansion/strict_v3_pilot30/selected_bundles.json,423,ea5dd440a66698c907e294318c74c1b4b4873cda821d71597a861e6c95e321be,archive_then_delete,generation_selection_or_provenance,高难扩展、候选筛选、bundle 映射或语义复审的中间数据。,删除不改变最终 QA 内容，但会失去其生成、双审和补题来源链。,array,30,,
data/qa/cross_pdf/hard_expansion/strict_v3_pilot30/summary.json,612,9251dec125a65c4387462ace708a36e7167ecfc42e5e702cbeb7127d51f367cd,archive_then_delete,generation_selection_or_provenance,高难扩展、候选筛选、bundle 映射或语义复审的中间数据。,删除不改变最终 QA 内容，但会失去其生成、双审和补题来源链。,object,13,,
data/qa/cross_pdf/hard_expansion/strict_v3_prepare/bundle_manifest.json,273837,204e85d864ff9852d62126f90e28d6eeb930f194e69984b2f7e8fe6102b8b2fa,archive_then_delete,generation_selection_or_provenance,高难扩展、候选筛选、bundle 映射或语义复审的中间数据。,删除不改变最终 QA 内容，但会失去其生成、双审和补题来源链。,array,227,,
data/qa/cross_pdf/hard_expansion/strict_v3_prepare/hard_cross_pdf_candidates_100.json,3,ca3d163bab055381827226140568f3bef7eaac187cebd76878e0b63e9e442356,archive_then_delete,generation_selection_or_provenance,高难扩展、候选筛选、bundle 映射或语义复审的中间数据。,删除不改变最终 QA 内容，但会失去其生成、双审和补题来源链。,object,0,,
data/qa/cross_pdf/hard_expansion/strict_v3_prepare/progress.json,158,cedd6b375bb843cb410dd37a142dc060c5205e12ac433680d1b37b956214bb26,archive_then_delete,generation_selection_or_provenance,高难扩展、候选筛选、bundle 映射或语义复审的中间数据。,删除不改变最终 QA 内容，但会失去其生成、双审和补题来源链。,object,6,,
data/qa/cross_pdf/hard_expansion/strict_v3_prepare/selected_bundles.json,3,37517e5f3dc66819f61f5a7bb8ace1921282415f10551d2defa5c3eb0985b570,archive_then_delete,generation_selection_or_provenance,高难扩展、候选筛选、bundle 映射或语义复审的中间数据。,删除不改变最终 QA 内容，但会失去其生成、双审和补题来源链。,array,0,,
data/qa/cross_pdf/hard_expansion/strict_v3_prepare/summary.json,396,747d354a1cc649f70052d7ca8acac9e4f555b3f74909f7cfd557729582df75bc,archive_then_delete,generation_selection_or_provenance,高难扩展、候选筛选、bundle 映射或语义复审的中间数据。,删除不改变最终 QA 内容，但会失去其生成、双审和补题来源链。,object,13,,
data/qa/cross_pdf/hard_expansion/strict_v3_prepare_no_template/bundle_manifest.json,273837,204e85d864ff9852d62126f90e28d6eeb930f194e69984b2f7e8fe6102b8b2fa,archive_then_delete,generation_selection_or_provenance,高难扩展、候选筛选、bundle 映射或语义复审的中间数据。,删除不改变最终 QA 内容，但会失去其生成、双审和补题来源链。,array,227,,
data/qa/cross_pdf/hard_expansion/strict_v3_prepare_no_template/hard_cross_pdf_candidates_100.json,3,ca3d163bab055381827226140568f3bef7eaac187cebd76878e0b63e9e442356,archive_then_delete,generation_selection_or_provenance,高难扩展、候选筛选、bundle 映射或语义复审的中间数据。,删除不改变最终 QA 内容，但会失去其生成、双审和补题来源链。,object,0,,
data/qa/cross_pdf/hard_expansion/strict_v3_prepare_no_template/progress.json,158,dd87dc6a5469a03fb01dabbc5a6aa755170eaeb364bdcaf1c8d8f59d86f68a58,archive_then_delete,generation_selection_or_provenance,高难扩展、候选筛选、bundle 映射或语义复审的中间数据。,删除不改变最终 QA 内容，但会失去其生成、双审和补题来源链。,object,6,,
data/qa/cross_pdf/hard_expansion/strict_v3_prepare_no_template/selected_bundles.json,17,89079e1c44f5808801460eef275ad5c3cea03cd4c85a7159014b9946dac0d65b,archive_then_delete,generation_selection_or_provenance,高难扩展、候选筛选、bundle 映射或语义复审的中间数据。,删除不改变最终 QA 内容，但会失去其生成、双审和补题来源链。,array,1,,
data/qa/cross_pdf/hard_expansion/strict_v3_prepare_no_template/summary.json,396,344627d602156d1f560f882add8d96016763377d49fd5cdf56a6fe9bcbb30dff,archive_then_delete,generation_selection_or_provenance,高难扩展、候选筛选、bundle 映射或语义复审的中间数据。,删除不改变最终 QA 内容，但会失去其生成、双审和补题来源链。,object,13,,
data/qa/cross_pdf/hard_expansion/strict_v3_prepare_pair/bundle_manifest.json,273837,204e85d864ff9852d62126f90e28d6eeb930f194e69984b2f7e8fe6102b8b2fa,archive_then_delete,generation_selection_or_provenance,高难扩展、候选筛选、bundle 映射或语义复审的中间数据。,删除不改变最终 QA 内容，但会失去其生成、双审和补题来源链。,array,227,,
data/qa/cross_pdf/hard_expansion/strict_v3_prepare_pair/hard_cross_pdf_candidates_100.json,3,ca3d163bab055381827226140568f3bef7eaac187cebd76878e0b63e9e442356,archive_then_delete,generation_selection_or_provenance,高难扩展、候选筛选、bundle 映射或语义复审的中间数据。,删除不改变最终 QA 内容，但会失去其生成、双审和补题来源链。,object,0,,
data/qa/cross_pdf/hard_expansion/strict_v3_prepare_pair/progress.json,158,123355eae4f682bcd7f5378d9ff4d293c0de3c4f045d13f99b760f59f678bda3,archive_then_delete,generation_selection_or_provenance,高难扩展、候选筛选、bundle 映射或语义复审的中间数据。,删除不改变最终 QA 内容，但会失去其生成、双审和补题来源链。,object,6,,
data/qa/cross_pdf/hard_expansion/strict_v3_prepare_pair/selected_bundles.json,759,e7848f9ca60eec62e34922fae68671c23e2b9662a35a0638621f73f87caff1e0,archive_then_delete,generation_selection_or_provenance,高难扩展、候选筛选、bundle 映射或语义复审的中间数据。,删除不改变最终 QA 内容，但会失去其生成、双审和补题来源链。,array,54,,
data/qa/cross_pdf/hard_expansion/strict_v3_prepare_pair/summary.json,397,9b8d739bf24b7dc816beb83cbf99aaeb0ac6a42d8a0ffd3db0aee18718154260,archive_then_delete,generation_selection_or_provenance,高难扩展、候选筛选、bundle 映射或语义复审的中间数据。,删除不改变最终 QA 内容，但会失去其生成、双审和补题来源链。,object,13,,
data/qa/cross_pdf/hard_expansion/strict_v3_prepare_pair_min2/bundle_manifest.json,273837,204e85d864ff9852d62126f90e28d6eeb930f194e69984b2f7e8fe6102b8b2fa,archive_then_delete,generation_selection_or_provenance,高难扩展、候选筛选、bundle 映射或语义复审的中间数据。,删除不改变最终 QA 内容，但会失去其生成、双审和补题来源链。,array,227,,
data/qa/cross_pdf/hard_expansion/strict_v3_prepare_pair_min2/hard_cross_pdf_candidates_100.json,3,ca3d163bab055381827226140568f3bef7eaac187cebd76878e0b63e9e442356,archive_then_delete,generation_selection_or_provenance,高难扩展、候选筛选、bundle 映射或语义复审的中间数据。,删除不改变最终 QA 内容，但会失去其生成、双审和补题来源链。,object,0,,
data/qa/cross_pdf/hard_expansion/strict_v3_prepare_pair_min2/progress.json,158,e8086017731579b9d2d7581efb81d83efa776974a9949ffd9c10d0bec1f4eafa,archive_then_delete,generation_selection_or_provenance,高难扩展、候选筛选、bundle 映射或语义复审的中间数据。,删除不改变最终 QA 内容，但会失去其生成、双审和补题来源链。,object,6,,
data/qa/cross_pdf/hard_expansion/strict_v3_prepare_pair_min2/selected_bundles.json,2663,90f67edafb942914bc4b33dde655fecb9129e8f9dd1208913646724bbda37a63,archive_then_delete,generation_selection_or_provenance,高难扩展、候选筛选、bundle 映射或语义复审的中间数据。,删除不改变最终 QA 内容，但会失去其生成、双审和补题来源链。,array,190,,
data/qa/cross_pdf/hard_expansion/strict_v3_prepare_pair_min2/summary.json,398,1a902237c33175fcc32cb587f7ba44dd52a9102023cf3fef187fbc4440456a6a,archive_then_delete,generation_selection_or_provenance,高难扩展、候选筛选、bundle 映射或语义复审的中间数据。,删除不改变最终 QA 内容，但会失去其生成、双审和补题来源链。,object,13,,
data/qa/cross_pdf/hard_expansion/strict_v3_prepare_three_min2/bundle_manifest.json,273837,204e85d864ff9852d62126f90e28d6eeb930f194e69984b2f7e8fe6102b8b2fa,archive_then_delete,generation_selection_or_provenance,高难扩展、候选筛选、bundle 映射或语义复审的中间数据。,删除不改变最终 QA 内容，但会失去其生成、双审和补题来源链。,array,227,,
data/qa/cross_pdf/hard_expansion/strict_v3_prepare_three_min2/hard_cross_pdf_candidates_100.json,3,ca3d163bab055381827226140568f3bef7eaac187cebd76878e0b63e9e442356,archive_then_delete,generation_selection_or_provenance,高难扩展、候选筛选、bundle 映射或语义复审的中间数据。,删除不改变最终 QA 内容，但会失去其生成、双审和补题来源链。,object,0,,
data/qa/cross_pdf/hard_expansion/strict_v3_prepare_three_min2/progress.json,158,9a0fd87f739dcd759e094198e68a65c00508739f5fbfce8dc932ec78578d11f0,archive_then_delete,generation_selection_or_provenance,高难扩展、候选筛选、bundle 映射或语义复审的中间数据。,删除不改变最终 QA 内容，但会失去其生成、双审和补题来源链。,object,6,,
data/qa/cross_pdf/hard_expansion/strict_v3_prepare_three_min2/selected_bundles.json,717,d2931522894a437b501a95c33e2e631661175ad45d25b658480b8394d1c188dc,archive_then_delete,generation_selection_or_provenance,高难扩展、候选筛选、bundle 映射或语义复审的中间数据。,删除不改变最终 QA 内容，但会失去其生成、双审和补题来源链。,array,51,,
data/qa/cross_pdf/hard_expansion/strict_v3_prepare_three_min2/summary.json,397,6d0bb6feb2de70b43cfa10ed3b026689d7b3492d641e2bd297df0c9e1a35deb8,archive_then_delete,generation_selection_or_provenance,高难扩展、候选筛选、bundle 映射或语义复审的中间数据。,删除不改变最终 QA 内容，但会失去其生成、双审和补题来源链。,object,13,,
data/qa/cross_pdf/hard_expansion/summary.json,391,1a3c04437f8180c24acd60c8cc88df930509a5baf6cec27e02b51366832c0945,archive_then_delete,generation_selection_or_provenance,高难扩展、候选筛选、bundle 映射或语义复审的中间数据。,删除不改变最终 QA 内容，但会失去其生成、双审和补题来源链。,object,13,,
data/qa/cross_pdf/hard_expansion/title_pairs_v5_gemini_pilot30/bundle_manifest.json,240363,3584ee47a8ccb57da560052f47da4e3af8209d5d615374d8bd64f73a89ad8bcb,archive_then_delete,generation_selection_or_provenance,高难扩展、候选筛选、bundle 映射或语义复审的中间数据。,删除不改变最终 QA 内容，但会失去其生成、双审和补题来源链。,array,233,,
data/qa/cross_pdf/hard_expansion/title_pairs_v5_gemini_pilot30/hard_cross_pdf_candidates_120.json,441918,88c6551523e8e66d9660e01c0d88147782c199721439974d4428cd77e46d4936,archive_then_delete,generation_selection_or_provenance,高难扩展、候选筛选、bundle 映射或语义复审的中间数据。,删除不改变最终 QA 内容，但会失去其生成、双审和补题来源链。,object,22,120,
data/qa/cross_pdf/hard_expansion/title_pairs_v5_gemini_pilot30/progress.json,159,6de5d97dc8a8e10dfc77d19429dd013fa2cc140989970a5455e226b67baa1ed1,archive_then_delete,generation_selection_or_provenance,高难扩展、候选筛选、bundle 映射或语义复审的中间数据。,删除不改变最终 QA 内容，但会失去其生成、双审和补题来源链。,object,6,,
data/qa/cross_pdf/hard_expansion/title_pairs_v5_gemini_pilot30/selected_bundles.json,423,59e12db1d25a87cf7e3091c06270c7c612ff94737e236f01bbbfa027e17cbcc0,archive_then_delete,generation_selection_or_provenance,高难扩展、候选筛选、bundle 映射或语义复审的中间数据。,删除不改变最终 QA 内容，但会失去其生成、双审和补题来源链。,array,30,,
data/qa/cross_pdf/hard_expansion/title_pairs_v5_gemini_pilot30/summary.json,592,1e6c214d8db95c3a1354fbc868593b4cf9f808922ce4c226a7c60cd120f6de2d,archive_then_delete,generation_selection_or_provenance,高难扩展、候选筛选、bundle 映射或语义复审的中间数据。,删除不改变最终 QA 内容，但会失去其生成、双审和补题来源链。,object,13,,
data/qa/cross_pdf/hard_expansion/title_pairs_v5_template_pilot/bundle_manifest.json,240363,3584ee47a8ccb57da560052f47da4e3af8209d5d615374d8bd64f73a89ad8bcb,archive_then_delete,generation_selection_or_provenance,高难扩展、候选筛选、bundle 映射或语义复审的中间数据。,删除不改变最终 QA 内容，但会失去其生成、双审和补题来源链。,array,233,,
data/qa/cross_pdf/hard_expansion/title_pairs_v5_template_pilot/hard_cross_pdf_candidates_100.json,3,ca3d163bab055381827226140568f3bef7eaac187cebd76878e0b63e9e442356,archive_then_delete,generation_selection_or_provenance,高难扩展、候选筛选、bundle 映射或语义复审的中间数据。,删除不改变最终 QA 内容，但会失去其生成、双审和补题来源链。,object,0,,
data/qa/cross_pdf/hard_expansion/title_pairs_v5_template_pilot/progress.json,158,fe29d43ce7ca6a600dc89721f2447ef1e48d6aca6554c47dcd75d9c05e4a3554,archive_then_delete,generation_selection_or_provenance,高难扩展、候选筛选、bundle 映射或语义复审的中间数据。,删除不改变最终 QA 内容，但会失去其生成、双审和补题来源链。,object,6,,
data/qa/cross_pdf/hard_expansion/title_pairs_v5_template_pilot/selected_bundles.json,325,d657dab441533f95dfc4fd7523ad4e9476de7a49da92e1d22a65b4baf6d23784,archive_then_delete,generation_selection_or_provenance,高难扩展、候选筛选、bundle 映射或语义复审的中间数据。,删除不改变最终 QA 内容，但会失去其生成、双审和补题来源链。,array,23,,
data/qa/cross_pdf/hard_expansion/title_pairs_v5_template_pilot/summary.json,397,197835691ad30af2dfc9bb4ab96d2bb0c4af49d7bcfe05dd6f84e192d9719ce4,archive_then_delete,generation_selection_or_provenance,高难扩展、候选筛选、bundle 映射或语义复审的中间数据。,删除不改变最终 QA 内容，但会失去其生成、双审和补题来源链。,object,13,,
data/qa/cross_pdf/hard_expansion/title_pairs_v5_template_pilot2/bundle_manifest.json,240363,3584ee47a8ccb57da560052f47da4e3af8209d5d615374d8bd64f73a89ad8bcb,archive_then_delete,generation_selection_or_provenance,高难扩展、候选筛选、bundle 映射或语义复审的中间数据。,删除不改变最终 QA 内容，但会失去其生成、双审和补题来源链。,array,233,,
data/qa/cross_pdf/hard_expansion/title_pairs_v5_template_pilot2/dual_summary/summary.json,3209,ca79196dc022f5774f828f3a16d1ccbcee7b9f06f2c5a8f0b3bff3f2724147f9,archive_then_delete,generation_selection_or_provenance,高难扩展、候选筛选、bundle 映射或语义复审的中间数据。,删除不改变最终 QA 内容，但会失去其生成、双审和补题来源链。,object,8,,
data/qa/cross_pdf/hard_expansion/title_pairs_v5_template_pilot2/hard_cross_pdf_candidates_100.json,373274,52181385b7aae2f2bfe7abcaa2598129c58c0fe3b5f6111150d115f72544ef90,archive_then_delete,generation_selection_or_provenance,高难扩展、候选筛选、bundle 映射或语义复审的中间数据。,删除不改变最终 QA 内容，但会失去其生成、双审和补题来源链。,object,19,100,
data/qa/cross_pdf/hard_expansion/title_pairs_v5_template_pilot2/progress.json,159,15e139b10306cf95ce5a98a22981e72aec4026a57ee1c63d476403e295b30e29,archive_then_delete,generation_selection_or_provenance,高难扩展、候选筛选、bundle 映射或语义复审的中间数据。,删除不改变最终 QA 内容，但会失去其生成、双审和补题来源链。,object,6,,
data/qa/cross_pdf/hard_expansion/title_pairs_v5_template_pilot2/selected_bundles.json,325,d657dab441533f95dfc4fd7523ad4e9476de7a49da92e1d22a65b4baf6d23784,archive_then_delete,generation_selection_or_provenance,高难扩展、候选筛选、bundle 映射或语义复审的中间数据。,删除不改变最终 QA 内容，但会失去其生成、双审和补题来源链。,array,23,,
data/qa/cross_pdf/hard_expansion/title_pairs_v5_template_pilot2/summary.json,558,1c2158fa57118dfe9406e74c0b2d85d105b5f4166239fd84950215090aee77cc,archive_then_delete,generation_selection_or_provenance,高难扩展、候选筛选、bundle 映射或语义复审的中间数据。,删除不改变最终 QA 内容，但会失去其生成、双审和补题来源链。,object,13,,
data/qa/cross_pdf/hard_expansion/title_v4_gemini_pilot30/bundle_manifest.json,201130,089f41b96084afedc2a4bea81e3141adf4f4b06095bdb6b5db1b2f9ae7a7fda5,archive_then_delete,generation_selection_or_provenance,高难扩展、候选筛选、bundle 映射或语义复审的中间数据。,删除不改变最终 QA 内容，但会失去其生成、双审和补题来源链。,array,172,,
data/qa/cross_pdf/hard_expansion/title_v4_gemini_pilot30/hard_cross_pdf_candidates_120.json,470921,625fbb42fcf54bcf1887af2dc9e9cfabec30c857a82223235f1be67a23457161,archive_then_delete,generation_selection_or_provenance,高难扩展、候选筛选、bundle 映射或语义复审的中间数据。,删除不改变最终 QA 内容，但会失去其生成、双审和补题来源链。,object,24,120,
data/qa/cross_pdf/hard_expansion/title_v4_gemini_pilot30/progress.json,159,9a90fa19a9fde3d801c4053d27b06192647bd28a81cf564576efe7c73dead1f7,archive_then_delete,generation_selection_or_provenance,高难扩展、候选筛选、bundle 映射或语义复审的中间数据。,删除不改变最终 QA 内容，但会失去其生成、双审和补题来源链。,object,6,,
data/qa/cross_pdf/hard_expansion/title_v4_gemini_pilot30/selected_bundles.json,423,cf72350f81554e3233604221036d8e0a0323d7408995fbf9e06cb1ac5c58aa54,archive_then_delete,generation_selection_or_provenance,高难扩展、候选筛选、bundle 映射或语义复审的中间数据。,删除不改变最终 QA 内容，但会失去其生成、双审和补题来源链。,array,30,,
data/qa/cross_pdf/hard_expansion/title_v4_gemini_pilot30/summary.json,609,955867dfc52b15d1941523b72ebb1e4cc51f207b59de69fcd521ad62e1de066b,archive_then_delete,generation_selection_or_provenance,高难扩展、候选筛选、bundle 映射或语义复审的中间数据。,删除不改变最终 QA 内容，但会失去其生成、双审和补题来源链。,object,13,,
data/qa/cross_pdf/hard_expansion/work__cross_pdf__modality_api_audit__batch02__n400__v1.json,936892,e8e0cf634ef0762f77c7934382934702c10ef8d4f6f1a914ae59f684c1b576e1,archive_then_delete,generation_selection_or_provenance,高难扩展、候选筛选、bundle 映射或语义复审的中间数据。,删除不改变最终 QA 内容，但会失去其生成、双审和补题来源链。,object,5,,
data/qa/cross_pdf/semantic_reaudit/calibration_comparison/decision_disagreements.json,15456,537b5e521461f929dc0effb57837fd35c49beeda3edbc9bf380bc73fc07dcee5,archive_then_delete,generation_selection_or_provenance,高难扩展、候选筛选、bundle 映射或语义复审的中间数据。,删除不改变最终 QA 内容，但会失去其生成、双审和补题来源链。,array,16,,
data/qa/cross_pdf/semantic_reaudit/calibration_comparison/manual_adjudication.json,6122,534083e1a45850b8f85bc8cac3648809be6dc774cda633ddad96f98f12800443,archive_then_delete,generation_selection_or_provenance,高难扩展、候选筛选、bundle 映射或语义复审的中间数据。,删除不改变最终 QA 内容，但会失去其生成、双审和补题来源链。,object,6,,
data/qa/cross_pdf/semantic_reaudit/calibration_comparison/summary.json,3696,c21678c87c04afa40b05990b3763b285faddf11ad17ef6c4f9fabb80cbdd3bd0,archive_then_delete,generation_selection_or_provenance,高难扩展、候选筛选、bundle 映射或语义复审的中间数据。,删除不改变最终 QA 内容，但会失去其生成、双审和补题来源链。,object,7,,
data/qa/cross_pdf/semantic_reaudit/calibration_manifest.json,5120,2f768765ca648ce628cd47e3902f0f3fe1663c8a1736eb9716a1bb5cc7a4952f,archive_then_delete,generation_selection_or_provenance,高难扩展、候选筛选、bundle 映射或语义复审的中间数据。,删除不改变最终 QA 内容，但会失去其生成、双审和补题来源链。,object,8,,
data/qa/cross_pdf/semantic_reaudit/complement_summary.json,604,54096a94432ac11503256ff307e1ee789ca6e9a45b69dcf5551beb687aa61a7f,archive_then_delete,generation_selection_or_provenance,高难扩展、候选筛选、bundle 映射或语义复审的中间数据。,删除不改变最终 QA 内容，但会失去其生成、双审和补题来源链。,object,12,,
data/qa/cross_pdf/semantic_reaudit/dual_review_500/summary.json,3337,060e8bd3f71fdeba1dafa6767a17c0787931628d974bb0bd86e0dcdcbe59a491,archive_then_delete,generation_selection_or_provenance,高难扩展、候选筛选、bundle 映射或语义复审的中间数据。,删除不改变最终 QA 内容，但会失去其生成、双审和补题来源链。,object,8,,
data/qa/cross_pdf/semantic_reaudit/dual_review_remaining_1941/summary.json,3585,ad5d8d4cfb876916552e5fa6d361cd16356cbb9507c128687f8cd6b0d234a69f,archive_then_delete,generation_selection_or_provenance,高难扩展、候选筛选、bundle 映射或语义复审的中间数据。,删除不改变最终 QA 内容，但会失去其生成、双审和补题来源链。,object,8,,
data/qa/cross_pdf/semantic_reaudit/final_release/selected_bundle_manifest.json,223970,4a491d06e221d76a62e950c66e995072a17e66bb2707e9123a7d05d9c5cde3ab,archive_then_delete,generation_selection_or_provenance,高难扩展、候选筛选、bundle 映射或语义复审的中间数据。,删除不改变最终 QA 内容，但会失去其生成、双审和补题来源链。,array,119,,
data/qa/cross_pdf/semantic_reaudit/final_release/summary.json,11795,64908f9453c83daefeca2a94121ae53dadd0980a395382d39aa2006339a54eb7,archive_then_delete,generation_selection_or_provenance,高难扩展、候选筛选、bundle 映射或语义复审的中间数据。,删除不改变最终 QA 内容，但会失去其生成、双审和补题来源链。,object,9,,
data/qa/cross_pdf/semantic_reaudit/qa_claude_fixes_for_claude_rereview.json,21892,f11e8c67392ff862519be155fe40924d6310d8d66fa12eb92ec1c5bbcd0f9e68,archive_then_delete,generation_selection_or_provenance,高难扩展、候选筛选、bundle 映射或语义复审的中间数据。,删除不改变最终 QA 内容，但会失去其生成、双审和补题来源链。,object,17,22,
data/qa/cross_pdf/semantic_reaudit/qa_claude_fixes_for_claude_rereview_summary.json,235,d295039b205cacafb46ebab77607e0d282fb24bce54ae854325a1f4c1a6da15d,archive_then_delete,generation_selection_or_provenance,高难扩展、候选筛选、bundle 映射或语义复审的中间数据。,删除不改变最终 QA 内容，但会失去其生成、双审和补题来源链。,object,4,,
data/qa/cross_pdf/semantic_reaudit/qa_cross_pdf_remaining_1941.json,1519977,6f0725955c4e4fb4eddfd794062a0a341ebcb243858cc2d4ed897a81e779e71d,archive_then_delete,generation_selection_or_provenance,高难扩展、候选筛选、bundle 映射或语义复审的中间数据。,删除不改变最终 QA 内容，但会失去其生成、双审和补题来源链。,object,300,1941,
data/qa/cross_pdf/semantic_reaudit/qa_gemini_fixes_for_claude_rereview.json,188343,420a0968bd289c3aabaa34695abf02ca950c5d0d996d07980a27d21774ad5292,archive_then_delete,generation_selection_or_provenance,高难扩展、候选筛选、bundle 映射或语义复审的中间数据。,删除不改变最终 QA 内容，但会失去其生成、双审和补题来源链。,object,100,185,
data/qa/cross_pdf/semantic_reaudit/qa_gemini_fixes_for_claude_rereview_summary.json,361,798f1cb3613f575f1f606db065712fa5d5617bd1ff5f07c428fba3d6d9cb98b3,archive_then_delete,generation_selection_or_provenance,高难扩展、候选筛选、bundle 映射或语义复审的中间数据。,删除不改变最终 QA 内容，但会失去其生成、双审和补题来源链。,object,5,,
data/qa/cross_pdf/semantic_reaudit/qa_second_stage_fixes_for_claude_rereview.json,24114,2dd9968188c542a2754ce5d7c100329221c7fa2b6e044b9ac9fa6b9fca026025,archive_then_delete,generation_selection_or_provenance,高难扩展、候选筛选、bundle 映射或语义复审的中间数据。,删除不改变最终 QA 内容，但会失去其生成、双审和补题来源链。,object,18,19,
data/qa/cross_pdf/semantic_reaudit/qa_second_stage_fixes_for_claude_rereview_summary.json,247,1d358ba336bafd9f703355f23f91e9965692899dd252f391ee1026fae103df6b,archive_then_delete,generation_selection_or_provenance,高难扩展、候选筛选、bundle 映射或语义复审的中间数据。,删除不改变最终 QA 内容，但会失去其生成、双审和补题来源链。,object,4,,
data/qa/hard_expansion/final_selection/weak_gpt_preselection_1000_209.json,4376943,8d10a0f8dec5c835b36332254356382888dde31a0f138fa7cf80a9353d702bae,archive_then_delete,generation_selection_or_provenance,高难扩展、候选筛选、bundle 映射或语义复审的中间数据。,删除不改变最终 QA 内容，但会失去其生成、双审和补题来源链。,object,9,,
data/qa/hard_expansion/final_selection/weak_gpt_screening_pool_209.json,8007707,230d78ec06e9ea69e9657484d9999c3dc8872be916b72fee2372292a347da99d,archive_then_delete,generation_selection_or_provenance,高难扩展、候选筛选、bundle 映射或语义复审的中间数据。,删除不改变最终 QA 内容，但会失去其生成、双审和补题来源链。,object,9,,
data/qa/hard_expansion/input_snapshot.json,1410,d2d0e3c74131de9e1ed8883aea473c8c431d152977ad31b8fd6cea227629ced9,archive_then_delete,generation_selection_or_provenance,高难扩展、候选筛选、bundle 映射或语义复审的中间数据。,删除不改变最终 QA 内容，但会失去其生成、双审和补题来源链。,object,5,,
data/qa/reasoning/hard_expansion/claude_calibration_v1/progress.json,262,93343cfd27226007ec608f4c51d746cfaa3a07d9744fb5f567c235171c1720a6,archive_then_delete,generation_selection_or_provenance,高难扩展、候选筛选、bundle 映射或语义复审的中间数据。,删除不改变最终 QA 内容，但会失去其生成、双审和补题来源链。,object,9,,
data/qa/reasoning/hard_expansion/claude_calibration_v1/reasoning_qa_300.json,488506,64bbebb83bfd77e20f442273882a6562e539e5c18e5dacf5398eec5c92130a74,archive_then_delete,generation_selection_or_provenance,高难扩展、候选筛选、bundle 映射或语义复审的中间数据。,删除不改变最终 QA 内容，但会失去其生成、双审和补题来源链。,object,117,158,
data/qa/reasoning/hard_expansion/claude_calibration_v1/reasoning_qa_600.json,1042218,1db4017b07eeee83b66d2946b923bec2c5f4e9b53acd3c3d41ed1ec1114d4355,archive_then_delete,generation_selection_or_provenance,高难扩展、候选筛选、bundle 映射或语义复审的中间数据。,删除不改变最终 QA 内容，但会失去其生成、双审和补题来源链。,object,194,333,
data/qa/reasoning/hard_expansion/claude_calibration_v1/selected_papers.json,2808,9e468cf9add339a43108fd9762559cb2a60abaf289f915ab830987a7f73f361f,archive_then_delete,generation_selection_or_provenance,高难扩展、候选筛选、bundle 映射或语义复审的中间数据。,删除不改变最终 QA 内容，但会失去其生成、双审和补题来源链。,array,318,,
data/qa/reasoning/hard_expansion/claude_calibration_v1/summary.json,1309,5488e1b1b235d73ab3a06f08ea74978110e37a16a2a6cd918747bee1cc0efca6,archive_then_delete,generation_selection_or_provenance,高难扩展、候选筛选、bundle 映射或语义复审的中间数据。,删除不改变最终 QA 内容，但会失去其生成、双审和补题来源链。,object,20,,
data/qa/reasoning/hard_expansion/full_v1/gpu_pool_state.json,55002,7f234f0fe4b75c41e493cdb57ec71c4eb2db48dba9c2c18c7a704fd2442bc594,archive_then_delete,generation_selection_or_provenance,高难扩展、候选筛选、bundle 映射或语义复审的中间数据。,删除不改变最终 QA 内容，但会失去其生成、双审和补题来源链。,object,20,,
data/qa/reasoning/hard_expansion/full_v1/progress.json,157,bfca3ff67ec238da868dcf51002655ce1779e25101216ad9d391ac0f07fb142e,archive_then_delete,generation_selection_or_provenance,高难扩展、候选筛选、bundle 映射或语义复审的中间数据。,删除不改变最终 QA 内容，但会失去其生成、双审和补题来源链。,object,6,,
data/qa/reasoning/hard_expansion/full_v1/reasoning_qa_220.json,784386,11dc16f92a5e0d96237adac19bfb00d299fbbe9f0a2e1f00224274ef443bae0b,archive_then_delete,generation_selection_or_provenance,高难扩展、候选筛选、bundle 映射或语义复审的中间数据。,删除不改变最终 QA 内容，但会失去其生成、双审和补题来源链。,object,181,220,
data/qa/reasoning/hard_expansion/full_v1/selected_papers.json,2897,dfe42467d0b7105b277bbe76887e64cc5a54f2a9ee384302c91a58ac5ec79e13,archive_then_delete,generation_selection_or_provenance,高难扩展、候选筛选、bundle 映射或语义复审的中间数据。,删除不改变最终 QA 内容，但会失去其生成、双审和补题来源链。,array,328,,
data/qa/reasoning/hard_expansion/full_v1/summary.json,1031,b489035ea7cf210d5bef49e3e2a401bfc95529d5a3fe8c43543d0d04df7a6d90,archive_then_delete,generation_selection_or_provenance,高难扩展、候选筛选、bundle 映射或语义复审的中间数据。,删除不改变最终 QA 内容，但会失去其生成、双审和补题来源链。,object,17,,
data/qa/reasoning/hard_expansion/full_v2_api/progress.json,159,a04477180c669f140041a56d668d3b2374661ab9c90908802111c6ad54f69d4c,archive_then_delete,generation_selection_or_provenance,高难扩展、候选筛选、bundle 映射或语义复审的中间数据。,删除不改变最终 QA 内容，但会失去其生成、双审和补题来源链。,object,6,,
data/qa/reasoning/hard_expansion/full_v2_api/reasoning_dual_keep_209.json,1108901,b8bdb908fd74c4b84b4c334de76fd42e7099f1895ec6236d561dfd1c757b0242,archive_then_delete,generation_selection_or_provenance,高难扩展、候选筛选、bundle 映射或语义复审的中间数据。,删除不改变最终 QA 内容，但会失去其生成、双审和补题来源链。,object,77,209,
data/qa/reasoning/hard_expansion/full_v2_api/reasoning_dual_keep_300.json,808290,21ef3eec3a2b38ba7c1d101abcd72847be2f13c046ac3ff5e531b3c9dd41cc31,archive_then_delete,generation_selection_or_provenance,高难扩展、候选筛选、bundle 映射或语义复审的中间数据。,删除不改变最终 QA 内容，但会失去其生成、双审和补题来源链。,object,80,217,
data/qa/reasoning/hard_expansion/full_v2_api/reasoning_pdf_dependent_pool_208.json,1358466,35bbc44a063262ce60acde5354517653e52c2f2f8004525ad74263c83b5ee1a0,archive_then_delete,generation_selection_or_provenance,高难扩展、候选筛选、bundle 映射或语义复审的中间数据。,删除不改变最终 QA 内容，但会失去其生成、双审和补题来源链。,object,77,208,
data/qa/reasoning/hard_expansion/full_v2_api/reasoning_pdf_dependent_pool_209.json,1364578,c3630396cedadec3c8ed3921190624722a1ac7e5006be2fdd70a57a27bbdad0b,archive_then_delete,generation_selection_or_provenance,高难扩展、候选筛选、bundle 映射或语义复审的中间数据。,删除不改变最终 QA 内容，但会失去其生成、双审和补题来源链。,object,77,209,
data/qa/reasoning/hard_expansion/full_v2_api/reasoning_pdf_dependent_pool_209_summary.json,445,f003b20257513dce68cddf4326e1080b112b93c983b14cbc98b8e9e10844a079,archive_then_delete,generation_selection_or_provenance,高难扩展、候选筛选、bundle 映射或语义复审的中间数据。,删除不改变最终 QA 内容，但会失去其生成、双审和补题来源链。,object,7,,
data/qa/reasoning/hard_expansion/full_v2_api/reasoning_qa_2000.json,5777121,42d590a7ba8bcb84f31a17c45a32add4d03cd45a056ebda7505e19dea657e6a9,archive_then_delete,generation_selection_or_provenance,高难扩展、候选筛选、bundle 映射或语义复审的中间数据。,删除不改变最终 QA 内容，但会失去其生成、双审和补题来源链。,object,299,1833,
data/qa/reasoning/hard_expansion/full_v2_api/reasoning_qa_2400.json,3,ca3d163bab055381827226140568f3bef7eaac187cebd76878e0b63e9e442356,archive_then_delete,generation_selection_or_provenance,高难扩展、候选筛选、bundle 映射或语义复审的中间数据。,删除不改变最终 QA 内容，但会失去其生成、双审和补题来源链。,object,0,,
data/qa/reasoning/hard_expansion/full_v2_api/reasoning_qa_3.json,8670,faac1a4f34fa35b797ae7b41b6725e4b9f771a72c5d83a1276164d3814e5dc65,archive_then_delete,generation_selection_or_provenance,高难扩展、候选筛选、bundle 映射或语义复审的中间数据。,删除不改变最终 QA 内容，但会失去其生成、双审和补题来源链。,object,2,3,
data/qa/reasoning/hard_expansion/full_v2_api/reasoning_qa_5000.json,15851672,92350ceffb38defed674ddecad15fd89717e0eb89a9be1859cd2324fac89bca5,archive_then_delete,generation_selection_or_provenance,高难扩展、候选筛选、bundle 映射或语义复审的中间数据。,删除不改变最终 QA 内容，但会失去其生成、双审和补题来源链。,object,306,5000,
data/qa/reasoning/hard_expansion/full_v2_api/reasoning_qa_valid_evidence.json,15550861,4585021800de516b4ca7917b9e383fa637c149f165c12e97ee8b00985f8800ae,archive_then_delete,generation_selection_or_provenance,高难扩展、候选筛选、bundle 映射或语义复审的中间数据。,删除不改变最终 QA 内容，但会失去其生成、双审和补题来源链。,object,301,4907,
data/qa/reasoning/hard_expansion/full_v2_api/retry_papers_84_109.json,80072,cd3a5a19d75363379f10a6f9a38b1811739195d0d08213fa447f07ae708dac3b,archive_then_delete,generation_selection_or_provenance,高难扩展、候选筛选、bundle 映射或语义复审的中间数据。,删除不改变最终 QA 内容，但会失去其生成、双审和补题来源链。,object,2,25,
data/qa/reasoning/hard_expansion/full_v2_api/review_valid_evidence/claude/1.json,34873,23714fa1d70ae050cbec4ee02e4729e3d97729e97a67ab2fd9079fc39758ca48,archive_then_delete,generation_selection_or_provenance,高难扩展、候选筛选、bundle 映射或语义复审的中间数据。,删除不改变最终 QA 内容，但会失去其生成、双审和补题来源链。,object,9,,
data/qa/reasoning/hard_expansion/full_v2_api/review_valid_evidence/claude/101.json,19510,3f5e386844cc1177a3a5b07dde44f9d375304213f3c78263e0fdcf7bad610420,archive_then_delete,generation_selection_or_provenance,高难扩展、候选筛选、bundle 映射或语义复审的中间数据。,删除不改变最终 QA 内容，但会失去其生成、双审和补题来源链。,object,9,,
data/qa/reasoning/hard_expansion/full_v2_api/review_valid_evidence/claude/102.json,33675,2907e3043a684052aeddc5d81370169fbf819a8229ffbeb8b3c20ae93ad05e1b,archive_then_delete,generation_selection_or_provenance,高难扩展、候选筛选、bundle 映射或语义复审的中间数据。,删除不改变最终 QA 内容，但会失去其生成、双审和补题来源链。,object,9,,
data/qa/reasoning/hard_expansion/full_v2_api/review_valid_evidence/claude/103.json,33305,91ff7b20a93e101c3382c7d1e974841c76cc4c8ee383aa0e34085a5631e22ad2,archive_then_delete,generation_selection_or_provenance,高难扩展、候选筛选、bundle 映射或语义复审的中间数据。,删除不改变最终 QA 内容，但会失去其生成、双审和补题来源链。,object,9,,
data/qa/reasoning/hard_expansion/full_v2_api/review_valid_evidence/claude/104.json,27330,f9f145eb179b4cb2500c86b73c4d041d5b2c8208ffdaa97197eb59b5ae303639,archive_then_delete,generation_selection_or_provenance,高难扩展、候选筛选、bundle 映射或语义复审的中间数据。,删除不改变最终 QA 内容，但会失去其生成、双审和补题来源链。,object,9,,
data/qa/reasoning/hard_expansion/full_v2_api/review_valid_evidence/claude/106.json,30891,e5b8a1e3e681201329e8c138ba3d373e216c839c96dcd72b7d4e8b4c1ecc358a,archive_then_delete,generation_selection_or_provenance,高难扩展、候选筛选、bundle 映射或语义复审的中间数据。,删除不改变最终 QA 内容，但会失去其生成、双审和补题来源链。,object,9,,
data/qa/reasoning/hard_expansion/full_v2_api/review_valid_evidence/claude/11.json,25144,efa647c27ba1f0615cd8a5479e74b1c29e9b081159691a6e17dd169401a8d7f8,archive_then_delete,generation_selection_or_provenance,高难扩展、候选筛选、bundle 映射或语义复审的中间数据。,删除不改变最终 QA 内容，但会失去其生成、双审和补题来源链。,object,9,,
data/qa/reasoning/hard_expansion/full_v2_api/review_valid_evidence/claude/110.json,2401,043b4f366bd1e996db08da3c927214007dda0d7ed186ee7542b56bf47092afcb,archive_then_delete,generation_selection_or_provenance,高难扩展、候选筛选、bundle 映射或语义复审的中间数据。,删除不改变最终 QA 内容，但会失去其生成、双审和补题来源链。,object,9,,
data/qa/reasoning/hard_expansion/full_v2_api/review_valid_evidence/claude/111.json,31254,5e4ff77c010087dfb9fe172da97ba0a77eff66857cc6dbf8fd05a7b210f52468,archive_then_delete,generation_selection_or_provenance,高难扩展、候选筛选、bundle 映射或语义复审的中间数据。,删除不改变最终 QA 内容，但会失去其生成、双审和补题来源链。,object,9,,
data/qa/reasoning/hard_expansion/full_v2_api/review_valid_evidence/claude/116.json,4926,61a38d61a77ef004420256dbde3cc81e71c1dd035469d10b3e9f259141a15c86,archive_then_delete,generation_selection_or_provenance,高难扩展、候选筛选、bundle 映射或语义复审的中间数据。,删除不改变最终 QA 内容，但会失去其生成、双审和补题来源链。,object,9,,
data/qa/reasoning/hard_expansion/full_v2_api/review_valid_evidence/claude/117.json,4711,6e302d910a876f58fe37490e58404f98c122a9fd75c8030547ea7d7a4fa3d324,archive_then_delete,generation_selection_or_provenance,高难扩展、候选筛选、bundle 映射或语义复审的中间数据。,删除不改变最终 QA 内容，但会失去其生成、双审和补题来源链。,object,9,,
data/qa/reasoning/hard_expansion/full_v2_api/review_valid_evidence/claude/118.json,36439,4b627375cb1731e51b5793726f91638ed7ee0a25b51c0655d26a587f5e945daa,archive_then_delete,generation_selection_or_provenance,高难扩展、候选筛选、bundle 映射或语义复审的中间数据。,删除不改变最终 QA 内容，但会失去其生成、双审和补题来源链。,object,9,,
data/qa/reasoning/hard_expansion/full_v2_api/review_valid_evidence/claude/119.json,4886,da795dad2ce716c85f5481637a0150c53afdd9cab0d1a67ea8d1af05a2f16687,archive_then_delete,generation_selection_or_provenance,高难扩展、候选筛选、bundle 映射或语义复审的中间数据。,删除不改变最终 QA 内容，但会失去其生成、双审和补题来源链。,object,9,,
data/qa/reasoning/hard_expansion/full_v2_api/review_valid_evidence/claude/12.json,20285,d85891b04f23d187bc89ef51fae429d68fc901146dbf10fd9192dd97e6857472,archive_then_delete,generation_selection_or_provenance,高难扩展、候选筛选、bundle 映射或语义复审的中间数据。,删除不改变最终 QA 内容，但会失去其生成、双审和补题来源链。,object,9,,
data/qa/reasoning/hard_expansion/full_v2_api/review_valid_evidence/claude/120.json,14521,581156f43909d93885d0189629bcc1480c6b52d66399606ec5cd8cf94813d3d3,archive_then_delete,generation_selection_or_provenance,高难扩展、候选筛选、bundle 映射或语义复审的中间数据。,删除不改变最终 QA 内容，但会失去其生成、双审和补题来源链。,object,9,,
data/qa/reasoning/hard_expansion/full_v2_api/review_valid_evidence/claude/121.json,26754,e5b24e9817fea95f668d05f645f60b362b114ea68f9265b8460a30bb78d235fd,archive_then_delete,generation_selection_or_provenance,高难扩展、候选筛选、bundle 映射或语义复审的中间数据。,删除不改变最终 QA 内容，但会失去其生成、双审和补题来源链。,object,9,,
data/qa/reasoning/hard_expansion/full_v2_api/review_valid_evidence/claude/122.json,31801,e67285bba7df2446903e0c896c76cb573a123ebb22fa5a80a592b4bd449d7bba,archive_then_delete,generation_selection_or_provenance,高难扩展、候选筛选、bundle 映射或语义复审的中间数据。,删除不改变最终 QA 内容，但会失去其生成、双审和补题来源链。,object,9,,
data/qa/reasoning/hard_expansion/full_v2_api/review_valid_evidence/claude/123.json,37478,cba66d8a36431c2551b079f53c9aca58c7cf38c823223bdde6ed02d1a00e68e6,archive_then_delete,generation_selection_or_provenance,高难扩展、候选筛选、bundle 映射或语义复审的中间数据。,删除不改变最终 QA 内容，但会失去其生成、双审和补题来源链。,object,9,,
data/qa/reasoning/hard_expansion/full_v2_api/review_valid_evidence/claude/127.json,33670,175bdc8505f6b15b0efb6b09d342acaa7f900204e3beff48e7e6c3d55232e1c2,archive_then_delete,generation_selection_or_provenance,高难扩展、候选筛选、bundle 映射或语义复审的中间数据。,删除不改变最终 QA 内容，但会失去其生成、双审和补题来源链。,object,9,,
data/qa/reasoning/hard_expansion/full_v2_api/review_valid_evidence/claude/131.json,28485,380369c43fb1da6ecfec2eeab553048ebf2a601724d7a9d7da9e568d7be2241d,archive_then_delete,generation_selection_or_provenance,高难扩展、候选筛选、bundle 映射或语义复审的中间数据。,删除不改变最终 QA 内容，但会失去其生成、双审和补题来源链。,object,9,,
data/qa/reasoning/hard_expansion/full_v2_api/review_valid_evidence/claude/133.json,18128,8468675d89cc63eccebc609097f48d1bb562ae67e5de4568f49687fff943adf8,archive_then_delete,generation_selection_or_provenance,高难扩展、候选筛选、bundle 映射或语义复审的中间数据。,删除不改变最终 QA 内容，但会失去其生成、双审和补题来源链。,object,9,,
data/qa/reasoning/hard_expansion/full_v2_api/review_valid_evidence/claude/135.json,37922,b35a22c6d86d4d232c8f9648f2ea05f2bc432ff49bf60ae228b8e110f81ccb55,archive_then_delete,generation_selection_or_provenance,高难扩展、候选筛选、bundle 映射或语义复审的中间数据。,删除不改变最终 QA 内容，但会失去其生成、双审和补题来源链。,object,9,,
data/qa/reasoning/hard_expansion/full_v2_api/review_valid_evidence/claude/137.json,27505,d1d531ba9410267e2f1580103d21e8f76aeaadfebde5883e526426dd695d1a88,archive_then_delete,generation_selection_or_provenance,高难扩展、候选筛选、bundle 映射或语义复审的中间数据。,删除不改变最终 QA 内容，但会失去其生成、双审和补题来源链。,object,9,,
data/qa/reasoning/hard_expansion/full_v2_api/review_valid_evidence/claude/138.json,30669,6b7c53c57c62467544bd9183d8ab3822dd343fc38fdaf3b0e0c8504d5e811e65,archive_then_delete,generation_selection_or_provenance,高难扩展、候选筛选、bundle 映射或语义复审的中间数据。,删除不改变最终 QA 内容，但会失去其生成、双审和补题来源链。,object,9,,
data/qa/reasoning/hard_expansion/full_v2_api/review_valid_evidence/claude/141.json,34370,6dc32e8b7dbc6d7d2e501c725df3ded030fe6a0c427d130ae65b28dfb2a56170,archive_then_delete,generation_selection_or_provenance,高难扩展、候选筛选、bundle 映射或语义复审的中间数据。,删除不改变最终 QA 内容，但会失去其生成、双审和补题来源链。,object,9,,
data/qa/reasoning/hard_expansion/full_v2_api/review_valid_evidence/claude/143.json,30312,2d4f60d49c4ade6a024d85d27f74ad73b41f4119fbe1ab95d2ffc714f605f498,archive_then_delete,generation_selection_or_provenance,高难扩展、候选筛选、bundle 映射或语义复审的中间数据。,删除不改变最终 QA 内容，但会失去其生成、双审和补题来源链。,object,9,,
data/qa/reasoning/hard_expansion/full_v2_api/review_valid_evidence/claude/144.json,30114,e25210cbc84ba5d776bc2e756ce269d3036dac7a93c1036e0be1458674a53ac2,archive_then_delete,generation_selection_or_provenance,高难扩展、候选筛选、bundle 映射或语义复审的中间数据。,删除不改变最终 QA 内容，但会失去其生成、双审和补题来源链。,object,9,,
data/qa/reasoning/hard_expansion/full_v2_api/review_valid_evidence/claude/149.json,39120,7f84bc4b29b2cfde1e781b6a07b9663758e303332e005dc27b41933e6aaa1f4a,archive_then_delete,generation_selection_or_provenance,高难扩展、候选筛选、bundle 映射或语义复审的中间数据。,删除不改变最终 QA 内容，但会失去其生成、双审和补题来源链。,object,9,,
data/qa/reasoning/hard_expansion/full_v2_api/review_valid_evidence/claude/15.json,15671,a7a294f435378d9d28231a2ca20b1f1a7501c3228699fa1cb933d72b9f86a4e8,archive_then_delete,generation_selection_or_provenance,高难扩展、候选筛选、bundle 映射或语义复审的中间数据。,删除不改变最终 QA 内容，但会失去其生成、双审和补题来源链。,object,9,,
data/qa/reasoning/hard_expansion/full_v2_api/review_valid_evidence/claude/150.json,37293,4902d9597ca26117cba8473eb2bda37a76e230ccbfa8dc2c8e991f067e190fd4,archive_then_delete,generation_selection_or_provenance,高难扩展、候选筛选、bundle 映射或语义复审的中间数据。,删除不改变最终 QA 内容，但会失去其生成、双审和补题来源链。,object,9,,
data/qa/reasoning/hard_expansion/full_v2_api/review_valid_evidence/claude/151.json,33697,b5d9701e6828a59ae263bd69a23031dddc94df8fef266bd6c0b666a597229433,archive_then_delete,generation_selection_or_provenance,高难扩展、候选筛选、bundle 映射或语义复审的中间数据。,删除不改变最终 QA 内容，但会失去其生成、双审和补题来源链。,object,9,,
data/qa/reasoning/hard_expansion/full_v2_api/review_valid_evidence/claude/157.json,32529,7c21bbe5fa620ea0c96be749bbdec60f7bf89e59973cb9ef2cf833e3a30f7a6e,archive_then_delete,generation_selection_or_provenance,高难扩展、候选筛选、bundle 映射或语义复审的中间数据。,删除不改变最终 QA 内容，但会失去其生成、双审和补题来源链。,object,9,,
data/qa/reasoning/hard_expansion/full_v2_api/review_valid_evidence/claude/159.json,19786,9c44b762f867212d26187eb53521f7796fafbe506d0d333b5f9f0b82c58340fc,archive_then_delete,generation_selection_or_provenance,高难扩展、候选筛选、bundle 映射或语义复审的中间数据。,删除不改变最终 QA 内容，但会失去其生成、双审和补题来源链。,object,9,,
data/qa/reasoning/hard_expansion/full_v2_api/review_valid_evidence/claude/16.json,35672,5c41a22323e96331b61f011ee0a2d99f9cd963bc93591380f688392dc62f13e8,archive_then_delete,generation_selection_or_provenance,高难扩展、候选筛选、bundle 映射或语义复审的中间数据。,删除不改变最终 QA 内容，但会失去其生成、双审和补题来源链。,object,9,,
data/qa/reasoning/hard_expansion/full_v2_api/review_valid_evidence/claude/160.json,25869,63ea4e4fbaeab394e006a2f1c8a93b24ea4286656c95b21de0250a07dae2eff0,archive_then_delete,generation_selection_or_provenance,高难扩展、候选筛选、bundle 映射或语义复审的中间数据。,删除不改变最终 QA 内容，但会失去其生成、双审和补题来源链。,object,9,,
data/qa/reasoning/hard_expansion/full_v2_api/review_valid_evidence/claude/165.json,18952,3e805a388e79e429338ace310998f4a9d65a93b9343f9a8f0d8555643c96a01d,archive_then_delete,generation_selection_or_provenance,高难扩展、候选筛选、bundle 映射或语义复审的中间数据。,删除不改变最终 QA 内容，但会失去其生成、双审和补题来源链。,object,9,,
data/qa/reasoning/hard_expansion/full_v2_api/review_valid_evidence/claude/166.json,29799,28eeb0d1e372b32c8511a21d62ecfddeb033b2fc0bd94d3f8d737122057c9e1d,archive_then_delete,generation_selection_or_provenance,高难扩展、候选筛选、bundle 映射或语义复审的中间数据。,删除不改变最终 QA 内容，但会失去其生成、双审和补题来源链。,object,9,,
data/qa/reasoning/hard_expansion/full_v2_api/review_valid_evidence/claude/167.json,36851,7da1ec58d753651965e6058f2c8983d1462a5c3fb407f4bd036e09ad89c90011,archive_then_delete,generation_selection_or_provenance,高难扩展、候选筛选、bundle 映射或语义复审的中间数据。,删除不改变最终 QA 内容，但会失去其生成、双审和补题来源链。,object,9,,
data/qa/reasoning/hard_expansion/full_v2_api/review_valid_evidence/claude/173.json,33780,2605e19d457f6f19a434f1013a69362448a4458b30849c63414668055b766e4c,archive_then_delete,generation_selection_or_provenance,高难扩展、候选筛选、bundle 映射或语义复审的中间数据。,删除不改变最终 QA 内容，但会失去其生成、双审和补题来源链。,object,9,,
data/qa/reasoning/hard_expansion/full_v2_api/review_valid_evidence/claude/175.json,34903,b10e6abf490cbb5c25df65ec14596f99ee77484d479da6f266dd1ac49ad72334,archive_then_delete,generation_selection_or_provenance,高难扩展、候选筛选、bundle 映射或语义复审的中间数据。,删除不改变最终 QA 内容，但会失去其生成、双审和补题来源链。,object,9,,
data/qa/reasoning/hard_expansion/full_v2_api/review_valid_evidence/claude/177.json,32893,dae90bb3f1e30113d6c3926a5ac8d1f68faf1688dd34033ff191308bfd81f470,archive_then_delete,generation_selection_or_provenance,高难扩展、候选筛选、bundle 映射或语义复审的中间数据。,删除不改变最终 QA 内容，但会失去其生成、双审和补题来源链。,object,9,,
data/qa/reasoning/hard_expansion/full_v2_api/review_valid_evidence/claude/178.json,32702,9d067a48ff69c49f7de1369986a04f7cfae5e1e32c23ce261f714758714ecc5c,archive_then_delete,generation_selection_or_provenance,高难扩展、候选筛选、bundle 映射或语义复审的中间数据。,删除不改变最终 QA 内容，但会失去其生成、双审和补题来源链。,object,9,,
data/qa/reasoning/hard_expansion/full_v2_api/review_valid_evidence/claude/179.json,31765,973f1701690bb1556a3fb32a5ffc371c8723b0357cf7ff1cb02a836c1109b492,archive_then_delete,generation_selection_or_provenance,高难扩展、候选筛选、bundle 映射或语义复审的中间数据。,删除不改变最终 QA 内容，但会失去其生成、双审和补题来源链。,object,9,,
data/qa/reasoning/hard_expansion/full_v2_api/review_valid_evidence/claude/18.json,36196,ce0c764422c4ebd2700663ac7ec4b48a853706e7a2ab1e43e6e190547f580bae,archive_then_delete,generation_selection_or_provenance,高难扩展、候选筛选、bundle 映射或语义复审的中间数据。,删除不改变最终 QA 内容，但会失去其生成、双审和补题来源链。,object,9,,
data/qa/reasoning/hard_expansion/full_v2_api/review_valid_evidence/claude/181.json,24478,626ab510f4f5babed43b137e05899af1325aae54b42feade52cc38f893e9d877,archive_then_delete,generation_selection_or_provenance,高难扩展、候选筛选、bundle 映射或语义复审的中间数据。,删除不改变最终 QA 内容，但会失去其生成、双审和补题来源链。,object,9,,
data/qa/reasoning/hard_expansion/full_v2_api/review_valid_evidence/claude/182.json,38178,852fc6598c7f36dcb94497d5c52a58703e564d70532a3eb2d7a6d4ffe3af25bb,archive_then_delete,generation_selection_or_provenance,高难扩展、候选筛选、bundle 映射或语义复审的中间数据。,删除不改变最终 QA 内容，但会失去其生成、双审和补题来源链。,object,9,,
data/qa/reasoning/hard_expansion/full_v2_api/review_valid_evidence/claude/184.json,21480,7f956436e062ff6579731b9ede85e5bcc6b59b365a935d7a1753916fa764ab4b,archive_then_delete,generation_selection_or_provenance,高难扩展、候选筛选、bundle 映射或语义复审的中间数据。,删除不改变最终 QA 内容，但会失去其生成、双审和补题来源链。,object,9,,
data/qa/reasoning/hard_expansion/full_v2_api/review_valid_evidence/claude/185.json,38834,e26aa9c4c33b8cdce7f8fc601f7f5101cdf62c998d9ee8328316fc949371206b,archive_then_delete,generation_selection_or_provenance,高难扩展、候选筛选、bundle 映射或语义复审的中间数据。,删除不改变最终 QA 内容，但会失去其生成、双审和补题来源链。,object,9,,
data/qa/reasoning/hard_expansion/full_v2_api/review_valid_evidence/claude/189.json,31621,1ba61f882d79a0f3f452a59d81123b800cc4a4695cb7a8a2001d298adae54341,archive_then_delete,generation_selection_or_provenance,高难扩展、候选筛选、bundle 映射或语义复审的中间数据。,删除不改变最终 QA 内容，但会失去其生成、双审和补题来源链。,object,9,,
data/qa/reasoning/hard_expansion/full_v2_api/review_valid_evidence/claude/19.json,36268,79ef1d32c3271ae62e3b7f96130661a8211a96c4d43831ea25c72c56ace0cad9,archive_then_delete,generation_selection_or_provenance,高难扩展、候选筛选、bundle 映射或语义复审的中间数据。,删除不改变最终 QA 内容，但会失去其生成、双审和补题来源链。,object,9,,
data/qa/reasoning/hard_expansion/full_v2_api/review_valid_evidence/claude/190.json,14756,581766816b94f9e5a3d5aad282b46c5d3ba5e0764b311ff43a972f8b12928dbc,archive_then_delete,generation_selection_or_provenance,高难扩展、候选筛选、bundle 映射或语义复审的中间数据。,删除不改变最终 QA 内容，但会失去其生成、双审和补题来源链。,object,9,,
data/qa/reasoning/hard_expansion/full_v2_api/review_valid_evidence/claude/191.json,13120,0a86d70abc38cbb09fad108c0ea63f42392656ac7e08a8c0126878d7884d3f4a,archive_then_delete,generation_selection_or_provenance,高难扩展、候选筛选、bundle 映射或语义复审的中间数据。,删除不改变最终 QA 内容，但会失去其生成、双审和补题来源链。,object,9,,
data/qa/reasoning/hard_expansion/full_v2_api/review_valid_evidence/claude/192.json,26154,54355b91f944cd9915f5a6890a44e88893c8bcf976e647753c55e2f9339bc7f2,archive_then_delete,generation_selection_or_provenance,高难扩展、候选筛选、bundle 映射或语义复审的中间数据。,删除不改变最终 QA 内容，但会失去其生成、双审和补题来源链。,object,9,,
data/qa/reasoning/hard_expansion/full_v2_api/review_valid_evidence/claude/193.json,31117,aa079fa0a3022c082970ce5d889761ba45d8711179e87b750ad563a00501670a,archive_then_delete,generation_selection_or_provenance,高难扩展、候选筛选、bundle 映射或语义复审的中间数据。,删除不改变最终 QA 内容，但会失去其生成、双审和补题来源链。,object,9,,
data/qa/reasoning/hard_expansion/full_v2_api/review_valid_evidence/claude/194.json,31923,f171e6776b3960aeb32f4a71cb87b2d36c2ff00ac3df47298934116615dc7998,archive_then_delete,generation_selection_or_provenance,高难扩展、候选筛选、bundle 映射或语义复审的中间数据。,删除不改变最终 QA 内容，但会失去其生成、双审和补题来源链。,object,9,,
data/qa/reasoning/hard_expansion/full_v2_api/review_valid_evidence/claude/197.json,36892,7c7f52346d213826e03ac1bcbbdec4a109c2298cca4d623f4500311e94385a98,archive_then_delete,generation_selection_or_provenance,高难扩展、候选筛选、bundle 映射或语义复审的中间数据。,删除不改变最终 QA 内容，但会失去其生成、双审和补题来源链。,object,9,,
data/qa/reasoning/hard_expansion/full_v2_api/review_valid_evidence/claude/200.json,35513,3a86ab8e8262b3659f52c98b17e2d10b9f6fbc452fbf9d62431023f1f8a0b3b9,archive_then_delete,generation_selection_or_provenance,高难扩展、候选筛选、bundle 映射或语义复审的中间数据。,删除不改变最终 QA 内容，但会失去其生成、双审和补题来源链。,object,9,,
data/qa/reasoning/hard_expansion/full_v2_api/review_valid_evidence/claude/207.json,35958,f28d128f920ed905ce198dca1183490a6e953353b861b7a3b3373d5cfee52afd,archive_then_delete,generation_selection_or_provenance,高难扩展、候选筛选、bundle 映射或语义复审的中间数据。,删除不改变最终 QA 内容，但会失去其生成、双审和补题来源链。,object,9,,
data/qa/reasoning/hard_expansion/full_v2_api/review_valid_evidence/claude/208.json,38663,33681a13aa159ed2db666801226d7f1ed94e80f5d836a27d388a7de13b458212,archive_then_delete,generation_selection_or_provenance,高难扩展、候选筛选、bundle 映射或语义复审的中间数据。,删除不改变最终 QA 内容，但会失去其生成、双审和补题来源链。,object,9,,
data/qa/reasoning/hard_expansion/full_v2_api/review_valid_evidence/claude/209.json,30462,3e13725a9915b17f62e3448d8f903d6cfb8fdd6acf0576215a6e19a034326b18,archive_then_delete,generation_selection_or_provenance,高难扩展、候选筛选、bundle 映射或语义复审的中间数据。,删除不改变最终 QA 内容，但会失去其生成、双审和补题来源链。,object,9,,
data/qa/reasoning/hard_expansion/full_v2_api/review_valid_evidence/claude/212.json,30828,7a4f55f4767eedabf86e6420b61817f7412983151ed27eb3136ee82f6db450ce,archive_then_delete,generation_selection_or_provenance,高难扩展、候选筛选、bundle 映射或语义复审的中间数据。,删除不改变最终 QA 内容，但会失去其生成、双审和补题来源链。,object,9,,
data/qa/reasoning/hard_expansion/full_v2_api/review_valid_evidence/claude/213.json,21680,b58d1a729c9916d3e100c99d10659a069993c57ecae1098f2ea65b0c16440ed4,archive_then_delete,generation_selection_or_provenance,高难扩展、候选筛选、bundle 映射或语义复审的中间数据。,删除不改变最终 QA 内容，但会失去其生成、双审和补题来源链。,object,9,,
data/qa/reasoning/hard_expansion/full_v2_api/review_valid_evidence/claude/215.json,31383,06aaf51b2976c8e173187b0f555e95ed3644bcace5add5cb783adf5839ced4d5,archive_then_delete,generation_selection_or_provenance,高难扩展、候选筛选、bundle 映射或语义复审的中间数据。,删除不改变最终 QA 内容，但会失去其生成、双审和补题来源链。,object,9,,
data/qa/reasoning/hard_expansion/full_v2_api/review_valid_evidence/claude/216.json,37246,a1b5da5b7143172d8bd018f0f95a842e1b1b51bc2660dc947d195de7226c2d00,archive_then_delete,generation_selection_or_provenance,高难扩展、候选筛选、bundle 映射或语义复审的中间数据。,删除不改变最终 QA 内容，但会失去其生成、双审和补题来源链。,object,9,,
data/qa/reasoning/hard_expansion/full_v2_api/review_valid_evidence/claude/219.json,31050,72087dabd03812a2f52da4b6bf3634c722dbdbf8f670d4a6cd5740c79762f0e7,archive_then_delete,generation_selection_or_provenance,高难扩展、候选筛选、bundle 映射或语义复审的中间数据。,删除不改变最终 QA 内容，但会失去其生成、双审和补题来源链。,object,9,,
data/qa/reasoning/hard_expansion/full_v2_api/review_valid_evidence/claude/22.json,2903,37f191b9ef8df9631a17eb5b7ff6c3b1be3697b11678d3aea52874f51d9001a2,archive_then_delete,generation_selection_or_provenance,高难扩展、候选筛选、bundle 映射或语义复审的中间数据。,删除不改变最终 QA 内容，但会失去其生成、双审和补题来源链。,object,9,,
data/qa/reasoning/hard_expansion/full_v2_api/review_valid_evidence/claude/221.json,37572,02e4efa504f89f5f6c0190dccdc4506d0d51e3f96dd13aea08c1d5b28c11409f,archive_then_delete,generation_selection_or_provenance,高难扩展、候选筛选、bundle 映射或语义复审的中间数据。,删除不改变最终 QA 内容，但会失去其生成、双审和补题来源链。,object,9,,
data/qa/reasoning/hard_expansion/full_v2_api/review_valid_evidence/claude/223.json,39296,4fbfce078d1e1c6e32694f764f9155155840992d0520c280fada172a62831831,archive_then_delete,generation_selection_or_provenance,高难扩展、候选筛选、bundle 映射或语义复审的中间数据。,删除不改变最终 QA 内容，但会失去其生成、双审和补题来源链。,object,9,,
data/qa/reasoning/hard_expansion/full_v2_api/review_valid_evidence/claude/225.json,18790,f7a6441b8aaacd7873c1a7ed5399e34230c047b244a75cfb99708e181e40c69b,archive_then_delete,generation_selection_or_provenance,高难扩展、候选筛选、bundle 映射或语义复审的中间数据。,删除不改变最终 QA 内容，但会失去其生成、双审和补题来源链。,object,9,,
data/qa/reasoning/hard_expansion/full_v2_api/review_valid_evidence/claude/226.json,28747,545f04f17bea91e5ecd5c2c985b1afd133093efdb018393d9afd3da1c426e626,archive_then_delete,generation_selection_or_provenance,高难扩展、候选筛选、bundle 映射或语义复审的中间数据。,删除不改变最终 QA 内容，但会失去其生成、双审和补题来源链。,object,9,,
data/qa/reasoning/hard_expansion/full_v2_api/review_valid_evidence/claude/228.json,33561,20adcc873c8f6bc9a642eb4214b49ff9b3cfd19e4409d041a75b4be07bcc713b,archive_then_delete,generation_selection_or_provenance,高难扩展、候选筛选、bundle 映射或语义复审的中间数据。,删除不改变最终 QA 内容，但会失去其生成、双审和补题来源链。,object,9,,
data/qa/reasoning/hard_expansion/full_v2_api/review_valid_evidence/claude/229.json,31218,c8a2dc20cd94c06730e31fd8417829b24cdff922eb7eec3c8e1fe1f69759a91e,archive_then_delete,generation_selection_or_provenance,高难扩展、候选筛选、bundle 映射或语义复审的中间数据。,删除不改变最终 QA 内容，但会失去其生成、双审和补题来源链。,object,9,,
data/qa/reasoning/hard_expansion/full_v2_api/review_valid_evidence/claude/231.json,41696,48904bde06c44d53c217a3cac3396c437a9c9c2a6297b4804f1cf5d1738e2a16,archive_then_delete,generation_selection_or_provenance,高难扩展、候选筛选、bundle 映射或语义复审的中间数据。,删除不改变最终 QA 内容，但会失去其生成、双审和补题来源链。,object,9,,
data/qa/reasoning/hard_expansion/full_v2_api/review_valid_evidence/claude/233.json,30069,b913316ba7534c2d71f3a3dad49af0ab0d810fd1627163197d01d516a30b91f6,archive_then_delete,generation_selection_or_provenance,高难扩展、候选筛选、bundle 映射或语义复审的中间数据。,删除不改变最终 QA 内容，但会失去其生成、双审和补题来源链。,object,9,,
data/qa/reasoning/hard_expansion/full_v2_api/review_valid_evidence/claude/236.json,29750,a01402ab1021a93f56af616cc637dd062f0b8000d1c100aa789c316bc3f7da94,archive_then_delete,generation_selection_or_provenance,高难扩展、候选筛选、bundle 映射或语义复审的中间数据。,删除不改变最终 QA 内容，但会失去其生成、双审和补题来源链。,object,9,,
data/qa/reasoning/hard_expansion/full_v2_api/review_valid_evidence/claude/239.json,36945,2ffbb93588b4d3c38b525d44360ce3fc954d07150d72b5fd406e7e2b097ba7ed,archive_then_delete,generation_selection_or_provenance,高难扩展、候选筛选、bundle 映射或语义复审的中间数据。,删除不改变最终 QA 内容，但会失去其生成、双审和补题来源链。,object,9,,
data/qa/reasoning/hard_expansion/full_v2_api/review_valid_evidence/claude/24.json,32893,32f2341658b8059ccd8dc6d23895518eec3d9fb3d857c05be6780bdd2f607f9d,archive_then_delete,generation_selection_or_provenance,高难扩展、候选筛选、bundle 映射或语义复审的中间数据。,删除不改变最终 QA 内容，但会失去其生成、双审和补题来源链。,object,9,,
data/qa/reasoning/hard_expansion/full_v2_api/review_valid_evidence/claude/242.json,37167,0d4232254bb771670da4f3fbec0c66998cb89b3692f4ebcde3276308e982a6d4,archive_then_delete,generation_selection_or_provenance,高难扩展、候选筛选、bundle 映射或语义复审的中间数据。,删除不改变最终 QA 内容，但会失去其生成、双审和补题来源链。,object,9,,
data/qa/reasoning/hard_expansion/full_v2_api/review_valid_evidence/claude/243.json,39740,c47dc31645d3fa5eb3d9e67da0b4b939689072c6719147ec0bce8e2020223585,archive_then_delete,generation_selection_or_provenance,高难扩展、候选筛选、bundle 映射或语义复审的中间数据。,删除不改变最终 QA 内容，但会失去其生成、双审和补题来源链。,object,9,,
data/qa/reasoning/hard_expansion/full_v2_api/review_valid_evidence/claude/245.json,19580,84df317510e768680744a1b0d3ad743db016c3b25a56f7c98d93132216259a79,archive_then_delete,generation_selection_or_provenance,高难扩展、候选筛选、bundle 映射或语义复审的中间数据。,删除不改变最终 QA 内容，但会失去其生成、双审和补题来源链。,object,9,,
data/qa/reasoning/hard_expansion/full_v2_api/review_valid_evidence/claude/247.json,39581,6093395a113f81edfa68cf7b1f1928b52758e0cfdef438bad8e554fe8789b878,archive_then_delete,generation_selection_or_provenance,高难扩展、候选筛选、bundle 映射或语义复审的中间数据。,删除不改变最终 QA 内容，但会失去其生成、双审和补题来源链。,object,9,,
data/qa/reasoning/hard_expansion/full_v2_api/review_valid_evidence/claude/248.json,32914,19a292fb97c25a128a186877273e132da885bf0519ac95ebf0f464820c0c81a3,archive_then_delete,generation_selection_or_provenance,高难扩展、候选筛选、bundle 映射或语义复审的中间数据。,删除不改变最终 QA 内容，但会失去其生成、双审和补题来源链。,object,9,,
data/qa/reasoning/hard_expansion/full_v2_api/review_valid_evidence/claude/249.json,31078,e28d726219c2b1f2b0fd11a7a60c920c1a2939c69ee5c17f6b6317a86433a01f,archive_then_delete,generation_selection_or_provenance,高难扩展、候选筛选、bundle 映射或语义复审的中间数据。,删除不改变最终 QA 内容，但会失去其生成、双审和补题来源链。,object,9,,
data/qa/reasoning/hard_expansion/full_v2_api/review_valid_evidence/claude/25.json,31329,c3834f2159a2ec4e768b95ff7bc6a553640e9b007e2ca58a631c23d233304700,archive_then_delete,generation_selection_or_provenance,高难扩展、候选筛选、bundle 映射或语义复审的中间数据。,删除不改变最终 QA 内容，但会失去其生成、双审和补题来源链。,object,9,,
data/qa/reasoning/hard_expansion/full_v2_api/review_valid_evidence/claude/250.json,36860,c48aebb8051e42ef219865cf4382dc5ca089e006effa105a5a0aba2a2b3a8598,archive_then_delete,generation_selection_or_provenance,高难扩展、候选筛选、bundle 映射或语义复审的中间数据。,删除不改变最终 QA 内容，但会失去其生成、双审和补题来源链。,object,9,,
data/qa/reasoning/hard_expansion/full_v2_api/review_valid_evidence/claude/251.json,28747,a50449750bb04eed32b114afae62490f36920271d1e2d565834fe9b78151a18a,archive_then_delete,generation_selection_or_provenance,高难扩展、候选筛选、bundle 映射或语义复审的中间数据。,删除不改变最终 QA 内容，但会失去其生成、双审和补题来源链。,object,9,,
data/qa/reasoning/hard_expansion/full_v2_api/review_valid_evidence/claude/252.json,30862,7470883c7306a920668c53ad2f35653297193dc5c85ee852d2a64c7c9a51f104,archive_then_delete,generation_selection_or_provenance,高难扩展、候选筛选、bundle 映射或语义复审的中间数据。,删除不改变最终 QA 内容，但会失去其生成、双审和补题来源链。,object,9,,
data/qa/reasoning/hard_expansion/full_v2_api/review_valid_evidence/claude/254.json,33117,dd1a25bb8e7a29c55f64a235cb843bd7c2ce7d74e3ece5fa9589310b1e1e680f,archive_then_delete,generation_selection_or_provenance,高难扩展、候选筛选、bundle 映射或语义复审的中间数据。,删除不改变最终 QA 内容，但会失去其生成、双审和补题来源链。,object,9,,
data/qa/reasoning/hard_expansion/full_v2_api/review_valid_evidence/claude/257.json,32974,b1f5695fce16b7ab2d91b45116aeae6a5fb2e58ad97679266047dea3bd91b15c,archive_then_delete,generation_selection_or_provenance,高难扩展、候选筛选、bundle 映射或语义复审的中间数据。,删除不改变最终 QA 内容，但会失去其生成、双审和补题来源链。,object,9,,
data/qa/reasoning/hard_expansion/full_v2_api/review_valid_evidence/claude/258.json,32428,1a63037374815f34790b673c7d59e55747ef15ea0d3322497aab8b9159b49421,archive_then_delete,generation_selection_or_provenance,高难扩展、候选筛选、bundle 映射或语义复审的中间数据。,删除不改变最终 QA 内容，但会失去其生成、双审和补题来源链。,object,9,,
data/qa/reasoning/hard_expansion/full_v2_api/review_valid_evidence/claude/259.json,34488,ac2acae5c16120b527f664e1d5cf01776d15773a44bc28bb7316c43c89c68673,archive_then_delete,generation_selection_or_provenance,高难扩展、候选筛选、bundle 映射或语义复审的中间数据。,删除不改变最终 QA 内容，但会失去其生成、双审和补题来源链。,object,9,,
data/qa/reasoning/hard_expansion/full_v2_api/review_valid_evidence/claude/265.json,34991,76c038dbb08e680f9f9de9518c79c11e2dcf2eb84f81aef01205cb864c106aff,archive_then_delete,generation_selection_or_provenance,高难扩展、候选筛选、bundle 映射或语义复审的中间数据。,删除不改变最终 QA 内容，但会失去其生成、双审和补题来源链。,object,9,,
data/qa/reasoning/hard_expansion/full_v2_api/review_valid_evidence/claude/267.json,33760,4b369c3c139095631c299112669b368c205770a64f1feddb07d704e3bd2fa303,archive_then_delete,generation_selection_or_provenance,高难扩展、候选筛选、bundle 映射或语义复审的中间数据。,删除不改变最终 QA 内容，但会失去其生成、双审和补题来源链。,object,9,,
data/qa/reasoning/hard_expansion/full_v2_api/review_valid_evidence/claude/27.json,41147,b3e9911cf639c8644b3f30ff9a1c500c842aa6e3f62ac51862921f6cd8fca50f,archive_then_delete,generation_selection_or_provenance,高难扩展、候选筛选、bundle 映射或语义复审的中间数据。,删除不改变最终 QA 内容，但会失去其生成、双审和补题来源链。,object,9,,
data/qa/reasoning/hard_expansion/full_v2_api/review_valid_evidence/claude/270.json,35665,37e3e44732f2484fc52aa0eab41205ef9b415e67b906950de429e5c9df1d67af,archive_then_delete,generation_selection_or_provenance,高难扩展、候选筛选、bundle 映射或语义复审的中间数据。,删除不改变最终 QA 内容，但会失去其生成、双审和补题来源链。,object,9,,
data/qa/reasoning/hard_expansion/full_v2_api/review_valid_evidence/claude/271.json,20388,7bffaeb9f085c9a4e317bb5336816f952a6782dc28f15b6152505712ae50fde5,archive_then_delete,generation_selection_or_provenance,高难扩展、候选筛选、bundle 映射或语义复审的中间数据。,删除不改变最终 QA 内容，但会失去其生成、双审和补题来源链。,object,9,,
data/qa/reasoning/hard_expansion/full_v2_api/review_valid_evidence/claude/273.json,38169,205e30c1424098212e7512052ae3e7b45c9c75906380e0072add540f70913d8a,archive_then_delete,generation_selection_or_provenance,高难扩展、候选筛选、bundle 映射或语义复审的中间数据。,删除不改变最终 QA 内容，但会失去其生成、双审和补题来源链。,object,9,,
data/qa/reasoning/hard_expansion/full_v2_api/review_valid_evidence/claude/277.json,29923,4fc451917248e0b92218bbe875c5470a8e7edf146da3f1c555157c04f2ab8226,archive_then_delete,generation_selection_or_provenance,高难扩展、候选筛选、bundle 映射或语义复审的中间数据。,删除不改变最终 QA 内容，但会失去其生成、双审和补题来源链。,object,9,,
data/qa/reasoning/hard_expansion/full_v2_api/review_valid_evidence/claude/278.json,23468,72edd9189f63c32b8dbcbd979e7eb2fcc7f776c4fd546aaa2a1c9311e1652117,archive_then_delete,generation_selection_or_provenance,高难扩展、候选筛选、bundle 映射或语义复审的中间数据。,删除不改变最终 QA 内容，但会失去其生成、双审和补题来源链。,object,9,,
data/qa/reasoning/hard_expansion/full_v2_api/review_valid_evidence/claude/279.json,34656,28ab1b63f7b8d3fc22eeeb420fa2984cecd76ef99a6d37431a0d75002dd30937,archive_then_delete,generation_selection_or_provenance,高难扩展、候选筛选、bundle 映射或语义复审的中间数据。,删除不改变最终 QA 内容，但会失去其生成、双审和补题来源链。,object,9,,
data/qa/reasoning/hard_expansion/full_v2_api/review_valid_evidence/claude/282.json,33769,d0064bf00c85f54b37a3c3d68dce01590a25dc1d2050101cb88cefc69a733cc7,archive_then_delete,generation_selection_or_provenance,高难扩展、候选筛选、bundle 映射或语义复审的中间数据。,删除不改变最终 QA 内容，但会失去其生成、双审和补题来源链。,object,9,,
data/qa/reasoning/hard_expansion/full_v2_api/review_valid_evidence/claude/283.json,36233,defc07f77fd72e79fc000d2bdb5959b8fe54f50651d9268a31cf54627d044031,archive_then_delete,generation_selection_or_provenance,高难扩展、候选筛选、bundle 映射或语义复审的中间数据。,删除不改变最终 QA 内容，但会失去其生成、双审和补题来源链。,object,9,,
data/qa/reasoning/hard_expansion/full_v2_api/review_valid_evidence/claude/284.json,32798,1a6bb4108f14acba28c9ef2efde8c50b7efd3691341eb8130b2fd17e78b38569,archive_then_delete,generation_selection_or_provenance,高难扩展、候选筛选、bundle 映射或语义复审的中间数据。,删除不改变最终 QA 内容，但会失去其生成、双审和补题来源链。,object,9,,
data/qa/reasoning/hard_expansion/full_v2_api/review_valid_evidence/claude/287.json,23144,3d7867119e5f4495f070e5c3d35fe9545cbfeefbdeaccf24170eacb892e327c9,archive_then_delete,generation_selection_or_provenance,高难扩展、候选筛选、bundle 映射或语义复审的中间数据。,删除不改变最终 QA 内容，但会失去其生成、双审和补题来源链。,object,9,,
data/qa/reasoning/hard_expansion/full_v2_api/review_valid_evidence/claude/29.json,9867,6e47b6ca3f825f1233e2590e0807cf205ce0f3957d2164b60f54d2209e7d2758,archive_then_delete,generation_selection_or_provenance,高难扩展、候选筛选、bundle 映射或语义复审的中间数据。,删除不改变最终 QA 内容，但会失去其生成、双审和补题来源链。,object,9,,
data/qa/reasoning/hard_expansion/full_v2_api/review_valid_evidence/claude/290.json,34041,9ec35f69e15fca709d4e4387f78665967d0a22ee41bc6b87b9fb171dff5207eb,archive_then_delete,generation_selection_or_provenance,高难扩展、候选筛选、bundle 映射或语义复审的中间数据。,删除不改变最终 QA 内容，但会失去其生成、双审和补题来源链。,object,9,,
data/qa/reasoning/hard_expansion/full_v2_api/review_valid_evidence/claude/291.json,8519,16e4c0e8192f3db43ccbaad84da53f977819f5679845d12717ee29d7403b38ac,archive_then_delete,generation_selection_or_provenance,高难扩展、候选筛选、bundle 映射或语义复审的中间数据。,删除不改变最终 QA 内容，但会失去其生成、双审和补题来源链。,object,9,,
data/qa/reasoning/hard_expansion/full_v2_api/review_valid_evidence/claude/292.json,27843,60297087452ca9b44060b20a53d6940583eff556e9bebf3e752060714c46eec5,archive_then_delete,generation_selection_or_provenance,高难扩展、候选筛选、bundle 映射或语义复审的中间数据。,删除不改变最终 QA 内容，但会失去其生成、双审和补题来源链。,object,9,,
data/qa/reasoning/hard_expansion/full_v2_api/review_valid_evidence/claude/294.json,38918,ed1f3dfd8908118df7cc86d567e75dcb392125fd8b2d35a515edc6c1290293ff,archive_then_delete,generation_selection_or_provenance,高难扩展、候选筛选、bundle 映射或语义复审的中间数据。,删除不改变最终 QA 内容，但会失去其生成、双审和补题来源链。,object,9,,
data/qa/reasoning/hard_expansion/full_v2_api/review_valid_evidence/claude/295.json,19992,43f8018252322e10960070ce7744d3220f4c3ec820b6ed9c4ba8fa689cedc259,archive_then_delete,generation_selection_or_provenance,高难扩展、候选筛选、bundle 映射或语义复审的中间数据。,删除不改变最终 QA 内容，但会失去其生成、双审和补题来源链。,object,9,,
data/qa/reasoning/hard_expansion/full_v2_api/review_valid_evidence/claude/297.json,7459,b5d6d4f3c5115caea20a0655955c87897e21543a2f9bf075856c4a626c32045a,archive_then_delete,generation_selection_or_provenance,高难扩展、候选筛选、bundle 映射或语义复审的中间数据。,删除不改变最终 QA 内容，但会失去其生成、双审和补题来源链。,object,9,,
data/qa/reasoning/hard_expansion/full_v2_api/review_valid_evidence/claude/299.json,35107,d4d2576ea2dd923514456f9a5a8794729c68834e1b3b239db1dd81ba78dbc08d,archive_then_delete,generation_selection_or_provenance,高难扩展、候选筛选、bundle 映射或语义复审的中间数据。,删除不改变最终 QA 内容，但会失去其生成、双审和补题来源链。,object,9,,
data/qa/reasoning/hard_expansion/full_v2_api/review_valid_evidence/claude/3.json,35252,92229bfd0ec171310aa75abb7ffcf0560fa765b93b2454982cc9b657b18de83a,archive_then_delete,generation_selection_or_provenance,高难扩展、候选筛选、bundle 映射或语义复审的中间数据。,删除不改变最终 QA 内容，但会失去其生成、双审和补题来源链。,object,9,,
data/qa/reasoning/hard_expansion/full_v2_api/review_valid_evidence/claude/30.json,28363,0c65b163c0f9cfe3879873fa5d81b585b71a41a2b368f3911445a4af3349ce46,archive_then_delete,generation_selection_or_provenance,高难扩展、候选筛选、bundle 映射或语义复审的中间数据。,删除不改变最终 QA 内容，但会失去其生成、双审和补题来源链。,object,9,,
data/qa/reasoning/hard_expansion/full_v2_api/review_valid_evidence/claude/302.json,27331,fe1105696f8e5d05796b93accfe10e036c115bc7dae168fb87adf92b9451c588,archive_then_delete,generation_selection_or_provenance,高难扩展、候选筛选、bundle 映射或语义复审的中间数据。,删除不改变最终 QA 内容，但会失去其生成、双审和补题来源链。,object,9,,
data/qa/reasoning/hard_expansion/full_v2_api/review_valid_evidence/claude/304.json,38070,92bde918b6ebf60dd4e5aa01199e707bc7555eae494ecd3876249bbbfe24c1eb,archive_then_delete,generation_selection_or_provenance,高难扩展、候选筛选、bundle 映射或语义复审的中间数据。,删除不改变最终 QA 内容，但会失去其生成、双审和补题来源链。,object,9,,
data/qa/reasoning/hard_expansion/full_v2_api/review_valid_evidence/claude/305.json,32053,8bf4ba23a707c27bb68cdab097dbb39c8a41ed164330c18a5dbff9d0c927e93e,archive_then_delete,generation_selection_or_provenance,高难扩展、候选筛选、bundle 映射或语义复审的中间数据。,删除不改变最终 QA 内容，但会失去其生成、双审和补题来源链。,object,9,,
data/qa/reasoning/hard_expansion/full_v2_api/review_valid_evidence/claude/308.json,8699,60a9f79278a479f58a6c44384b07a6015abc162e8328f79bf1099064df43873d,archive_then_delete,generation_selection_or_provenance,高难扩展、候选筛选、bundle 映射或语义复审的中间数据。,删除不改变最终 QA 内容，但会失去其生成、双审和补题来源链。,object,9,,
data/qa/reasoning/hard_expansion/full_v2_api/review_valid_evidence/claude/311.json,28736,ab0d534d8f6de633c922cf3c309eda10b8a82e4cf354fa1233f43353063a71c2,archive_then_delete,generation_selection_or_provenance,高难扩展、候选筛选、bundle 映射或语义复审的中间数据。,删除不改变最终 QA 内容，但会失去其生成、双审和补题来源链。,object,9,,
data/qa/reasoning/hard_expansion/full_v2_api/review_valid_evidence/claude/314.json,33439,4334cc0292ea25efb4f284595d7b975ac76b7a384271dc63df8b40ccf284e06b,archive_then_delete,generation_selection_or_provenance,高难扩展、候选筛选、bundle 映射或语义复审的中间数据。,删除不改变最终 QA 内容，但会失去其生成、双审和补题来源链。,object,9,,
data/qa/reasoning/hard_expansion/full_v2_api/review_valid_evidence/claude/316.json,12782,5399ad278e5f0a8363d986b8f950334e673715e6c0b37993250dbd6672715e91,archive_then_delete,generation_selection_or_provenance,高难扩展、候选筛选、bundle 映射或语义复审的中间数据。,删除不改变最终 QA 内容，但会失去其生成、双审和补题来源链。,object,9,,
data/qa/reasoning/hard_expansion/full_v2_api/review_valid_evidence/claude/318.json,30590,298f1cc242c9f1677cab05b5aaf58ef1123740f5b705107092cba9ad3e09873d,archive_then_delete,generation_selection_or_provenance,高难扩展、候选筛选、bundle 映射或语义复审的中间数据。,删除不改变最终 QA 内容，但会失去其生成、双审和补题来源链。,object,9,,
data/qa/reasoning/hard_expansion/full_v2_api/review_valid_evidence/claude/32.json,2618,9899ac3c24b2481350b3a24568b6894ef25d4f07f3251ba0869f6594e36fda79,archive_then_delete,generation_selection_or_provenance,高难扩展、候选筛选、bundle 映射或语义复审的中间数据。,删除不改变最终 QA 内容，但会失去其生成、双审和补题来源链。,object,9,,
data/qa/reasoning/hard_expansion/full_v2_api/review_valid_evidence/claude/321.json,33182,bde93c4249faa18f1c85114c664761c41053cc892c760fd22ba079143da4e732,archive_then_delete,generation_selection_or_provenance,高难扩展、候选筛选、bundle 映射或语义复审的中间数据。,删除不改变最终 QA 内容，但会失去其生成、双审和补题来源链。,object,9,,
data/qa/reasoning/hard_expansion/full_v2_api/review_valid_evidence/claude/322.json,31135,3a4177b8731be9b278f032a538f905d172109eaa556fd90cffeb70be9364bfae,archive_then_delete,generation_selection_or_provenance,高难扩展、候选筛选、bundle 映射或语义复审的中间数据。,删除不改变最终 QA 内容，但会失去其生成、双审和补题来源链。,object,9,,
data/qa/reasoning/hard_expansion/full_v2_api/review_valid_evidence/claude/323.json,16632,9b7d4b541fa46eb583d9a0c35bdbd4c0a459b87eb7d4fa7dae3cbe25ddc25f02,archive_then_delete,generation_selection_or_provenance,高难扩展、候选筛选、bundle 映射或语义复审的中间数据。,删除不改变最终 QA 内容，但会失去其生成、双审和补题来源链。,object,9,,
data/qa/reasoning/hard_expansion/full_v2_api/review_valid_evidence/claude/324.json,32578,515d55ec49cd2d4c9b49c3b4a06890003fb7a7eec16faa97c267836513be72b8,archive_then_delete,generation_selection_or_provenance,高难扩展、候选筛选、bundle 映射或语义复审的中间数据。,删除不改变最终 QA 内容，但会失去其生成、双审和补题来源链。,object,9,,
data/qa/reasoning/hard_expansion/full_v2_api/review_valid_evidence/claude/325.json,31177,f156ab912f4fc0e1003987c3311dccb826c443686e6b42c815b86b4387bc005a,archive_then_delete,generation_selection_or_provenance,高难扩展、候选筛选、bundle 映射或语义复审的中间数据。,删除不改变最终 QA 内容，但会失去其生成、双审和补题来源链。,object,9,,
data/qa/reasoning/hard_expansion/full_v2_api/review_valid_evidence/claude/327.json,29253,8e079a4d9d5d7637e17491213188744c37b6513853f6d7a7529db011dd0128dc,archive_then_delete,generation_selection_or_provenance,高难扩展、候选筛选、bundle 映射或语义复审的中间数据。,删除不改变最终 QA 内容，但会失去其生成、双审和补题来源链。,object,9,,
data/qa/reasoning/hard_expansion/full_v2_api/review_valid_evidence/claude/330.json,35707,83d48d24ff7036252ac168a5a3544faf429664b06eace401a14faf58934d7b62,archive_then_delete,generation_selection_or_provenance,高难扩展、候选筛选、bundle 映射或语义复审的中间数据。,删除不改变最终 QA 内容，但会失去其生成、双审和补题来源链。,object,9,,
data/qa/reasoning/hard_expansion/full_v2_api/review_valid_evidence/claude/331.json,41344,26f6823d65293ac689860e912270cbf8e06de3ffc732f925ff512ea627430e9f,archive_then_delete,generation_selection_or_provenance,高难扩展、候选筛选、bundle 映射或语义复审的中间数据。,删除不改变最终 QA 内容，但会失去其生成、双审和补题来源链。,object,9,,
data/qa/reasoning/hard_expansion/full_v2_api/review_valid_evidence/claude/332.json,15356,cd9392c8aba69a2442a8f47089889ed2f4f77c00180655e72499ec042cbfd1f4,archive_then_delete,generation_selection_or_provenance,高难扩展、候选筛选、bundle 映射或语义复审的中间数据。,删除不改变最终 QA 内容，但会失去其生成、双审和补题来源链。,object,9,,
data/qa/reasoning/hard_expansion/full_v2_api/review_valid_evidence/claude/334.json,33349,1fc3500e870f68877006ae557d2aab230d7e2aed69895f603631c05a27ae5fe6,archive_then_delete,generation_selection_or_provenance,高难扩展、候选筛选、bundle 映射或语义复审的中间数据。,删除不改变最终 QA 内容，但会失去其生成、双审和补题来源链。,object,9,,
data/qa/reasoning/hard_expansion/full_v2_api/review_valid_evidence/claude/335.json,30137,31e452360d96b0533b6c80ffc7f1e2638327f8cd4a245a04d5495e0e2a5affce,archive_then_delete,generation_selection_or_provenance,高难扩展、候选筛选、bundle 映射或语义复审的中间数据。,删除不改变最终 QA 内容，但会失去其生成、双审和补题来源链。,object,9,,
data/qa/reasoning/hard_expansion/full_v2_api/review_valid_evidence/claude/336.json,36341,5b6b96621d29e3fd31de901c04e8845f9ce278a328e19498f21392057ea013be,archive_then_delete,generation_selection_or_provenance,高难扩展、候选筛选、bundle 映射或语义复审的中间数据。,删除不改变最终 QA 内容，但会失去其生成、双审和补题来源链。,object,9,,
data/qa/reasoning/hard_expansion/full_v2_api/review_valid_evidence/claude/338.json,29178,6aeb6cd88716071fba9689a3f32e8acfa3469e354396df059aed823efddf2e52,archive_then_delete,generation_selection_or_provenance,高难扩展、候选筛选、bundle 映射或语义复审的中间数据。,删除不改变最终 QA 内容，但会失去其生成、双审和补题来源链。,object,9,,
data/qa/reasoning/hard_expansion/full_v2_api/review_valid_evidence/claude/340.json,31559,b9e6dc3c34734b502bfa3fda18fb10ecad818a75c743cb05065d4e5ffd86f27d,archive_then_delete,generation_selection_or_provenance,高难扩展、候选筛选、bundle 映射或语义复审的中间数据。,删除不改变最终 QA 内容，但会失去其生成、双审和补题来源链。,object,9,,
data/qa/reasoning/hard_expansion/full_v2_api/review_valid_evidence/claude/342.json,30954,aef95f5c92cf99e0132fa426c57f840b89650f045b04f269a670f2c70ce7ecf0,archive_then_delete,generation_selection_or_provenance,高难扩展、候选筛选、bundle 映射或语义复审的中间数据。,删除不改变最终 QA 内容，但会失去其生成、双审和补题来源链。,object,9,,
data/qa/reasoning/hard_expansion/full_v2_api/review_valid_evidence/claude/346.json,37952,6e489e6f6602d7462136ab0423abd74811c233eebe9ccf3e84944d7496be0025,archive_then_delete,generation_selection_or_provenance,高难扩展、候选筛选、bundle 映射或语义复审的中间数据。,删除不改变最终 QA 内容，但会失去其生成、双审和补题来源链。,object,9,,
data/qa/reasoning/hard_expansion/full_v2_api/review_valid_evidence/claude/350.json,34398,363049b6ed2feaa8f38cf4c13eeadff2d829244ead95300fa869531f4bd9bfa9,archive_then_delete,generation_selection_or_provenance,高难扩展、候选筛选、bundle 映射或语义复审的中间数据。,删除不改变最终 QA 内容，但会失去其生成、双审和补题来源链。,object,9,,
data/qa/reasoning/hard_expansion/full_v2_api/review_valid_evidence/claude/351.json,38474,b4016e0c923cec68f6f1cb8134bcdcbcaf99ecf61f9aae0b880c6fa3bd5f30e5,archive_then_delete,generation_selection_or_provenance,高难扩展、候选筛选、bundle 映射或语义复审的中间数据。,删除不改变最终 QA 内容，但会失去其生成、双审和补题来源链。,object,9,,
data/qa/reasoning/hard_expansion/full_v2_api/review_valid_evidence/claude/352.json,31755,f1108142cc2865709083afcc64e5d43490d4fa91cf79a4b3821848dc3b7cc2e2,archive_then_delete,generation_selection_or_provenance,高难扩展、候选筛选、bundle 映射或语义复审的中间数据。,删除不改变最终 QA 内容，但会失去其生成、双审和补题来源链。,object,9,,
data/qa/reasoning/hard_expansion/full_v2_api/review_valid_evidence/claude/358.json,36052,8bacf34034e12bb36d664d23636591721f31799e0c1acc8285da73a96cd5c4dd,archive_then_delete,generation_selection_or_provenance,高难扩展、候选筛选、bundle 映射或语义复审的中间数据。,删除不改变最终 QA 内容，但会失去其生成、双审和补题来源链。,object,9,,
data/qa/reasoning/hard_expansion/full_v2_api/review_valid_evidence/claude/359.json,32996,8bbfed5bd35f6a89fd6cfe44675fabf599ad42b9483aeb4cb9dbe2e5e58cf5a3,archive_then_delete,generation_selection_or_provenance,高难扩展、候选筛选、bundle 映射或语义复审的中间数据。,删除不改变最终 QA 内容，但会失去其生成、双审和补题来源链。,object,9,,
data/qa/reasoning/hard_expansion/full_v2_api/review_valid_evidence/claude/361.json,33499,068da0948286274c11e4d82b0bc5e12b1cc3964c1a8cede80ffee0bec38f6af6,archive_then_delete,generation_selection_or_provenance,高难扩展、候选筛选、bundle 映射或语义复审的中间数据。,删除不改变最终 QA 内容，但会失去其生成、双审和补题来源链。,object,9,,
data/qa/reasoning/hard_expansion/full_v2_api/review_valid_evidence/claude/362.json,34538,1c695f982d4d0f73de6702800f7ad2013b86c8033eefb7bb71bac7c98b4eafb4,archive_then_delete,generation_selection_or_provenance,高难扩展、候选筛选、bundle 映射或语义复审的中间数据。,删除不改变最终 QA 内容，但会失去其生成、双审和补题来源链。,object,9,,
data/qa/reasoning/hard_expansion/full_v2_api/review_valid_evidence/claude/363.json,24726,2bb2d4cf176927a4563e97c126ad8b6c43ffe45de65c189656dffc0549cfc759,archive_then_delete,generation_selection_or_provenance,高难扩展、候选筛选、bundle 映射或语义复审的中间数据。,删除不改变最终 QA 内容，但会失去其生成、双审和补题来源链。,object,9,,
data/qa/reasoning/hard_expansion/full_v2_api/review_valid_evidence/claude/369.json,35825,92e62636397feeee2141dfc64ad4a2c3778114d586156f504c813ef5ba2c6dae,archive_then_delete,generation_selection_or_provenance,高难扩展、候选筛选、bundle 映射或语义复审的中间数据。,删除不改变最终 QA 内容，但会失去其生成、双审和补题来源链。,object,9,,
data/qa/reasoning/hard_expansion/full_v2_api/review_valid_evidence/claude/37.json,37483,ad493b6dbf6d9e5b6fb642d314ac8e68509346209ffdf7b2fbba4d6f98c199e7,archive_then_delete,generation_selection_or_provenance,高难扩展、候选筛选、bundle 映射或语义复审的中间数据。,删除不改变最终 QA 内容，但会失去其生成、双审和补题来源链。,object,9,,
data/qa/reasoning/hard_expansion/full_v2_api/review_valid_evidence/claude/370.json,33835,4836df826ecb096bf1b7596cad04190c1ab63f8bbd7b6abd6e3170744644caf6,archive_then_delete,generation_selection_or_provenance,高难扩展、候选筛选、bundle 映射或语义复审的中间数据。,删除不改变最终 QA 内容，但会失去其生成、双审和补题来源链。,object,9,,
data/qa/reasoning/hard_expansion/full_v2_api/review_valid_evidence/claude/375.json,12068,2d1b64d1a26140bc5da4584c74fc052df5bbeabd940f8b1fcb67c69fd6707bca,archive_then_delete,generation_selection_or_provenance,高难扩展、候选筛选、bundle 映射或语义复审的中间数据。,删除不改变最终 QA 内容，但会失去其生成、双审和补题来源链。,object,9,,
data/qa/reasoning/hard_expansion/full_v2_api/review_valid_evidence/claude/376.json,31879,f41026f8dba5ed07d1af7e04dfe7aeb3d3bf824ea82f840850630647775aa764,archive_then_delete,generation_selection_or_provenance,高难扩展、候选筛选、bundle 映射或语义复审的中间数据。,删除不改变最终 QA 内容，但会失去其生成、双审和补题来源链。,object,9,,
data/qa/reasoning/hard_expansion/full_v2_api/review_valid_evidence/claude/378.json,34810,f68294becd162a86ec0306998b694f6cd898f73cd84e967c357c0dfbaa976aef,archive_then_delete,generation_selection_or_provenance,高难扩展、候选筛选、bundle 映射或语义复审的中间数据。,删除不改变最终 QA 内容，但会失去其生成、双审和补题来源链。,object,9,,
data/qa/reasoning/hard_expansion/full_v2_api/review_valid_evidence/claude/38.json,12171,5f2e7d98c6144a799e2dfef0bc0650267bb8851d1dd7a1fe9f974db9551abe57,archive_then_delete,generation_selection_or_provenance,高难扩展、候选筛选、bundle 映射或语义复审的中间数据。,删除不改变最终 QA 内容，但会失去其生成、双审和补题来源链。,object,9,,
data/qa/reasoning/hard_expansion/full_v2_api/review_valid_evidence/claude/387.json,37187,1aab4650b7af3015dbcb4daeff016ccd28fa67b1e01e34684312213694a1e229,archive_then_delete,generation_selection_or_provenance,高难扩展、候选筛选、bundle 映射或语义复审的中间数据。,删除不改变最终 QA 内容，但会失去其生成、双审和补题来源链。,object,9,,
data/qa/reasoning/hard_expansion/full_v2_api/review_valid_evidence/claude/388.json,30267,ff8853ca73a84dafd6e7f516006259c5339f9282d6f682dfb36cd88d76847c96,archive_then_delete,generation_selection_or_provenance,高难扩展、候选筛选、bundle 映射或语义复审的中间数据。,删除不改变最终 QA 内容，但会失去其生成、双审和补题来源链。,object,9,,
data/qa/reasoning/hard_expansion/full_v2_api/review_valid_evidence/claude/390.json,18256,9f720cfffc909e66dacfd91b0f585e3becc4a9a6da9a8f93ee7f6ef9e64bfb39,archive_then_delete,generation_selection_or_provenance,高难扩展、候选筛选、bundle 映射或语义复审的中间数据。,删除不改变最终 QA 内容，但会失去其生成、双审和补题来源链。,object,9,,
data/qa/reasoning/hard_expansion/full_v2_api/review_valid_evidence/claude/391.json,35037,d5c3551c8327b8e341ef834dbe03e9c5af9fe43065eeb84e8efa2285334813c2,archive_then_delete,generation_selection_or_provenance,高难扩展、候选筛选、bundle 映射或语义复审的中间数据。,删除不改变最终 QA 内容，但会失去其生成、双审和补题来源链。,object,9,,
data/qa/reasoning/hard_expansion/full_v2_api/review_valid_evidence/claude/392.json,33212,27b73a040d7293213f1146697f3c422322e9986e20ff3bc544aa5c060e6becaf,archive_then_delete,generation_selection_or_provenance,高难扩展、候选筛选、bundle 映射或语义复审的中间数据。,删除不改变最终 QA 内容，但会失去其生成、双审和补题来源链。,object,9,,
data/qa/reasoning/hard_expansion/full_v2_api/review_valid_evidence/claude/395.json,33228,a1b8381ca37f9587e84f0f05bd7c606b34b984fd5e9ce06fde4c328ff6eb440f,archive_then_delete,generation_selection_or_provenance,高难扩展、候选筛选、bundle 映射或语义复审的中间数据。,删除不改变最终 QA 内容，但会失去其生成、双审和补题来源链。,object,9,,
data/qa/reasoning/hard_expansion/full_v2_api/review_valid_evidence/claude/396.json,36513,2a932e3260865e4a5594788ca613d70e9f2bd13e62138958ff3c509226a8be9a,archive_then_delete,generation_selection_or_provenance,高难扩展、候选筛选、bundle 映射或语义复审的中间数据。,删除不改变最终 QA 内容，但会失去其生成、双审和补题来源链。,object,9,,
data/qa/reasoning/hard_expansion/full_v2_api/review_valid_evidence/claude/397.json,34885,16ba91ed0a053cb0ab1059811204fb3702da319e05cae4ded6c106837ae94c14,archive_then_delete,generation_selection_or_provenance,高难扩展、候选筛选、bundle 映射或语义复审的中间数据。,删除不改变最终 QA 内容，但会失去其生成、双审和补题来源链。,object,9,,
data/qa/reasoning/hard_expansion/full_v2_api/review_valid_evidence/claude/398.json,34023,b6c4be122ed85c1aec78edb831050f3149e032ae8323d06420cd83b6a622d92d,archive_then_delete,generation_selection_or_provenance,高难扩展、候选筛选、bundle 映射或语义复审的中间数据。,删除不改变最终 QA 内容，但会失去其生成、双审和补题来源链。,object,9,,
data/qa/reasoning/hard_expansion/full_v2_api/review_valid_evidence/claude/4.json,38102,2fa0ab530f16c9270e57ac7d366aca72b0b5d5b46bf6c029ab3c44d3f77fabd8,archive_then_delete,generation_selection_or_provenance,高难扩展、候选筛选、bundle 映射或语义复审的中间数据。,删除不改变最终 QA 内容，但会失去其生成、双审和补题来源链。,object,9,,
data/qa/reasoning/hard_expansion/full_v2_api/review_valid_evidence/claude/40.json,34663,3d5d2189e7c5acd553d8af85bb396a8944ecde39405a63970e9c031dafb0c706,archive_then_delete,generation_selection_or_provenance,高难扩展、候选筛选、bundle 映射或语义复审的中间数据。,删除不改变最终 QA 内容，但会失去其生成、双审和补题来源链。,object,9,,
data/qa/reasoning/hard_expansion/full_v2_api/review_valid_evidence/claude/400.json,32046,6666787da8c663c1039383c5b8760ee7791eb711308168e9515f248f5006d5f3,archive_then_delete,generation_selection_or_provenance,高难扩展、候选筛选、bundle 映射或语义复审的中间数据。,删除不改变最终 QA 内容，但会失去其生成、双审和补题来源链。,object,9,,
data/qa/reasoning/hard_expansion/full_v2_api/review_valid_evidence/claude/401.json,37293,7e234da151df56bd0722ef82d5f0cfb8538fe8f7ed4644bdf6f5cc38883791af,archive_then_delete,generation_selection_or_provenance,高难扩展、候选筛选、bundle 映射或语义复审的中间数据。,删除不改变最终 QA 内容，但会失去其生成、双审和补题来源链。,object,9,,
data/qa/reasoning/hard_expansion/full_v2_api/review_valid_evidence/claude/403.json,42007,3774631955ec7855c8a2fed9010d070c039aa8bad0020786aa83145ec2233e51,archive_then_delete,generation_selection_or_provenance,高难扩展、候选筛选、bundle 映射或语义复审的中间数据。,删除不改变最终 QA 内容，但会失去其生成、双审和补题来源链。,object,9,,
data/qa/reasoning/hard_expansion/full_v2_api/review_valid_evidence/claude/404.json,30103,bc0b47e733680908794fb8c15f2c3276e05f1570f78ce1a5df3da9c38b08b4ae,archive_then_delete,generation_selection_or_provenance,高难扩展、候选筛选、bundle 映射或语义复审的中间数据。,删除不改变最终 QA 内容，但会失去其生成、双审和补题来源链。,object,9,,
data/qa/reasoning/hard_expansion/full_v2_api/review_valid_evidence/claude/405.json,26516,3f7aa2357e9b746e5f137c952a56d3c208c6adfb494087d007b60e225b13bb65,archive_then_delete,generation_selection_or_provenance,高难扩展、候选筛选、bundle 映射或语义复审的中间数据。,删除不改变最终 QA 内容，但会失去其生成、双审和补题来源链。,object,9,,
data/qa/reasoning/hard_expansion/full_v2_api/review_valid_evidence/claude/408.json,12862,6d1ae531a75c005cc5a6707e0b222a784528b412b2c41a00d730931b1c37ccfa,archive_then_delete,generation_selection_or_provenance,高难扩展、候选筛选、bundle 映射或语义复审的中间数据。,删除不改变最终 QA 内容，但会失去其生成、双审和补题来源链。,object,9,,
data/qa/reasoning/hard_expansion/full_v2_api/review_valid_evidence/claude/410.json,16740,0386a74fd659fcd50b1a50fd7b3d86a6da84361a9ce0defd93458842b11ad2dc,archive_then_delete,generation_selection_or_provenance,高难扩展、候选筛选、bundle 映射或语义复审的中间数据。,删除不改变最终 QA 内容，但会失去其生成、双审和补题来源链。,object,9,,
data/qa/reasoning/hard_expansion/full_v2_api/review_valid_evidence/claude/412.json,31692,c2396365f10895491ba8243b43c5c7596f6c48f5ca3d114d1352a7ab7ae11176,archive_then_delete,generation_selection_or_provenance,高难扩展、候选筛选、bundle 映射或语义复审的中间数据。,删除不改变最终 QA 内容，但会失去其生成、双审和补题来源链。,object,9,,
data/qa/reasoning/hard_expansion/full_v2_api/review_valid_evidence/claude/413.json,13096,b6273a69beaeaf1678b61aa5904b099680ca0d3e4931a88858c707391958566c,archive_then_delete,generation_selection_or_provenance,高难扩展、候选筛选、bundle 映射或语义复审的中间数据。,删除不改变最终 QA 内容，但会失去其生成、双审和补题来源链。,object,9,,
data/qa/reasoning/hard_expansion/full_v2_api/review_valid_evidence/claude/414.json,31864,8bd9abf7a87d42572af19627e57d7ee4715dfd535b1fdf2745e82947b6f71958,archive_then_delete,generation_selection_or_provenance,高难扩展、候选筛选、bundle 映射或语义复审的中间数据。,删除不改变最终 QA 内容，但会失去其生成、双审和补题来源链。,object,9,,
data/qa/reasoning/hard_expansion/full_v2_api/review_valid_evidence/claude/418.json,16974,764274084f8db6bfc530d6036c0552455c5f622f04f7bfe13c6eaa4409acce39,archive_then_delete,generation_selection_or_provenance,高难扩展、候选筛选、bundle 映射或语义复审的中间数据。,删除不改变最终 QA 内容，但会失去其生成、双审和补题来源链。,object,9,,
data/qa/reasoning/hard_expansion/full_v2_api/review_valid_evidence/claude/420.json,32061,e9e9682c729b451403ef9c77ddbea6c2e6961abfdc383d4745528a4429ad077d,archive_then_delete,generation_selection_or_provenance,高难扩展、候选筛选、bundle 映射或语义复审的中间数据。,删除不改变最终 QA 内容，但会失去其生成、双审和补题来源链。,object,9,,
data/qa/reasoning/hard_expansion/full_v2_api/review_valid_evidence/claude/422.json,31057,8214db41fa005f860509e33501375c1ae288466e59b7aae81af2409d4782cea3,archive_then_delete,generation_selection_or_provenance,高难扩展、候选筛选、bundle 映射或语义复审的中间数据。,删除不改变最终 QA 内容，但会失去其生成、双审和补题来源链。,object,9,,
data/qa/reasoning/hard_expansion/full_v2_api/review_valid_evidence/claude/423.json,11228,bc5818a993861cebc1f296dd947aa1d5f4c318f25a2f227a9e63875fad280c2d,archive_then_delete,generation_selection_or_provenance,高难扩展、候选筛选、bundle 映射或语义复审的中间数据。,删除不改变最终 QA 内容，但会失去其生成、双审和补题来源链。,object,9,,
data/qa/reasoning/hard_expansion/full_v2_api/review_valid_evidence/claude/425.json,17504,c2631cf16149bd7f7dc8726761b06648e2ffab03c1630896f9ff6d61bcf349f4,archive_then_delete,generation_selection_or_provenance,高难扩展、候选筛选、bundle 映射或语义复审的中间数据。,删除不改变最终 QA 内容，但会失去其生成、双审和补题来源链。,object,9,,
data/qa/reasoning/hard_expansion/full_v2_api/review_valid_evidence/claude/426.json,32508,abd9dedbbcbb036b641d62a1f68e3e665f98475e800ca67cf46fe222fe8182a8,archive_then_delete,generation_selection_or_provenance,高难扩展、候选筛选、bundle 映射或语义复审的中间数据。,删除不改变最终 QA 内容，但会失去其生成、双审和补题来源链。,object,9,,
data/qa/reasoning/hard_expansion/full_v2_api/review_valid_evidence/claude/427.json,38180,a66f1c60253b23099f4ad23ea38a24d82b489e2721bc25edb713fe50e9c48e32,archive_then_delete,generation_selection_or_provenance,高难扩展、候选筛选、bundle 映射或语义复审的中间数据。,删除不改变最终 QA 内容，但会失去其生成、双审和补题来源链。,object,9,,
data/qa/reasoning/hard_expansion/full_v2_api/review_valid_evidence/claude/43.json,32770,679c3f41ece0042c25245e9c8b30acf8f8b0818b0446b9d499ddba4e5705756c,archive_then_delete,generation_selection_or_provenance,高难扩展、候选筛选、bundle 映射或语义复审的中间数据。,删除不改变最终 QA 内容，但会失去其生成、双审和补题来源链。,object,9,,
data/qa/reasoning/hard_expansion/full_v2_api/review_valid_evidence/claude/431.json,25591,f218d3c6b1375a02d4c1a966cd405b6b2c0dc0fa556d854770a3b7b1a7bb9b3e,archive_then_delete,generation_selection_or_provenance,高难扩展、候选筛选、bundle 映射或语义复审的中间数据。,删除不改变最终 QA 内容，但会失去其生成、双审和补题来源链。,object,9,,
data/qa/reasoning/hard_expansion/full_v2_api/review_valid_evidence/claude/432.json,33733,8fe7cac3691b04b0162c4f94373cc2f8fd89fcf4e2127e12c571c575853fa09b,archive_then_delete,generation_selection_or_provenance,高难扩展、候选筛选、bundle 映射或语义复审的中间数据。,删除不改变最终 QA 内容，但会失去其生成、双审和补题来源链。,object,9,,
data/qa/reasoning/hard_expansion/full_v2_api/review_valid_evidence/claude/435.json,30711,d70e3d840c4b97ecf766394ddb9131bf4669ea33958c6d546e0f9dbf99e05129,archive_then_delete,generation_selection_or_provenance,高难扩展、候选筛选、bundle 映射或语义复审的中间数据。,删除不改变最终 QA 内容，但会失去其生成、双审和补题来源链。,object,9,,
data/qa/reasoning/hard_expansion/full_v2_api/review_valid_evidence/claude/436.json,25403,a10f4bcd7eb8f963f023177b1ecb782fc407ffe0fe20790bffb9566637451c9f,archive_then_delete,generation_selection_or_provenance,高难扩展、候选筛选、bundle 映射或语义复审的中间数据。,删除不改变最终 QA 内容，但会失去其生成、双审和补题来源链。,object,9,,
data/qa/reasoning/hard_expansion/full_v2_api/review_valid_evidence/claude/438.json,29635,c311e3db8e79603957116c5a0026b34d28a55ff4071ff08ff85c60a873086f5a,archive_then_delete,generation_selection_or_provenance,高难扩展、候选筛选、bundle 映射或语义复审的中间数据。,删除不改变最终 QA 内容，但会失去其生成、双审和补题来源链。,object,9,,
data/qa/reasoning/hard_expansion/full_v2_api/review_valid_evidence/claude/442.json,14928,c4c409637c456f2cbc61e1fd89986285be4c4f1fc3a79e0f05dd8e4a89eab83e,archive_then_delete,generation_selection_or_provenance,高难扩展、候选筛选、bundle 映射或语义复审的中间数据。,删除不改变最终 QA 内容，但会失去其生成、双审和补题来源链。,object,9,,
data/qa/reasoning/hard_expansion/full_v2_api/review_valid_evidence/claude/443.json,36635,9b2912ee628c89f4d73912c57d0d1a968d4899c62d61f9dfe4ad436c0e8187ce,archive_then_delete,generation_selection_or_provenance,高难扩展、候选筛选、bundle 映射或语义复审的中间数据。,删除不改变最终 QA 内容，但会失去其生成、双审和补题来源链。,object,9,,
data/qa/reasoning/hard_expansion/full_v2_api/review_valid_evidence/claude/445.json,35819,89bd2bb4fbf445bb7cfadfa70eda84653d7d85aa5c75ce8577877d976d9f78fd,archive_then_delete,generation_selection_or_provenance,高难扩展、候选筛选、bundle 映射或语义复审的中间数据。,删除不改变最终 QA 内容，但会失去其生成、双审和补题来源链。,object,9,,
data/qa/reasoning/hard_expansion/full_v2_api/review_valid_evidence/claude/446.json,37880,dc68b352b611d7ae47982f7e378bc0e8e6fb3857bc770ab30d029a1714a7ff22,archive_then_delete,generation_selection_or_provenance,高难扩展、候选筛选、bundle 映射或语义复审的中间数据。,删除不改变最终 QA 内容，但会失去其生成、双审和补题来源链。,object,9,,
data/qa/reasoning/hard_expansion/full_v2_api/review_valid_evidence/claude/461.json,38022,133ec764bd5e97922107504f3cb596d7264ea10ac7a73e0f63f4c34c5f6cc1d4,archive_then_delete,generation_selection_or_provenance,高难扩展、候选筛选、bundle 映射或语义复审的中间数据。,删除不改变最终 QA 内容，但会失去其生成、双审和补题来源链。,object,9,,
data/qa/reasoning/hard_expansion/full_v2_api/review_valid_evidence/claude/463.json,29667,a7acd9258985ec8fadd3d2d51400fbe0a6a733ef8a4a1b37928aa9b471344835,archive_then_delete,generation_selection_or_provenance,高难扩展、候选筛选、bundle 映射或语义复审的中间数据。,删除不改变最终 QA 内容，但会失去其生成、双审和补题来源链。,object,9,,
data/qa/reasoning/hard_expansion/full_v2_api/review_valid_evidence/claude/467.json,31840,da4ef1ea2fbc000bea994b1b02210bd36278eefca5ad0637b7b546621a2ea44d,archive_then_delete,generation_selection_or_provenance,高难扩展、候选筛选、bundle 映射或语义复审的中间数据。,删除不改变最终 QA 内容，但会失去其生成、双审和补题来源链。,object,9,,
data/qa/reasoning/hard_expansion/full_v2_api/review_valid_evidence/claude/481.json,20094,484032423f111a67e96ad4145c82dca549096ab798e1d1eec0fc037e3ae78306,archive_then_delete,generation_selection_or_provenance,高难扩展、候选筛选、bundle 映射或语义复审的中间数据。,删除不改变最终 QA 内容，但会失去其生成、双审和补题来源链。,object,9,,
data/qa/reasoning/hard_expansion/full_v2_api/review_valid_evidence/claude/482.json,14062,9e4c12f0e58cc6d918a197a9379a2acd4090c7bf51c852e699f588071ab4a6fc,archive_then_delete,generation_selection_or_provenance,高难扩展、候选筛选、bundle 映射或语义复审的中间数据。,删除不改变最终 QA 内容，但会失去其生成、双审和补题来源链。,object,9,,
data/qa/reasoning/hard_expansion/full_v2_api/review_valid_evidence/claude/484.json,33038,11e2df70351e7e6fdf07db66278ec217d4693d6df34c71d504a61808c350a564,archive_then_delete,generation_selection_or_provenance,高难扩展、候选筛选、bundle 映射或语义复审的中间数据。,删除不改变最终 QA 内容，但会失去其生成、双审和补题来源链。,object,9,,
data/qa/reasoning/hard_expansion/full_v2_api/review_valid_evidence/claude/488.json,33428,b1ff0073f7073848c1957892ccdfc34044134d67fc49fffbfc100c58b827c51b,archive_then_delete,generation_selection_or_provenance,高难扩展、候选筛选、bundle 映射或语义复审的中间数据。,删除不改变最终 QA 内容，但会失去其生成、双审和补题来源链。,object,9,,
data/qa/reasoning/hard_expansion/full_v2_api/review_valid_evidence/claude/490.json,39350,5a70ea110805869f0a613607bfdb49fa446e5756a540820b3593c16130618b69,archive_then_delete,generation_selection_or_provenance,高难扩展、候选筛选、bundle 映射或语义复审的中间数据。,删除不改变最终 QA 内容，但会失去其生成、双审和补题来源链。,object,9,,
data/qa/reasoning/hard_expansion/full_v2_api/review_valid_evidence/claude/491.json,4647,123a90db9ad92e95004d32803dc8892fc7c0d29f4180a0af1a5d37b9e611837d,archive_then_delete,generation_selection_or_provenance,高难扩展、候选筛选、bundle 映射或语义复审的中间数据。,删除不改变最终 QA 内容，但会失去其生成、双审和补题来源链。,object,9,,
data/qa/reasoning/hard_expansion/full_v2_api/review_valid_evidence/claude/492.json,29169,fb58b2ee40e8dbc555993b2e009bb1622bc3daa99f23b68fb811352a995202d4,archive_then_delete,generation_selection_or_provenance,高难扩展、候选筛选、bundle 映射或语义复审的中间数据。,删除不改变最终 QA 内容，但会失去其生成、双审和补题来源链。,object,9,,
data/qa/reasoning/hard_expansion/full_v2_api/review_valid_evidence/claude/496.json,34342,dd57d9df9449b62828687e2aaf0f7b9fb704495dae30b638a1f53949f0258529,archive_then_delete,generation_selection_or_provenance,高难扩展、候选筛选、bundle 映射或语义复审的中间数据。,删除不改变最终 QA 内容，但会失去其生成、双审和补题来源链。,object,9,,
data/qa/reasoning/hard_expansion/full_v2_api/review_valid_evidence/claude/497.json,36429,b60a43fd01adc0bd6b06e6e88f725e0e3bb225a5de2fc7439c53c9b2e484aa5b,archive_then_delete,generation_selection_or_provenance,高难扩展、候选筛选、bundle 映射或语义复审的中间数据。,删除不改变最终 QA 内容，但会失去其生成、双审和补题来源链。,object,9,,
data/qa/reasoning/hard_expansion/full_v2_api/review_valid_evidence/claude/501.json,35775,f9b756a70c8d1f9ef8000ddb67154a5eebadfc12a8cd39addbe19067027c62a7,archive_then_delete,generation_selection_or_provenance,高难扩展、候选筛选、bundle 映射或语义复审的中间数据。,删除不改变最终 QA 内容，但会失去其生成、双审和补题来源链。,object,9,,
data/qa/reasoning/hard_expansion/full_v2_api/review_valid_evidence/claude/504.json,36518,b3bb88d981ff2378c0b15d45f6648406ff6c112fef83933e05f1ba0348ad506c,archive_then_delete,generation_selection_or_provenance,高难扩展、候选筛选、bundle 映射或语义复审的中间数据。,删除不改变最终 QA 内容，但会失去其生成、双审和补题来源链。,object,9,,
data/qa/reasoning/hard_expansion/full_v2_api/review_valid_evidence/claude/505.json,39114,0cc8ced1640ffa57713cf03e07080e0331df3be32f8eaf667e05697d1d2bfe13,archive_then_delete,generation_selection_or_provenance,高难扩展、候选筛选、bundle 映射或语义复审的中间数据。,删除不改变最终 QA 内容，但会失去其生成、双审和补题来源链。,object,9,,
data/qa/reasoning/hard_expansion/full_v2_api/review_valid_evidence/claude/509.json,33409,ffda16bdb65b1cfac711da84b39f9c1927a58bc187d4f4a4494e67542a7ea05b,archive_then_delete,generation_selection_or_provenance,高难扩展、候选筛选、bundle 映射或语义复审的中间数据。,删除不改变最终 QA 内容，但会失去其生成、双审和补题来源链。,object,9,,
data/qa/reasoning/hard_expansion/full_v2_api/review_valid_evidence/claude/51.json,35252,337cda0101bf0be94ae58063495da7a89f9656df81a7771b4d7c5f3a2fcfdd84,archive_then_delete,generation_selection_or_provenance,高难扩展、候选筛选、bundle 映射或语义复审的中间数据。,删除不改变最终 QA 内容，但会失去其生成、双审和补题来源链。,object,9,,
data/qa/reasoning/hard_expansion/full_v2_api/review_valid_evidence/claude/516.json,38525,f8e6cc8cade38743ce1ed039098187f431f8ecef13fec7d874827d957ce5f117,archive_then_delete,generation_selection_or_provenance,高难扩展、候选筛选、bundle 映射或语义复审的中间数据。,删除不改变最终 QA 内容，但会失去其生成、双审和补题来源链。,object,9,,
data/qa/reasoning/hard_expansion/full_v2_api/review_valid_evidence/claude/518.json,35568,e2123d9430352aa9d4e1660fc83b0725e151f88c786ac75624736b56e3f56ac2,archive_then_delete,generation_selection_or_provenance,高难扩展、候选筛选、bundle 映射或语义复审的中间数据。,删除不改变最终 QA 内容，但会失去其生成、双审和补题来源链。,object,9,,
data/qa/reasoning/hard_expansion/full_v2_api/review_valid_evidence/claude/519.json,30372,d1fd0f566b5a56584d3480b0620634d5c18217bf4c2b8e92e0b17751a8852bf0,archive_then_delete,generation_selection_or_provenance,高难扩展、候选筛选、bundle 映射或语义复审的中间数据。,删除不改变最终 QA 内容，但会失去其生成、双审和补题来源链。,object,9,,
data/qa/reasoning/hard_expansion/full_v2_api/review_valid_evidence/claude/52.json,30236,cf940ff18009785d41b41a2e09711c64cda17a7a35a22bec451b97d3451e6e56,archive_then_delete,generation_selection_or_provenance,高难扩展、候选筛选、bundle 映射或语义复审的中间数据。,删除不改变最终 QA 内容，但会失去其生成、双审和补题来源链。,object,9,,
data/qa/reasoning/hard_expansion/full_v2_api/review_valid_evidence/claude/520.json,32586,cdaf543ef22205f46a7a38843192a5488ba5c14b903922ea7b08202287e972ff,archive_then_delete,generation_selection_or_provenance,高难扩展、候选筛选、bundle 映射或语义复审的中间数据。,删除不改变最终 QA 内容，但会失去其生成、双审和补题来源链。,object,9,,
data/qa/reasoning/hard_expansion/full_v2_api/review_valid_evidence/claude/523.json,11530,261cdebedbe8c49792d684a6c17725272330f453b4868d183469b2b6eeaa30ed,archive_then_delete,generation_selection_or_provenance,高难扩展、候选筛选、bundle 映射或语义复审的中间数据。,删除不改变最终 QA 内容，但会失去其生成、双审和补题来源链。,object,9,,
data/qa/reasoning/hard_expansion/full_v2_api/review_valid_evidence/claude/524.json,31865,e72ba5497188747bc1d8f1289db409f7202870cb6921c98bee8a106629295f65,archive_then_delete,generation_selection_or_provenance,高难扩展、候选筛选、bundle 映射或语义复审的中间数据。,删除不改变最终 QA 内容，但会失去其生成、双审和补题来源链。,object,9,,
data/qa/reasoning/hard_expansion/full_v2_api/review_valid_evidence/claude/525.json,26919,8c5af6a8f63a85a30f57c0c3cf8b403f6ffa015942972a31e38e0adbb4517f04,archive_then_delete,generation_selection_or_provenance,高难扩展、候选筛选、bundle 映射或语义复审的中间数据。,删除不改变最终 QA 内容，但会失去其生成、双审和补题来源链。,object,9,,
data/qa/reasoning/hard_expansion/full_v2_api/review_valid_evidence/claude/527.json,40634,601de8489989b655131008418a1942a31f376c0112e38ac4b68e54cc1d0a7d50,archive_then_delete,generation_selection_or_provenance,高难扩展、候选筛选、bundle 映射或语义复审的中间数据。,删除不改变最终 QA 内容，但会失去其生成、双审和补题来源链。,object,9,,
data/qa/reasoning/hard_expansion/full_v2_api/review_valid_evidence/claude/528.json,28849,945ac8a0908afcf120074968fa1fd58143a583abca15718ea44740f7a16bc968,archive_then_delete,generation_selection_or_provenance,高难扩展、候选筛选、bundle 映射或语义复审的中间数据。,删除不改变最终 QA 内容，但会失去其生成、双审和补题来源链。,object,9,,
data/qa/reasoning/hard_expansion/full_v2_api/review_valid_evidence/claude/529.json,27798,a7d751c10b90af279ad1ca0e27451bb1ece7184daccf0c252e5286977a1ebdfc,archive_then_delete,generation_selection_or_provenance,高难扩展、候选筛选、bundle 映射或语义复审的中间数据。,删除不改变最终 QA 内容，但会失去其生成、双审和补题来源链。,object,9,,
data/qa/reasoning/hard_expansion/full_v2_api/review_valid_evidence/claude/530.json,23953,001c4987b62409cd871e516f6163253565ffa1616da5ccff40eb0da90c2b7c39,archive_then_delete,generation_selection_or_provenance,高难扩展、候选筛选、bundle 映射或语义复审的中间数据。,删除不改变最终 QA 内容，但会失去其生成、双审和补题来源链。,object,9,,
data/qa/reasoning/hard_expansion/full_v2_api/review_valid_evidence/claude/531.json,31303,a862fbd731d940646c332dc98574c34ceb59b0aa0abeb7547cca0209b5277e23,archive_then_delete,generation_selection_or_provenance,高难扩展、候选筛选、bundle 映射或语义复审的中间数据。,删除不改变最终 QA 内容，但会失去其生成、双审和补题来源链。,object,9,,
data/qa/reasoning/hard_expansion/full_v2_api/review_valid_evidence/claude/532.json,7143,de2f7c87afe021b2f12902431d796ef8e9991a0b92aa5121f45da6c0d99e6ebf,archive_then_delete,generation_selection_or_provenance,高难扩展、候选筛选、bundle 映射或语义复审的中间数据。,删除不改变最终 QA 内容，但会失去其生成、双审和补题来源链。,object,9,,
data/qa/reasoning/hard_expansion/full_v2_api/review_valid_evidence/claude/533.json,39443,ffb87ea1cc533a9ce97c7cf76f28e1f045d1afb7420ba2ffd8887284b5c6e2f4,archive_then_delete,generation_selection_or_provenance,高难扩展、候选筛选、bundle 映射或语义复审的中间数据。,删除不改变最终 QA 内容，但会失去其生成、双审和补题来源链。,object,9,,
data/qa/reasoning/hard_expansion/full_v2_api/review_valid_evidence/claude/534.json,36671,e580311722f725b6f7e69b7311611f69bb971e6896a8462e3dbc19ea69d6520b,archive_then_delete,generation_selection_or_provenance,高难扩展、候选筛选、bundle 映射或语义复审的中间数据。,删除不改变最终 QA 内容，但会失去其生成、双审和补题来源链。,object,9,,
data/qa/reasoning/hard_expansion/full_v2_api/review_valid_evidence/claude/535.json,33426,048f613818f7e41866b788d3ff1e294b2d93c95e27b193c875f9e37ee8ca7452,archive_then_delete,generation_selection_or_provenance,高难扩展、候选筛选、bundle 映射或语义复审的中间数据。,删除不改变最终 QA 内容，但会失去其生成、双审和补题来源链。,object,9,,
data/qa/reasoning/hard_expansion/full_v2_api/review_valid_evidence/claude/536.json,36703,955465029b42e59620c63ad983078c1edd21fa293162f26348f7c56b7a082a96,archive_then_delete,generation_selection_or_provenance,高难扩展、候选筛选、bundle 映射或语义复审的中间数据。,删除不改变最终 QA 内容，但会失去其生成、双审和补题来源链。,object,9,,
data/qa/reasoning/hard_expansion/full_v2_api/review_valid_evidence/claude/538.json,30217,d7326e3cd2f269006a00f717451c62a3730c0ecba84060f2fdde2ec67fba5fd6,archive_then_delete,generation_selection_or_provenance,高难扩展、候选筛选、bundle 映射或语义复审的中间数据。,删除不改变最终 QA 内容，但会失去其生成、双审和补题来源链。,object,9,,
data/qa/reasoning/hard_expansion/full_v2_api/review_valid_evidence/claude/539.json,26366,43b8cdc860d474ad581f837165bfbb35ed1d45077c58f66f9bb8e320c59739e1,archive_then_delete,generation_selection_or_provenance,高难扩展、候选筛选、bundle 映射或语义复审的中间数据。,删除不改变最终 QA 内容，但会失去其生成、双审和补题来源链。,object,9,,
data/qa/reasoning/hard_expansion/full_v2_api/review_valid_evidence/claude/54.json,24151,970e68d0458a9b1f2272eab6c6437a72027f44f809276dfc3ccc8bc92e16d86d,archive_then_delete,generation_selection_or_provenance,高难扩展、候选筛选、bundle 映射或语义复审的中间数据。,删除不改变最终 QA 内容，但会失去其生成、双审和补题来源链。,object,9,,
data/qa/reasoning/hard_expansion/full_v2_api/review_valid_evidence/claude/540.json,24710,817f59b5b26f4ceca5190edf9e4756d91b93c814f320885b2eceeca7f12fb8d2,archive_then_delete,generation_selection_or_provenance,高难扩展、候选筛选、bundle 映射或语义复审的中间数据。,删除不改变最终 QA 内容，但会失去其生成、双审和补题来源链。,object,9,,
data/qa/reasoning/hard_expansion/full_v2_api/review_valid_evidence/claude/543.json,24738,993b37485120f878a45ceb1e9243c1647f2ec3920f26f70e0661f18952e65783,archive_then_delete,generation_selection_or_provenance,高难扩展、候选筛选、bundle 映射或语义复审的中间数据。,删除不改变最终 QA 内容，但会失去其生成、双审和补题来源链。,object,9,,
data/qa/reasoning/hard_expansion/full_v2_api/review_valid_evidence/claude/544.json,31237,ef88de1a725c6458bd327886a3a8d0336e610a521b33788b4f3cfc67d2ef8f59,archive_then_delete,generation_selection_or_provenance,高难扩展、候选筛选、bundle 映射或语义复审的中间数据。,删除不改变最终 QA 内容，但会失去其生成、双审和补题来源链。,object,9,,
data/qa/reasoning/hard_expansion/full_v2_api/review_valid_evidence/claude/545.json,37656,236d8d7c67ea2ad60af5b0896ce6efa9c52848e0d7336aa68d1e6a26af56ee05,archive_then_delete,generation_selection_or_provenance,高难扩展、候选筛选、bundle 映射或语义复审的中间数据。,删除不改变最终 QA 内容，但会失去其生成、双审和补题来源链。,object,9,,
data/qa/reasoning/hard_expansion/full_v2_api/review_valid_evidence/claude/547.json,30337,da8f328bbc1a1f88284424cf932496c57260e538c130a4dab44c0b36bdd1d8f7,archive_then_delete,generation_selection_or_provenance,高难扩展、候选筛选、bundle 映射或语义复审的中间数据。,删除不改变最终 QA 内容，但会失去其生成、双审和补题来源链。,object,9,,
data/qa/reasoning/hard_expansion/full_v2_api/review_valid_evidence/claude/548.json,9250,c5d61c12276ed193ed5b4d3edd41d280c4da581bff2dcd253684602af8f5a16f,archive_then_delete,generation_selection_or_provenance,高难扩展、候选筛选、bundle 映射或语义复审的中间数据。,删除不改变最终 QA 内容，但会失去其生成、双审和补题来源链。,object,9,,
data/qa/reasoning/hard_expansion/full_v2_api/review_valid_evidence/claude/552.json,37437,9943133197d5b70c017d80be9e5e931b8b43fb084610b8dfc4f9facfcdb0042d,archive_then_delete,generation_selection_or_provenance,高难扩展、候选筛选、bundle 映射或语义复审的中间数据。,删除不改变最终 QA 内容，但会失去其生成、双审和补题来源链。,object,9,,
data/qa/reasoning/hard_expansion/full_v2_api/review_valid_evidence/claude/555.json,8113,3a9713be2a5696d033f73cfcb01b839aea779d9d9f7c73dd4563d55562c9cce2,archive_then_delete,generation_selection_or_provenance,高难扩展、候选筛选、bundle 映射或语义复审的中间数据。,删除不改变最终 QA 内容，但会失去其生成、双审和补题来源链。,object,9,,
data/qa/reasoning/hard_expansion/full_v2_api/review_valid_evidence/claude/56.json,4303,6984faa5b09e8d253286ce17b7d4013e2d8a1c2cabafb26f185a7ad5debdf7de,archive_then_delete,generation_selection_or_provenance,高难扩展、候选筛选、bundle 映射或语义复审的中间数据。,删除不改变最终 QA 内容，但会失去其生成、双审和补题来源链。,object,9,,
data/qa/reasoning/hard_expansion/full_v2_api/review_valid_evidence/claude/565.json,31494,bb8677e198e776643b62acbe631d66d198d8d0a57fdd83a21592c891ee16eaa2,archive_then_delete,generation_selection_or_provenance,高难扩展、候选筛选、bundle 映射或语义复审的中间数据。,删除不改变最终 QA 内容，但会失去其生成、双审和补题来源链。,object,9,,
data/qa/reasoning/hard_expansion/full_v2_api/review_valid_evidence/claude/566.json,10002,2dd82bb9551f5c362c863e959119cdf31371b7c49fa1c3fdde86d7210288ad4d,archive_then_delete,generation_selection_or_provenance,高难扩展、候选筛选、bundle 映射或语义复审的中间数据。,删除不改变最终 QA 内容，但会失去其生成、双审和补题来源链。,object,9,,
data/qa/reasoning/hard_expansion/full_v2_api/review_valid_evidence/claude/568.json,31116,4d0f7f8d894b8b7f89205665793d835d3cc2bf09f1e2bebacc5fd332a4d4813b,archive_then_delete,generation_selection_or_provenance,高难扩展、候选筛选、bundle 映射或语义复审的中间数据。,删除不改变最终 QA 内容，但会失去其生成、双审和补题来源链。,object,9,,
data/qa/reasoning/hard_expansion/full_v2_api/review_valid_evidence/claude/569.json,31339,687fa1b2a6b14173b3fffe399c748a0c4d01d18f6dddcb4a0c145f17c1825605,archive_then_delete,generation_selection_or_provenance,高难扩展、候选筛选、bundle 映射或语义复审的中间数据。,删除不改变最终 QA 内容，但会失去其生成、双审和补题来源链。,object,9,,
data/qa/reasoning/hard_expansion/full_v2_api/review_valid_evidence/claude/574.json,14910,ed606a2481d690ba10147fca7f5e4c17b12ba1314692961ee60e7846ea755233,archive_then_delete,generation_selection_or_provenance,高难扩展、候选筛选、bundle 映射或语义复审的中间数据。,删除不改变最终 QA 内容，但会失去其生成、双审和补题来源链。,object,9,,
data/qa/reasoning/hard_expansion/full_v2_api/review_valid_evidence/claude/575.json,18846,06d0bc2d48b0a33ea6743ab99e923842c8afddf79a18f8bae669c24c70840bc1,archive_then_delete,generation_selection_or_provenance,高难扩展、候选筛选、bundle 映射或语义复审的中间数据。,删除不改变最终 QA 内容，但会失去其生成、双审和补题来源链。,object,9,,
data/qa/reasoning/hard_expansion/full_v2_api/review_valid_evidence/claude/581.json,38490,abbacb3dd4f0d3576bc1f96c467268ae50e000acdfcafb9969c3a0b257cdac9c,archive_then_delete,generation_selection_or_provenance,高难扩展、候选筛选、bundle 映射或语义复审的中间数据。,删除不改变最终 QA 内容，但会失去其生成、双审和补题来源链。,object,9,,
data/qa/reasoning/hard_expansion/full_v2_api/review_valid_evidence/claude/588.json,22235,b08242bf84819273d840d2d309a148fbab43f10b7657a69f4448e764e08c6962,archive_then_delete,generation_selection_or_provenance,高难扩展、候选筛选、bundle 映射或语义复审的中间数据。,删除不改变最终 QA 内容，但会失去其生成、双审和补题来源链。,object,9,,
data/qa/reasoning/hard_expansion/full_v2_api/review_valid_evidence/claude/589.json,21052,713043802fe2c6b6c4a89019d79a4eb4eba0b146710c3e43e2376f25b940c167,archive_then_delete,generation_selection_or_provenance,高难扩展、候选筛选、bundle 映射或语义复审的中间数据。,删除不改变最终 QA 内容，但会失去其生成、双审和补题来源链。,object,9,,
data/qa/reasoning/hard_expansion/full_v2_api/review_valid_evidence/claude/590.json,36003,e26a371d94a6d9dc3b5b4dea22250f775f49293fd6fa1330c03d42bc10fe846c,archive_then_delete,generation_selection_or_provenance,高难扩展、候选筛选、bundle 映射或语义复审的中间数据。,删除不改变最终 QA 内容，但会失去其生成、双审和补题来源链。,object,9,,
data/qa/reasoning/hard_expansion/full_v2_api/review_valid_evidence/claude/593.json,18936,dca61b825145d03c5d825ecc1f438316ca1cce3e57aa7f3dc7fb890c2a16a7ba,archive_then_delete,generation_selection_or_provenance,高难扩展、候选筛选、bundle 映射或语义复审的中间数据。,删除不改变最终 QA 内容，但会失去其生成、双审和补题来源链。,object,9,,
data/qa/reasoning/hard_expansion/full_v2_api/review_valid_evidence/claude/596.json,30632,6642b27a3d9d1d9739fc98574252cef0957a32e18f65e20a11b6f31415a92795,archive_then_delete,generation_selection_or_provenance,高难扩展、候选筛选、bundle 映射或语义复审的中间数据。,删除不改变最终 QA 内容，但会失去其生成、双审和补题来源链。,object,9,,
data/qa/reasoning/hard_expansion/full_v2_api/review_valid_evidence/claude/597.json,9369,b82f6ac9067773607101f67003d56fac0a31ae834f42a207bb58840b2a30f41b,archive_then_delete,generation_selection_or_provenance,高难扩展、候选筛选、bundle 映射或语义复审的中间数据。,删除不改变最终 QA 内容，但会失去其生成、双审和补题来源链。,object,9,,
data/qa/reasoning/hard_expansion/full_v2_api/review_valid_evidence/claude/598.json,29584,28211727d85615cda2400162548fffcd6e091e75f00f6b1c8e7219552eb5831a,archive_then_delete,generation_selection_or_provenance,高难扩展、候选筛选、bundle 映射或语义复审的中间数据。,删除不改变最终 QA 内容，但会失去其生成、双审和补题来源链。,object,9,,
data/qa/reasoning/hard_expansion/full_v2_api/review_valid_evidence/claude/6.json,29394,44fa13169a71d9c198653af54de6aa5f8f5d3657f32af0bb880372fb723de500,archive_then_delete,generation_selection_or_provenance,高难扩展、候选筛选、bundle 映射或语义复审的中间数据。,删除不改变最终 QA 内容，但会失去其生成、双审和补题来源链。,object,9,,
data/qa/reasoning/hard_expansion/full_v2_api/review_valid_evidence/claude/60.json,8536,5e4a6fbe5f77c6a92fc81ab06a019a77819c3f60dab10f3072a41c7812c84f24,archive_then_delete,generation_selection_or_provenance,高难扩展、候选筛选、bundle 映射或语义复审的中间数据。,删除不改变最终 QA 内容，但会失去其生成、双审和补题来源链。,object,9,,
data/qa/reasoning/hard_expansion/full_v2_api/review_valid_evidence/claude/61.json,38343,09e10d925956bfcd7a6854ffdf7b1a438bfe9e9fa76d624221f08df367fc2210,archive_then_delete,generation_selection_or_provenance,高难扩展、候选筛选、bundle 映射或语义复审的中间数据。,删除不改变最终 QA 内容，但会失去其生成、双审和补题来源链。,object,9,,
data/qa/reasoning/hard_expansion/full_v2_api/review_valid_evidence/claude/610.json,34748,e5ac11422e1c0eb51663725619f9d6615099d289283441124a9db1828a51e426,archive_then_delete,generation_selection_or_provenance,高难扩展、候选筛选、bundle 映射或语义复审的中间数据。,删除不改变最终 QA 内容，但会失去其生成、双审和补题来源链。,object,9,,
data/qa/reasoning/hard_expansion/full_v2_api/review_valid_evidence/claude/612.json,31715,4717b8458a67b3fa3ea6a6c33b2c409f03e793b36f04d7ed71cc30fda5292527,archive_then_delete,generation_selection_or_provenance,高难扩展、候选筛选、bundle 映射或语义复审的中间数据。,删除不改变最终 QA 内容，但会失去其生成、双审和补题来源链。,object,9,,
data/qa/reasoning/hard_expansion/full_v2_api/review_valid_evidence/claude/614.json,5376,b09a7368f4510076b9236dce94fa9caf18418a4e3350036cd594ad15b3ff20f5,archive_then_delete,generation_selection_or_provenance,高难扩展、候选筛选、bundle 映射或语义复审的中间数据。,删除不改变最终 QA 内容，但会失去其生成、双审和补题来源链。,object,9,,
data/qa/reasoning/hard_expansion/full_v2_api/review_valid_evidence/claude/620.json,32335,dd1dbd15df65b36b89e1d178ca448c5f7fe2964211bbd65defdfed6915e5e57a,archive_then_delete,generation_selection_or_provenance,高难扩展、候选筛选、bundle 映射或语义复审的中间数据。,删除不改变最终 QA 内容，但会失去其生成、双审和补题来源链。,object,9,,
data/qa/reasoning/hard_expansion/full_v2_api/review_valid_evidence/claude/622.json,14900,45da678ac819e3f8a4dcf7d859ab7b33edbe3d6b0dffe5e7f5972ff19d163cea,archive_then_delete,generation_selection_or_provenance,高难扩展、候选筛选、bundle 映射或语义复审的中间数据。,删除不改变最终 QA 内容，但会失去其生成、双审和补题来源链。,object,9,,
data/qa/reasoning/hard_expansion/full_v2_api/review_valid_evidence/claude/623.json,26342,28a478b3db3e35ecd771a225e02a883ef91eca7aae45e91a74c2e5c888efafd4,archive_then_delete,generation_selection_or_provenance,高难扩展、候选筛选、bundle 映射或语义复审的中间数据。,删除不改变最终 QA 内容，但会失去其生成、双审和补题来源链。,object,9,,
data/qa/reasoning/hard_expansion/full_v2_api/review_valid_evidence/claude/638.json,34671,33027d71b3ff2ad98c33169b015453d0d78c9652afc9dac0d7c834336caf24bf,archive_then_delete,generation_selection_or_provenance,高难扩展、候选筛选、bundle 映射或语义复审的中间数据。,删除不改变最终 QA 内容，但会失去其生成、双审和补题来源链。,object,9,,
data/qa/reasoning/hard_expansion/full_v2_api/review_valid_evidence/claude/64.json,38825,f664884d8a3d0b806bf61ec29f1586b0565a0ccf78210e32eb74aff1f9b43091,archive_then_delete,generation_selection_or_provenance,高难扩展、候选筛选、bundle 映射或语义复审的中间数据。,删除不改变最终 QA 内容，但会失去其生成、双审和补题来源链。,object,9,,
data/qa/reasoning/hard_expansion/full_v2_api/review_valid_evidence/claude/66.json,32080,a8f71bbd4e0797de16f41dbd55d898cdf7c73ad1959253797afc02f6cae0111f,archive_then_delete,generation_selection_or_provenance,高难扩展、候选筛选、bundle 映射或语义复审的中间数据。,删除不改变最终 QA 内容，但会失去其生成、双审和补题来源链。,object,9,,
data/qa/reasoning/hard_expansion/full_v2_api/review_valid_evidence/claude/662.json,31463,0cf14aa0f57fcbee559bbfadbce7a73e12fe475e24cf941cf92eb1b9c0ae5524,archive_then_delete,generation_selection_or_provenance,高难扩展、候选筛选、bundle 映射或语义复审的中间数据。,删除不改变最终 QA 内容，但会失去其生成、双审和补题来源链。,object,9,,
data/qa/reasoning/hard_expansion/full_v2_api/review_valid_evidence/claude/665.json,9354,856c5c3f6a23854f5594097d45547a5db6b0cf026022aefb4cc1efe03ddc95ed,archive_then_delete,generation_selection_or_provenance,高难扩展、候选筛选、bundle 映射或语义复审的中间数据。,删除不改变最终 QA 内容，但会失去其生成、双审和补题来源链。,object,9,,
data/qa/reasoning/hard_expansion/full_v2_api/review_valid_evidence/claude/666.json,25614,433106230b8e035ac4605678f55ee223773f285ed7ebafb69b4e3ff6b360cf96,archive_then_delete,generation_selection_or_provenance,高难扩展、候选筛选、bundle 映射或语义复审的中间数据。,删除不改变最终 QA 内容，但会失去其生成、双审和补题来源链。,object,9,,
data/qa/reasoning/hard_expansion/full_v2_api/review_valid_evidence/claude/668.json,27376,0c6be81f2d69800555c39bd7719afaba46c910ae7c0a8f16bdc529ab5864e676,archive_then_delete,generation_selection_or_provenance,高难扩展、候选筛选、bundle 映射或语义复审的中间数据。,删除不改变最终 QA 内容，但会失去其生成、双审和补题来源链。,object,9,,
data/qa/reasoning/hard_expansion/full_v2_api/review_valid_evidence/claude/671.json,24800,dd2e8f5af105d9fae894a00dfd9db573d1fb4a1ba0495e3aa072774baaada7b9,archive_then_delete,generation_selection_or_provenance,高难扩展、候选筛选、bundle 映射或语义复审的中间数据。,删除不改变最终 QA 内容，但会失去其生成、双审和补题来源链。,object,9,,
data/qa/reasoning/hard_expansion/full_v2_api/review_valid_evidence/claude/673.json,35841,60cc68dbf18ba002a71f84aed31dc32ec36bb034587e245e899f9bbdfb95e97e,archive_then_delete,generation_selection_or_provenance,高难扩展、候选筛选、bundle 映射或语义复审的中间数据。,删除不改变最终 QA 内容，但会失去其生成、双审和补题来源链。,object,9,,
data/qa/reasoning/hard_expansion/full_v2_api/review_valid_evidence/claude/678.json,39724,4eb6b5381550af55b26b43016953c4ca3837cbaaa3dc80f963205f923f6468ec,archive_then_delete,generation_selection_or_provenance,高难扩展、候选筛选、bundle 映射或语义复审的中间数据。,删除不改变最终 QA 内容，但会失去其生成、双审和补题来源链。,object,9,,
data/qa/reasoning/hard_expansion/full_v2_api/review_valid_evidence/claude/68.json,30252,18d98ece9b31b87e3dc93aee377ee7715802c8d5015b925e356ee9ba650359ce,archive_then_delete,generation_selection_or_provenance,高难扩展、候选筛选、bundle 映射或语义复审的中间数据。,删除不改变最终 QA 内容，但会失去其生成、双审和补题来源链。,object,9,,
data/qa/reasoning/hard_expansion/full_v2_api/review_valid_evidence/claude/680.json,32676,2910b4ce0d35d92ca6d4e81e70853bc06dde5db831645cf47d335d1e06adbf71,archive_then_delete,generation_selection_or_provenance,高难扩展、候选筛选、bundle 映射或语义复审的中间数据。,删除不改变最终 QA 内容，但会失去其生成、双审和补题来源链。,object,9,,
data/qa/reasoning/hard_expansion/full_v2_api/review_valid_evidence/claude/681.json,41434,3f8748287da61cfcc86f3dfa87c64be99a8f7cd00868683c837ce39efae01558,archive_then_delete,generation_selection_or_provenance,高难扩展、候选筛选、bundle 映射或语义复审的中间数据。,删除不改变最终 QA 内容，但会失去其生成、双审和补题来源链。,object,9,,
data/qa/reasoning/hard_expansion/full_v2_api/review_valid_evidence/claude/682.json,31799,a5430273e8720589da9240816a187bb248824a425fa9137cb22ad4c637e64fc0,archive_then_delete,generation_selection_or_provenance,高难扩展、候选筛选、bundle 映射或语义复审的中间数据。,删除不改变最终 QA 内容，但会失去其生成、双审和补题来源链。,object,9,,
data/qa/reasoning/hard_expansion/full_v2_api/review_valid_evidence/claude/684.json,31302,f8a941ffce420605ce3fc36767143a16f54a30b5e5c7a50750c986804e58ee55,archive_then_delete,generation_selection_or_provenance,高难扩展、候选筛选、bundle 映射或语义复审的中间数据。,删除不改变最终 QA 内容，但会失去其生成、双审和补题来源链。,object,9,,
data/qa/reasoning/hard_expansion/full_v2_api/review_valid_evidence/claude/686.json,22720,f876a9ad7e2c99b26856abd7a96d490e0bfbfe490635553c76e7cd41a2d9f6b6,archive_then_delete,generation_selection_or_provenance,高难扩展、候选筛选、bundle 映射或语义复审的中间数据。,删除不改变最终 QA 内容，但会失去其生成、双审和补题来源链。,object,9,,
data/qa/reasoning/hard_expansion/full_v2_api/review_valid_evidence/claude/690.json,36409,b9eda284cb1a31aad8904871476980c5fe37786f1b0b62b543143179df1943a8,archive_then_delete,generation_selection_or_provenance,高难扩展、候选筛选、bundle 映射或语义复审的中间数据。,删除不改变最终 QA 内容，但会失去其生成、双审和补题来源链。,object,9,,
data/qa/reasoning/hard_expansion/full_v2_api/review_valid_evidence/claude/696.json,13884,b4666e8fbf769c6cbb9e807516a128cf78f7e0e7a8b8e8120c8085f2702bc6f3,archive_then_delete,generation_selection_or_provenance,高难扩展、候选筛选、bundle 映射或语义复审的中间数据。,删除不改变最终 QA 内容，但会失去其生成、双审和补题来源链。,object,9,,
data/qa/reasoning/hard_expansion/full_v2_api/review_valid_evidence/claude/698.json,32093,f3560c05a09108469183c9b386d7245a0f713e172f2e2d02c0d60fb1a8e6495f,archive_then_delete,generation_selection_or_provenance,高难扩展、候选筛选、bundle 映射或语义复审的中间数据。,删除不改变最终 QA 内容，但会失去其生成、双审和补题来源链。,object,9,,
data/qa/reasoning/hard_expansion/full_v2_api/review_valid_evidence/claude/699.json,17362,777e25de8545a55cb99f769b3f7e901671ddea4043a58c475f57a517ca12fe23,archive_then_delete,generation_selection_or_provenance,高难扩展、候选筛选、bundle 映射或语义复审的中间数据。,删除不改变最终 QA 内容，但会失去其生成、双审和补题来源链。,object,9,,
data/qa/reasoning/hard_expansion/full_v2_api/review_valid_evidence/claude/7.json,33833,535ede2d93192259a243dc62047b995246cec4ae50a2269cb897c11f10445f78,archive_then_delete,generation_selection_or_provenance,高难扩展、候选筛选、bundle 映射或语义复审的中间数据。,删除不改变最终 QA 内容，但会失去其生成、双审和补题来源链。,object,9,,
data/qa/reasoning/hard_expansion/full_v2_api/review_valid_evidence/claude/700.json,11188,fae5a3035ff9b49b5251199cc65d7b0871bc300774f13219fa5dfa3c6c815742,archive_then_delete,generation_selection_or_provenance,高难扩展、候选筛选、bundle 映射或语义复审的中间数据。,删除不改变最终 QA 内容，但会失去其生成、双审和补题来源链。,object,9,,
data/qa/reasoning/hard_expansion/full_v2_api/review_valid_evidence/claude/703.json,22961,75c18284e21e0904f259b82ec7cae2755d86085fe397f8784281ccc52890d88b,archive_then_delete,generation_selection_or_provenance,高难扩展、候选筛选、bundle 映射或语义复审的中间数据。,删除不改变最终 QA 内容，但会失去其生成、双审和补题来源链。,object,9,,
data/qa/reasoning/hard_expansion/full_v2_api/review_valid_evidence/claude/71.json,25483,5a2ce7198752ca8d1668fd6f98879f117702f9d0895b5f14582bde50abe1e0c0,archive_then_delete,generation_selection_or_provenance,高难扩展、候选筛选、bundle 映射或语义复审的中间数据。,删除不改变最终 QA 内容，但会失去其生成、双审和补题来源链。,object,9,,
data/qa/reasoning/hard_expansion/full_v2_api/review_valid_evidence/claude/77.json,7006,55184737446337a13ba34c7ab64240e368db1192b3e5a26bbfe4c6a2634af423,archive_then_delete,generation_selection_or_provenance,高难扩展、候选筛选、bundle 映射或语义复审的中间数据。,删除不改变最终 QA 内容，但会失去其生成、双审和补题来源链。,object,9,,
data/qa/reasoning/hard_expansion/full_v2_api/review_valid_evidence/claude/78.json,33144,216dd735ec491e031ee01df79771d775f57bfb890352afd2da29f501eaba110d,archive_then_delete,generation_selection_or_provenance,高难扩展、候选筛选、bundle 映射或语义复审的中间数据。,删除不改变最终 QA 内容，但会失去其生成、双审和补题来源链。,object,9,,
data/qa/reasoning/hard_expansion/full_v2_api/review_valid_evidence/claude/8.json,10988,ddfff46f082ff0b5d02d5387f521b2feb910494c0c32df84f456a4f2565205e3,archive_then_delete,generation_selection_or_provenance,高难扩展、候选筛选、bundle 映射或语义复审的中间数据。,删除不改变最终 QA 内容，但会失去其生成、双审和补题来源链。,object,9,,
data/qa/reasoning/hard_expansion/full_v2_api/review_valid_evidence/claude/80.json,38417,6d3a0c60d1428d6adb13a318221cfd1761a3772dd3899daa978f338d58e947ec,archive_then_delete,generation_selection_or_provenance,高难扩展、候选筛选、bundle 映射或语义复审的中间数据。,删除不改变最终 QA 内容，但会失去其生成、双审和补题来源链。,object,9,,
data/qa/reasoning/hard_expansion/full_v2_api/review_valid_evidence/claude/81.json,17005,e73299ddb52b328d96866b1002cf3f34d7e68bf1cc660011803daa8308f5efab,archive_then_delete,generation_selection_or_provenance,高难扩展、候选筛选、bundle 映射或语义复审的中间数据。,删除不改变最终 QA 内容，但会失去其生成、双审和补题来源链。,object,9,,
data/qa/reasoning/hard_expansion/full_v2_api/review_valid_evidence/claude/82.json,30904,1590dee25801cebdf38bdf51a37b5515656097aadfeea4eb5541fc903a50f5ed,archive_then_delete,generation_selection_or_provenance,高难扩展、候选筛选、bundle 映射或语义复审的中间数据。,删除不改变最终 QA 内容，但会失去其生成、双审和补题来源链。,object,9,,
data/qa/reasoning/hard_expansion/full_v2_api/review_valid_evidence/claude/84.json,4504,8813a7e5d8aac07791a39d31b4976581e6678a39ebb30015dfd6c1684573771d,archive_then_delete,generation_selection_or_provenance,高难扩展、候选筛选、bundle 映射或语义复审的中间数据。,删除不改变最终 QA 内容，但会失去其生成、双审和补题来源链。,object,9,,
data/qa/reasoning/hard_expansion/full_v2_api/review_valid_evidence/claude/85.json,40390,ea911e47a4e51a1fa9b49b98e30f4a67d10e62652d685e8df1cf3b55607b95b5,archive_then_delete,generation_selection_or_provenance,高难扩展、候选筛选、bundle 映射或语义复审的中间数据。,删除不改变最终 QA 内容，但会失去其生成、双审和补题来源链。,object,9,,
data/qa/reasoning/hard_expansion/full_v2_api/review_valid_evidence/claude/87.json,33815,dcabb62e0985ce2699a21cd57edfec8ce4d6940ebed218a5f86e6f6a65a2203a,archive_then_delete,generation_selection_or_provenance,高难扩展、候选筛选、bundle 映射或语义复审的中间数据。,删除不改变最终 QA 内容，但会失去其生成、双审和补题来源链。,object,9,,
data/qa/reasoning/hard_expansion/full_v2_api/review_valid_evidence/claude/9.json,35175,c6cab38662a30b52429fdd8a1b26b8abca03a003860683600cfa3fa1d9cb6a5b,archive_then_delete,generation_selection_or_provenance,高难扩展、候选筛选、bundle 映射或语义复审的中间数据。,删除不改变最终 QA 内容，但会失去其生成、双审和补题来源链。,object,9,,
data/qa/reasoning/hard_expansion/full_v2_api/review_valid_evidence/claude/90.json,33336,15149d46d0e9d163f5d3b707e134a38db1b457a1932e0b26cc4acaca530f0ca5,archive_then_delete,generation_selection_or_provenance,高难扩展、候选筛选、bundle 映射或语义复审的中间数据。,删除不改变最终 QA 内容，但会失去其生成、双审和补题来源链。,object,9,,
data/qa/reasoning/hard_expansion/full_v2_api/review_valid_evidence/claude/91.json,30729,1ed78af7b5cf3fec2373b7ca9bff7b9607fa5e7bde499c45e9fb279c0073413d,archive_then_delete,generation_selection_or_provenance,高难扩展、候选筛选、bundle 映射或语义复审的中间数据。,删除不改变最终 QA 内容，但会失去其生成、双审和补题来源链。,object,9,,
data/qa/reasoning/hard_expansion/full_v2_api/review_valid_evidence/claude/93.json,31687,fbd4e9e40328aec6ee60fa39449b2baaaf82834410ea1ebe60dec072899f6740,archive_then_delete,generation_selection_or_provenance,高难扩展、候选筛选、bundle 映射或语义复审的中间数据。,删除不改变最终 QA 内容，但会失去其生成、双审和补题来源链。,object,9,,
data/qa/reasoning/hard_expansion/full_v2_api/review_valid_evidence/claude/94.json,34811,bc449b0f83213ce4fe8538129e8e979a4b7265f10ac9bffb7bc5df42702b6b88,archive_then_delete,generation_selection_or_provenance,高难扩展、候选筛选、bundle 映射或语义复审的中间数据。,删除不改变最终 QA 内容，但会失去其生成、双审和补题来源链。,object,9,,
data/qa/reasoning/hard_expansion/full_v2_api/review_valid_evidence/claude/95.json,14892,32d7dcc288a88d6bec882bd9b2a4f0c898accd802be62e630361930b5e55eb6f,archive_then_delete,generation_selection_or_provenance,高难扩展、候选筛选、bundle 映射或语义复审的中间数据。,删除不改变最终 QA 内容，但会失去其生成、双审和补题来源链。,object,9,,
data/qa/reasoning/hard_expansion/full_v2_api/review_valid_evidence/gemini/1.json,31936,ff2a9b211273cfa0b03546df1b0fc4fbfde046e06ebe2a34b83ed26cc4bb541a,archive_then_delete,generation_selection_or_provenance,高难扩展、候选筛选、bundle 映射或语义复审的中间数据。,删除不改变最终 QA 内容，但会失去其生成、双审和补题来源链。,object,9,,
data/qa/reasoning/hard_expansion/full_v2_api/review_valid_evidence/gemini/101.json,20309,ca5c7c3a89345f6c91db1b06e022d4c11618b3b62904bc8e21f44b4234b15577,archive_then_delete,generation_selection_or_provenance,高难扩展、候选筛选、bundle 映射或语义复审的中间数据。,删除不改变最终 QA 内容，但会失去其生成、双审和补题来源链。,object,9,,
data/qa/reasoning/hard_expansion/full_v2_api/review_valid_evidence/gemini/102.json,23977,2ab01ef849d6753cd129ff4902e4d5f1e5f8df968e0685408ca40e61a9aea7d8,archive_then_delete,generation_selection_or_provenance,高难扩展、候选筛选、bundle 映射或语义复审的中间数据。,删除不改变最终 QA 内容，但会失去其生成、双审和补题来源链。,object,9,,
data/qa/reasoning/hard_expansion/full_v2_api/review_valid_evidence/gemini/103.json,33646,387bbf9712934b4332249a53f135814fb4ac554ce581bdb1655d570676af7f19,archive_then_delete,generation_selection_or_provenance,高难扩展、候选筛选、bundle 映射或语义复审的中间数据。,删除不改变最终 QA 内容，但会失去其生成、双审和补题来源链。,object,9,,
data/qa/reasoning/hard_expansion/full_v2_api/review_valid_evidence/gemini/104.json,20101,20d9d56aa8a0077bce2af3d98147a7633a43c8c06ed2535e37843fea309dbd38,archive_then_delete,generation_selection_or_provenance,高难扩展、候选筛选、bundle 映射或语义复审的中间数据。,删除不改变最终 QA 内容，但会失去其生成、双审和补题来源链。,object,9,,
data/qa/reasoning/hard_expansion/full_v2_api/review_valid_evidence/gemini/106.json,32064,a9f111941e50c94484fd59fc26853d5b6285d0111d2a68f839c1ba754cabab38,archive_then_delete,generation_selection_or_provenance,高难扩展、候选筛选、bundle 映射或语义复审的中间数据。,删除不改变最终 QA 内容，但会失去其生成、双审和补题来源链。,object,9,,
data/qa/reasoning/hard_expansion/full_v2_api/review_valid_evidence/gemini/11.json,27025,c69933a9b5003849f01b7f3f2ac3fd69a787438df4d5492a0fb489e355e55efc,archive_then_delete,generation_selection_or_provenance,高难扩展、候选筛选、bundle 映射或语义复审的中间数据。,删除不改变最终 QA 内容，但会失去其生成、双审和补题来源链。,object,9,,
data/qa/reasoning/hard_expansion/full_v2_api/review_valid_evidence/gemini/110.json,2668,d08ede62b6a505c13c5c7efb4d239cf563dc3f7bc30c71da7dd9681fa0f98680,archive_then_delete,generation_selection_or_provenance,高难扩展、候选筛选、bundle 映射或语义复审的中间数据。,删除不改变最终 QA 内容，但会失去其生成、双审和补题来源链。,object,9,,
data/qa/reasoning/hard_expansion/full_v2_api/review_valid_evidence/gemini/111.json,27752,694f4b8442534bf1fdc7f365ae66cdbef9b999cbda159231c1d0d0a8c0b5433a,archive_then_delete,generation_selection_or_provenance,高难扩展、候选筛选、bundle 映射或语义复审的中间数据。,删除不改变最终 QA 内容，但会失去其生成、双审和补题来源链。,object,9,,
data/qa/reasoning/hard_expansion/full_v2_api/review_valid_evidence/gemini/116.json,4766,1795c3f3956640b548f6d5991cd4784d0d912cb4781658ccfdd6edd3b609134b,archive_then_delete,generation_selection_or_provenance,高难扩展、候选筛选、bundle 映射或语义复审的中间数据。,删除不改变最终 QA 内容，但会失去其生成、双审和补题来源链。,object,9,,
data/qa/reasoning/hard_expansion/full_v2_api/review_valid_evidence/gemini/117.json,4186,4c53f8366d4ffd998b3f6a9276f59630f8d279cb635276711d6665f7860c109e,archive_then_delete,generation_selection_or_provenance,高难扩展、候选筛选、bundle 映射或语义复审的中间数据。,删除不改变最终 QA 内容，但会失去其生成、双审和补题来源链。,object,9,,
data/qa/reasoning/hard_expansion/full_v2_api/review_valid_evidence/gemini/118.json,24345,2e572614149828ecd8c9642278e590b2577dc0487a27786ac89b3dc67ec61117,archive_then_delete,generation_selection_or_provenance,高难扩展、候选筛选、bundle 映射或语义复审的中间数据。,删除不改变最终 QA 内容，但会失去其生成、双审和补题来源链。,object,9,,
data/qa/reasoning/hard_expansion/full_v2_api/review_valid_evidence/gemini/119.json,4454,02c63dddce88fffe444e8c7b5ca24099b8186c187c88c9c912b4dc0c16d26a8f,archive_then_delete,generation_selection_or_provenance,高难扩展、候选筛选、bundle 映射或语义复审的中间数据。,删除不改变最终 QA 内容，但会失去其生成、双审和补题来源链。,object,9,,
data/qa/reasoning/hard_expansion/full_v2_api/review_valid_evidence/gemini/12.json,18172,885a1437feabbc2c5c5b56381b60977767b86802dce00662e8e60ca98fbad676,archive_then_delete,generation_selection_or_provenance,高难扩展、候选筛选、bundle 映射或语义复审的中间数据。,删除不改变最终 QA 内容，但会失去其生成、双审和补题来源链。,object,9,,
data/qa/reasoning/hard_expansion/full_v2_api/review_valid_evidence/gemini/120.json,9643,1ee480591cfacf8a57192f3f16575d606a3b88567233d1bfa2550b1ee68ecf81,archive_then_delete,generation_selection_or_provenance,高难扩展、候选筛选、bundle 映射或语义复审的中间数据。,删除不改变最终 QA 内容，但会失去其生成、双审和补题来源链。,object,9,,
data/qa/reasoning/hard_expansion/full_v2_api/review_valid_evidence/gemini/121.json,23301,0a6595bea2062370388d3c804e2f6de16869f40da81b4385038f7a75fc5ce468,archive_then_delete,generation_selection_or_provenance,高难扩展、候选筛选、bundle 映射或语义复审的中间数据。,删除不改变最终 QA 内容，但会失去其生成、双审和补题来源链。,object,9,,
data/qa/reasoning/hard_expansion/full_v2_api/review_valid_evidence/gemini/122.json,32232,5c7e0b44405301a03823bd5cee0079f172cc96b9d7227e755f3f443e9dd64a14,archive_then_delete,generation_selection_or_provenance,高难扩展、候选筛选、bundle 映射或语义复审的中间数据。,删除不改变最终 QA 内容，但会失去其生成、双审和补题来源链。,object,9,,
data/qa/reasoning/hard_expansion/full_v2_api/review_valid_evidence/gemini/123.json,31676,31f6150be35cabaf4cf5b77afd1d9af86469ff09ce54aa4d018c0403168caf40,archive_then_delete,generation_selection_or_provenance,高难扩展、候选筛选、bundle 映射或语义复审的中间数据。,删除不改变最终 QA 内容，但会失去其生成、双审和补题来源链。,object,9,,
data/qa/reasoning/hard_expansion/full_v2_api/review_valid_evidence/gemini/127.json,36126,ebb245e6ee093468f7e17d72839346f5fd64ad8f8d0d54101a85abbb86f40909,archive_then_delete,generation_selection_or_provenance,高难扩展、候选筛选、bundle 映射或语义复审的中间数据。,删除不改变最终 QA 内容，但会失去其生成、双审和补题来源链。,object,9,,
data/qa/reasoning/hard_expansion/full_v2_api/review_valid_evidence/gemini/131.json,27280,b9a2a83e838b218dacbe5b95d13a35b4a52388632c5aeb33bfb7473e3e1807fa,archive_then_delete,generation_selection_or_provenance,高难扩展、候选筛选、bundle 映射或语义复审的中间数据。,删除不改变最终 QA 内容，但会失去其生成、双审和补题来源链。,object,9,,
data/qa/reasoning/hard_expansion/full_v2_api/review_valid_evidence/gemini/133.json,17185,ae834168164dcfcc99ec0d3a2b86f04bf8ed84bb8519032d01efb9a5d0f51388,archive_then_delete,generation_selection_or_provenance,高难扩展、候选筛选、bundle 映射或语义复审的中间数据。,删除不改变最终 QA 内容，但会失去其生成、双审和补题来源链。,object,9,,
data/qa/reasoning/hard_expansion/full_v2_api/review_valid_evidence/gemini/135.json,31654,4c6b2a3a61a19b542a8b411793408c8128ad307c1c2fa49da7d918d934871fa8,archive_then_delete,generation_selection_or_provenance,高难扩展、候选筛选、bundle 映射或语义复审的中间数据。,删除不改变最终 QA 内容，但会失去其生成、双审和补题来源链。,object,9,,
data/qa/reasoning/hard_expansion/full_v2_api/review_valid_evidence/gemini/137.json,20763,fa9c53e1b22d51852b51fa0c7d9d0694b91f48b8685b485faa071ed4dba8d281,archive_then_delete,generation_selection_or_provenance,高难扩展、候选筛选、bundle 映射或语义复审的中间数据。,删除不改变最终 QA 内容，但会失去其生成、双审和补题来源链。,object,9,,
data/qa/reasoning/hard_expansion/full_v2_api/review_valid_evidence/gemini/138.json,32494,cc9baabd2ae4925e7578383179536513426a308a0bab0ae670ba3af5b60e26cf,archive_then_delete,generation_selection_or_provenance,高难扩展、候选筛选、bundle 映射或语义复审的中间数据。,删除不改变最终 QA 内容，但会失去其生成、双审和补题来源链。,object,9,,
data/qa/reasoning/hard_expansion/full_v2_api/review_valid_evidence/gemini/141.json,35144,417c71f5f8b1e5ca2468a0d1ef9decc2ef44e802c531ef74be4993d2cc4333d4,archive_then_delete,generation_selection_or_provenance,高难扩展、候选筛选、bundle 映射或语义复审的中间数据。,删除不改变最终 QA 内容，但会失去其生成、双审和补题来源链。,object,9,,
data/qa/reasoning/hard_expansion/full_v2_api/review_valid_evidence/gemini/143.json,32037,26961986676607e967d581d2b338967d1d2c19bb4373810015fe1573af6b91f2,archive_then_delete,generation_selection_or_provenance,高难扩展、候选筛选、bundle 映射或语义复审的中间数据。,删除不改变最终 QA 内容，但会失去其生成、双审和补题来源链。,object,9,,
data/qa/reasoning/hard_expansion/full_v2_api/review_valid_evidence/gemini/144.json,32120,d7c17e6a0b0b0cf80dc8bc8223ee9a1bd75a92d39b5e058e048481cff7149737,archive_then_delete,generation_selection_or_provenance,高难扩展、候选筛选、bundle 映射或语义复审的中间数据。,删除不改变最终 QA 内容，但会失去其生成、双审和补题来源链。,object,9,,
data/qa/reasoning/hard_expansion/full_v2_api/review_valid_evidence/gemini/149.json,31722,55526e00e3110feea8cd5bf09006f3fba592cd2d1ba0d6a65de3ec04b717db75,archive_then_delete,generation_selection_or_provenance,高难扩展、候选筛选、bundle 映射或语义复审的中间数据。,删除不改变最终 QA 内容，但会失去其生成、双审和补题来源链。,object,9,,
data/qa/reasoning/hard_expansion/full_v2_api/review_valid_evidence/gemini/15.json,13012,7f723c5188b32be9a7844ef04a76b6f836556043f5a4068736190f5edd8acebe,archive_then_delete,generation_selection_or_provenance,高难扩展、候选筛选、bundle 映射或语义复审的中间数据。,删除不改变最终 QA 内容，但会失去其生成、双审和补题来源链。,object,9,,
data/qa/reasoning/hard_expansion/full_v2_api/review_valid_evidence/gemini/150.json,31662,5622478d669175b9ebaa75e3e4c8f6346eb760c9f8a7cb63bb17f770a30d51ab,archive_then_delete,generation_selection_or_provenance,高难扩展、候选筛选、bundle 映射或语义复审的中间数据。,删除不改变最终 QA 内容，但会失去其生成、双审和补题来源链。,object,9,,
data/qa/reasoning/hard_expansion/full_v2_api/review_valid_evidence/gemini/151.json,34668,64bcf3d0de8da3b9f5a967fde2a3e3f255532f39dc5eadc893c7a59ba1c41732,archive_then_delete,generation_selection_or_provenance,高难扩展、候选筛选、bundle 映射或语义复审的中间数据。,删除不改变最终 QA 内容，但会失去其生成、双审和补题来源链。,object,9,,
data/qa/reasoning/hard_expansion/full_v2_api/review_valid_evidence/gemini/157.json,23425,351b6a15e923ff211e1f2e66b2ad4929e3417ff8a02dad7c5e8a2197f3bff38e,archive_then_delete,generation_selection_or_provenance,高难扩展、候选筛选、bundle 映射或语义复审的中间数据。,删除不改变最终 QA 内容，但会失去其生成、双审和补题来源链。,object,9,,
data/qa/reasoning/hard_expansion/full_v2_api/review_valid_evidence/gemini/159.json,15128,b79daf30df01272db2eb92643ef4a3f71cf26858b6cde8abca22c04667d465a2,archive_then_delete,generation_selection_or_provenance,高难扩展、候选筛选、bundle 映射或语义复审的中间数据。,删除不改变最终 QA 内容，但会失去其生成、双审和补题来源链。,object,9,,
data/qa/reasoning/hard_expansion/full_v2_api/review_valid_evidence/gemini/16.json,33075,dc0083bf6dd22f7de37b3c362d19c8d4ff1244c5edd9281227f50cc249806d41,archive_then_delete,generation_selection_or_provenance,高难扩展、候选筛选、bundle 映射或语义复审的中间数据。,删除不改变最终 QA 内容，但会失去其生成、双审和补题来源链。,object,9,,
data/qa/reasoning/hard_expansion/full_v2_api/review_valid_evidence/gemini/160.json,23889,0d00b9ade22a53f746e0b0ecd10b3df03c722490c2fb529c57e5e10818399217,archive_then_delete,generation_selection_or_provenance,高难扩展、候选筛选、bundle 映射或语义复审的中间数据。,删除不改变最终 QA 内容，但会失去其生成、双审和补题来源链。,object,9,,
data/qa/reasoning/hard_expansion/full_v2_api/review_valid_evidence/gemini/165.json,17902,63f5fbd1ed09348ad9f9ca5ac56bc5243be3fc28f3f6e5c3457911311bcca6d0,archive_then_delete,generation_selection_or_provenance,高难扩展、候选筛选、bundle 映射或语义复审的中间数据。,删除不改变最终 QA 内容，但会失去其生成、双审和补题来源链。,object,9,,
data/qa/reasoning/hard_expansion/full_v2_api/review_valid_evidence/gemini/166.json,32560,ca392a02813f54ac1a3cb00671f75664dd0f8b8ee001301615335513d0215d4c,archive_then_delete,generation_selection_or_provenance,高难扩展、候选筛选、bundle 映射或语义复审的中间数据。,删除不改变最终 QA 内容，但会失去其生成、双审和补题来源链。,object,9,,
data/qa/reasoning/hard_expansion/full_v2_api/review_valid_evidence/gemini/167.json,35414,8ca4cec970459fe6530eebe22fbb244ed301a6ac04146e9b98bf4ed1f72366fb,archive_then_delete,generation_selection_or_provenance,高难扩展、候选筛选、bundle 映射或语义复审的中间数据。,删除不改变最终 QA 内容，但会失去其生成、双审和补题来源链。,object,9,,
data/qa/reasoning/hard_expansion/full_v2_api/review_valid_evidence/gemini/173.json,35200,074ea017530f394fb66168e6271244b91e89d44bd608170bf34ba0ddfe724928,archive_then_delete,generation_selection_or_provenance,高难扩展、候选筛选、bundle 映射或语义复审的中间数据。,删除不改变最终 QA 内容，但会失去其生成、双审和补题来源链。,object,9,,
data/qa/reasoning/hard_expansion/full_v2_api/review_valid_evidence/gemini/175.json,33098,c3d1076f33418007a66d321da87a298527caf1db53e37bf7e6444d0c8cd639c4,archive_then_delete,generation_selection_or_provenance,高难扩展、候选筛选、bundle 映射或语义复审的中间数据。,删除不改变最终 QA 内容，但会失去其生成、双审和补题来源链。,object,9,,
data/qa/reasoning/hard_expansion/full_v2_api/review_valid_evidence/gemini/177.json,32132,7dce54d7bf62f7d0763243fd5d7eb185076bdda946019bc9a070e4b2156b89ac,archive_then_delete,generation_selection_or_provenance,高难扩展、候选筛选、bundle 映射或语义复审的中间数据。,删除不改变最终 QA 内容，但会失去其生成、双审和补题来源链。,object,9,,
data/qa/reasoning/hard_expansion/full_v2_api/review_valid_evidence/gemini/178.json,35114,3562b6f8c3cffd476235f3becaf2608d49f1e55602f015b50ad71db825dbd603,archive_then_delete,generation_selection_or_provenance,高难扩展、候选筛选、bundle 映射或语义复审的中间数据。,删除不改变最终 QA 内容，但会失去其生成、双审和补题来源链。,object,9,,
data/qa/reasoning/hard_expansion/full_v2_api/review_valid_evidence/gemini/179.json,23683,7dc80cb1af519c8d94a83481c7bcb67cfd148a0c0585717a200b1b5bb1f40006,archive_then_delete,generation_selection_or_provenance,高难扩展、候选筛选、bundle 映射或语义复审的中间数据。,删除不改变最终 QA 内容，但会失去其生成、双审和补题来源链。,object,9,,
data/qa/reasoning/hard_expansion/full_v2_api/review_valid_evidence/gemini/18.json,32029,184b1c986e10002f1b8f6ddb02217d5fea084190a4a686a01d3d0e1e30effc3b,archive_then_delete,generation_selection_or_provenance,高难扩展、候选筛选、bundle 映射或语义复审的中间数据。,删除不改变最终 QA 内容，但会失去其生成、双审和补题来源链。,object,9,,
data/qa/reasoning/hard_expansion/full_v2_api/review_valid_evidence/gemini/181.json,27314,9e749ea1b7689852f63ce94d60ba7c8a9688a0afa611988f6798c100e049b394,archive_then_delete,generation_selection_or_provenance,高难扩展、候选筛选、bundle 映射或语义复审的中间数据。,删除不改变最终 QA 内容，但会失去其生成、双审和补题来源链。,object,9,,
data/qa/reasoning/hard_expansion/full_v2_api/review_valid_evidence/gemini/182.json,32774,d8650eadfea9d32a4d632ab1b721b50144b784352f89b225f1ce9f333485cbd4,archive_then_delete,generation_selection_or_provenance,高难扩展、候选筛选、bundle 映射或语义复审的中间数据。,删除不改变最终 QA 内容，但会失去其生成、双审和补题来源链。,object,9,,
data/qa/reasoning/hard_expansion/full_v2_api/review_valid_evidence/gemini/184.json,24841,8105929ad835b1fb2d649e505b6ad10cbeefeee351a0256577a633cb3645c984,archive_then_delete,generation_selection_or_provenance,高难扩展、候选筛选、bundle 映射或语义复审的中间数据。,删除不改变最终 QA 内容，但会失去其生成、双审和补题来源链。,object,9,,
data/qa/reasoning/hard_expansion/full_v2_api/review_valid_evidence/gemini/185.json,31778,97747eecd8fee8ffb9d093259cac528bb94b9b916cf2329bec5de8a4585e346a,archive_then_delete,generation_selection_or_provenance,高难扩展、候选筛选、bundle 映射或语义复审的中间数据。,删除不改变最终 QA 内容，但会失去其生成、双审和补题来源链。,object,9,,
data/qa/reasoning/hard_expansion/full_v2_api/review_valid_evidence/gemini/189.json,31679,5ddfe8c9826e6223a1328aabea962884dbf7e938f6e563eae7f1fa7d54579bd8,archive_then_delete,generation_selection_or_provenance,高难扩展、候选筛选、bundle 映射或语义复审的中间数据。,删除不改变最终 QA 内容，但会失去其生成、双审和补题来源链。,object,9,,
data/qa/reasoning/hard_expansion/full_v2_api/review_valid_evidence/gemini/19.json,32341,eb90ce935e74b4e2ffc9079cdcf962b45f30f9eae9688e7b46c9709869032d23,archive_then_delete,generation_selection_or_provenance,高难扩展、候选筛选、bundle 映射或语义复审的中间数据。,删除不改变最终 QA 内容，但会失去其生成、双审和补题来源链。,object,9,,
data/qa/reasoning/hard_expansion/full_v2_api/review_valid_evidence/gemini/190.json,10736,e337dc2ebb5f34bdb7336c411e2804b5c752f3dabce010ccae84c1d2ffdec800,archive_then_delete,generation_selection_or_provenance,高难扩展、候选筛选、bundle 映射或语义复审的中间数据。,删除不改变最终 QA 内容，但会失去其生成、双审和补题来源链。,object,9,,
data/qa/reasoning/hard_expansion/full_v2_api/review_valid_evidence/gemini/191.json,10681,f26d1e47c2e63248f59e3078c7e42d182d68c057ed362c9a36c5ec2fe4ae33cc,archive_then_delete,generation_selection_or_provenance,高难扩展、候选筛选、bundle 映射或语义复审的中间数据。,删除不改变最终 QA 内容，但会失去其生成、双审和补题来源链。,object,9,,
data/qa/reasoning/hard_expansion/full_v2_api/review_valid_evidence/gemini/192.json,20363,04995f2834f392997982f69984d795dee3c9d2f9bbb710040226badb0bf1e3cd,archive_then_delete,generation_selection_or_provenance,高难扩展、候选筛选、bundle 映射或语义复审的中间数据。,删除不改变最终 QA 内容，但会失去其生成、双审和补题来源链。,object,9,,
data/qa/reasoning/hard_expansion/full_v2_api/review_valid_evidence/gemini/193.json,23583,652ac3eea01dfac26b2158e8eb38a9e152a2a4569006018e2ebc583bdaaa6b20,archive_then_delete,generation_selection_or_provenance,高难扩展、候选筛选、bundle 映射或语义复审的中间数据。,删除不改变最终 QA 内容，但会失去其生成、双审和补题来源链。,object,9,,
data/qa/reasoning/hard_expansion/full_v2_api/review_valid_evidence/gemini/194.json,31806,12da3482348ef8cd6c038207aba11e280b4e1d7af7a6ef031e5290b43dd95aeb,archive_then_delete,generation_selection_or_provenance,高难扩展、候选筛选、bundle 映射或语义复审的中间数据。,删除不改变最终 QA 内容，但会失去其生成、双审和补题来源链。,object,9,,
data/qa/reasoning/hard_expansion/full_v2_api/review_valid_evidence/gemini/197.json,33742,62488dad237a51cb4f0f77445ad707377df51cb6796a6b5ef3fc331d39e57733,archive_then_delete,generation_selection_or_provenance,高难扩展、候选筛选、bundle 映射或语义复审的中间数据。,删除不改变最终 QA 内容，但会失去其生成、双审和补题来源链。,object,9,,
data/qa/reasoning/hard_expansion/full_v2_api/review_valid_evidence/gemini/200.json,32258,543b2713ad051985233e40886f5f2b6263f641740f2c69fc5d80dc4a189c0058,archive_then_delete,generation_selection_or_provenance,高难扩展、候选筛选、bundle 映射或语义复审的中间数据。,删除不改变最终 QA 内容，但会失去其生成、双审和补题来源链。,object,9,,
data/qa/reasoning/hard_expansion/full_v2_api/review_valid_evidence/gemini/207.json,32202,c074193341eb509cef171857ec1f275538102b4ad13b0cc6925e599548296e37,archive_then_delete,generation_selection_or_provenance,高难扩展、候选筛选、bundle 映射或语义复审的中间数据。,删除不改变最终 QA 内容，但会失去其生成、双审和补题来源链。,object,9,,
data/qa/reasoning/hard_expansion/full_v2_api/review_valid_evidence/gemini/208.json,32812,92cc39f983fd072189f04c47f0351b3d9d4673ad69f97cb860ac630e6996892e,archive_then_delete,generation_selection_or_provenance,高难扩展、候选筛选、bundle 映射或语义复审的中间数据。,删除不改变最终 QA 内容，但会失去其生成、双审和补题来源链。,object,9,,
data/qa/reasoning/hard_expansion/full_v2_api/review_valid_evidence/gemini/209.json,30605,80136580dbe844c75cd10cc5de652318d0b7cc6edd6382cb7b1aaef9eba8d75e,archive_then_delete,generation_selection_or_provenance,高难扩展、候选筛选、bundle 映射或语义复审的中间数据。,删除不改变最终 QA 内容，但会失去其生成、双审和补题来源链。,object,9,,
data/qa/reasoning/hard_expansion/full_v2_api/review_valid_evidence/gemini/212.json,33694,4cb88618272590d82aa321ec66926b95210abceab4b4a5214df5c88f133d1ad0,archive_then_delete,generation_selection_or_provenance,高难扩展、候选筛选、bundle 映射或语义复审的中间数据。,删除不改变最终 QA 内容，但会失去其生成、双审和补题来源链。,object,9,,
data/qa/reasoning/hard_expansion/full_v2_api/review_valid_evidence/gemini/213.json,17037,348221151d3a9b5afa545c20e98fca596828302b8f74ac7bf23ac1d971cdada5,archive_then_delete,generation_selection_or_provenance,高难扩展、候选筛选、bundle 映射或语义复审的中间数据。,删除不改变最终 QA 内容，但会失去其生成、双审和补题来源链。,object,9,,
data/qa/reasoning/hard_expansion/full_v2_api/review_valid_evidence/gemini/215.json,31592,3b46be99fecb70a5f402e32110904628243e5b5e59fb567ff6d81ca6b8b6ac72,archive_then_delete,generation_selection_or_provenance,高难扩展、候选筛选、bundle 映射或语义复审的中间数据。,删除不改变最终 QA 内容，但会失去其生成、双审和补题来源链。,object,9,,
data/qa/reasoning/hard_expansion/full_v2_api/review_valid_evidence/gemini/216.json,33262,1e41d6fa6584d9ae825e1ea82c5ad3cfa056ba33eaae498010f06532165bf17c,archive_then_delete,generation_selection_or_provenance,高难扩展、候选筛选、bundle 映射或语义复审的中间数据。,删除不改变最终 QA 内容，但会失去其生成、双审和补题来源链。,object,9,,
data/qa/reasoning/hard_expansion/full_v2_api/review_valid_evidence/gemini/219.json,32856,f98b60529637635fa15191767197275c0c19fadc1e725011200385175f62c2ae,archive_then_delete,generation_selection_or_provenance,高难扩展、候选筛选、bundle 映射或语义复审的中间数据。,删除不改变最终 QA 内容，但会失去其生成、双审和补题来源链。,object,9,,
data/qa/reasoning/hard_expansion/full_v2_api/review_valid_evidence/gemini/22.json,2634,aed4a3752cc70b4fb005b4d609aac6bbf7293d10de92b631404a919dd889aea4,archive_then_delete,generation_selection_or_provenance,高难扩展、候选筛选、bundle 映射或语义复审的中间数据。,删除不改变最终 QA 内容，但会失去其生成、双审和补题来源链。,object,9,,
data/qa/reasoning/hard_expansion/full_v2_api/review_valid_evidence/gemini/221.json,31934,5cd3b7140772e3aea849d0954760900abf170c7fcff7f2439c6f9dc59634191a,archive_then_delete,generation_selection_or_provenance,高难扩展、候选筛选、bundle 映射或语义复审的中间数据。,删除不改变最终 QA 内容，但会失去其生成、双审和补题来源链。,object,9,,
data/qa/reasoning/hard_expansion/full_v2_api/review_valid_evidence/gemini/223.json,31790,18fd80008e501beeab32052bf98114bbe7a1cdd1b30bea8af406265bd9a78074,archive_then_delete,generation_selection_or_provenance,高难扩展、候选筛选、bundle 映射或语义复审的中间数据。,删除不改变最终 QA 内容，但会失去其生成、双审和补题来源链。,object,9,,
data/qa/reasoning/hard_expansion/full_v2_api/review_valid_evidence/gemini/225.json,16567,b7f476aac648b515e87c8069f5fc0db6bfcd9e7bec5326d6b680b1051d90c896,archive_then_delete,generation_selection_or_provenance,高难扩展、候选筛选、bundle 映射或语义复审的中间数据。,删除不改变最终 QA 内容，但会失去其生成、双审和补题来源链。,object,9,,
data/qa/reasoning/hard_expansion/full_v2_api/review_valid_evidence/gemini/226.json,33424,03fe3ddb52013b567c6282992e83515f730f2aa67c95b683a7c71005cf7b11b4,archive_then_delete,generation_selection_or_provenance,高难扩展、候选筛选、bundle 映射或语义复审的中间数据。,删除不改变最终 QA 内容，但会失去其生成、双审和补题来源链。,object,9,,
data/qa/reasoning/hard_expansion/full_v2_api/review_valid_evidence/gemini/228.json,34060,47c98488307e77241660106cafd219ba044fd3bc306c9da80c16c63973922bca,archive_then_delete,generation_selection_or_provenance,高难扩展、候选筛选、bundle 映射或语义复审的中间数据。,删除不改变最终 QA 内容，但会失去其生成、双审和补题来源链。,object,9,,
data/qa/reasoning/hard_expansion/full_v2_api/review_valid_evidence/gemini/229.json,26666,c2e5edc43ca7f407cdbfaed1c47bb462d29bc90d3aaef35b366a74e3bac69868,archive_then_delete,generation_selection_or_provenance,高难扩展、候选筛选、bundle 映射或语义复审的中间数据。,删除不改变最终 QA 内容，但会失去其生成、双审和补题来源链。,object,9,,
data/qa/reasoning/hard_expansion/full_v2_api/review_valid_evidence/gemini/231.json,33858,0e8af07e1cfd587107f4cfba1dbc3c48a8ef84fd98222399553db3f303f4f73c,archive_then_delete,generation_selection_or_provenance,高难扩展、候选筛选、bundle 映射或语义复审的中间数据。,删除不改变最终 QA 内容，但会失去其生成、双审和补题来源链。,object,9,,
data/qa/reasoning/hard_expansion/full_v2_api/review_valid_evidence/gemini/233.json,32350,83465cfe66a5cc386f754100b03c9248ebad1b44daa0a16b09ea23fe4e4ea189,archive_then_delete,generation_selection_or_provenance,高难扩展、候选筛选、bundle 映射或语义复审的中间数据。,删除不改变最终 QA 内容，但会失去其生成、双审和补题来源链。,object,9,,
data/qa/reasoning/hard_expansion/full_v2_api/review_valid_evidence/gemini/236.json,16487,f98cd66d75823153518b44c800ede81c2c145e50adcafd0ba4e1de0a75af8a56,archive_then_delete,generation_selection_or_provenance,高难扩展、候选筛选、bundle 映射或语义复审的中间数据。,删除不改变最终 QA 内容，但会失去其生成、双审和补题来源链。,object,9,,
data/qa/reasoning/hard_expansion/full_v2_api/review_valid_evidence/gemini/239.json,32938,b3d9bbb673af2e1ee9539eed4e59c747e678e7523f4678c9d48f3bd2c80b36e6,archive_then_delete,generation_selection_or_provenance,高难扩展、候选筛选、bundle 映射或语义复审的中间数据。,删除不改变最终 QA 内容，但会失去其生成、双审和补题来源链。,object,9,,
data/qa/reasoning/hard_expansion/full_v2_api/review_valid_evidence/gemini/24.json,19504,da21877af9069f41c8d11a181401df6f4cafd7e6993005cd6417cc2dd993399b,archive_then_delete,generation_selection_or_provenance,高难扩展、候选筛选、bundle 映射或语义复审的中间数据。,删除不改变最终 QA 内容，但会失去其生成、双审和补题来源链。,object,9,,
data/qa/reasoning/hard_expansion/full_v2_api/review_valid_evidence/gemini/242.json,32232,e8cb8a680ad7f4168942fceebb3bad1d73d6ea5d6c96fcd3e625188a4c0cf9e8,archive_then_delete,generation_selection_or_provenance,高难扩展、候选筛选、bundle 映射或语义复审的中间数据。,删除不改变最终 QA 内容，但会失去其生成、双审和补题来源链。,object,9,,
data/qa/reasoning/hard_expansion/full_v2_api/review_valid_evidence/gemini/243.json,31558,bd46ca07792aa5ccf53e156b1bc9cc61ad7dbb5c5e7c2b1312ef7b526a263147,archive_then_delete,generation_selection_or_provenance,高难扩展、候选筛选、bundle 映射或语义复审的中间数据。,删除不改变最终 QA 内容，但会失去其生成、双审和补题来源链。,object,9,,
data/qa/reasoning/hard_expansion/full_v2_api/review_valid_evidence/gemini/245.json,16744,d526e71d9c3c27ebe0d3c8419cb781d5c481497e25a6a077233f3cd2faee01a9,archive_then_delete,generation_selection_or_provenance,高难扩展、候选筛选、bundle 映射或语义复审的中间数据。,删除不改变最终 QA 内容，但会失去其生成、双审和补题来源链。,object,9,,
data/qa/reasoning/hard_expansion/full_v2_api/review_valid_evidence/gemini/247.json,32847,898178869c19bdb559917e007eeab295cc02b5550e0b17178cb5dcbb1daefbdd,archive_then_delete,generation_selection_or_provenance,高难扩展、候选筛选、bundle 映射或语义复审的中间数据。,删除不改变最终 QA 内容，但会失去其生成、双审和补题来源链。,object,9,,
data/qa/reasoning/hard_expansion/full_v2_api/review_valid_evidence/gemini/248.json,34678,905f87a97945394ac96d12784634835b56d52c69e39208d22c4d21266825060f,archive_then_delete,generation_selection_or_provenance,高难扩展、候选筛选、bundle 映射或语义复审的中间数据。,删除不改变最终 QA 内容，但会失去其生成、双审和补题来源链。,object,9,,
data/qa/reasoning/hard_expansion/full_v2_api/review_valid_evidence/gemini/249.json,31622,5e63111eaf362d3435e036a62a1f19b487cea911d73c821efe05c60caf4dbf0a,archive_then_delete,generation_selection_or_provenance,高难扩展、候选筛选、bundle 映射或语义复审的中间数据。,删除不改变最终 QA 内容，但会失去其生成、双审和补题来源链。,object,9,,
data/qa/reasoning/hard_expansion/full_v2_api/review_valid_evidence/gemini/25.json,32223,150047d0d0f6ef596ae85bb8b0e58e61510a6fe057f747a6466d722c6257719c,archive_then_delete,generation_selection_or_provenance,高难扩展、候选筛选、bundle 映射或语义复审的中间数据。,删除不改变最终 QA 内容，但会失去其生成、双审和补题来源链。,object,9,,
data/qa/reasoning/hard_expansion/full_v2_api/review_valid_evidence/gemini/250.json,33120,5fd58b31f3b805e4038bebc70025371d9f160a141273b606a0d66e4c9da00890,archive_then_delete,generation_selection_or_provenance,高难扩展、候选筛选、bundle 映射或语义复审的中间数据。,删除不改变最终 QA 内容，但会失去其生成、双审和补题来源链。,object,9,,
data/qa/reasoning/hard_expansion/full_v2_api/review_valid_evidence/gemini/251.json,30658,6bf1d4ddca04fccf03ec90b8285f4dcf9d2b6b0485d4294a84fd37c82c9eec50,archive_then_delete,generation_selection_or_provenance,高难扩展、候选筛选、bundle 映射或语义复审的中间数据。,删除不改变最终 QA 内容，但会失去其生成、双审和补题来源链。,object,9,,
data/qa/reasoning/hard_expansion/full_v2_api/review_valid_evidence/gemini/252.json,32115,4d37a0b7a5e8f078ada359c57bb8ddd439ddb64a12faf018ef551682f9ffb619,archive_then_delete,generation_selection_or_provenance,高难扩展、候选筛选、bundle 映射或语义复审的中间数据。,删除不改变最终 QA 内容，但会失去其生成、双审和补题来源链。,object,9,,
data/qa/reasoning/hard_expansion/full_v2_api/review_valid_evidence/gemini/254.json,32628,6c8e3b7d8cd381939c0fbd0ff5c3c4e1140ee8fcd0200fb53f4ba941553d6e91,archive_then_delete,generation_selection_or_provenance,高难扩展、候选筛选、bundle 映射或语义复审的中间数据。,删除不改变最终 QA 内容，但会失去其生成、双审和补题来源链。,object,9,,
data/qa/reasoning/hard_expansion/full_v2_api/review_valid_evidence/gemini/257.json,33194,140ea103cb885e273f27f877f382d2aa6b0e90177cff748ddbd4917e19502bdd,archive_then_delete,generation_selection_or_provenance,高难扩展、候选筛选、bundle 映射或语义复审的中间数据。,删除不改变最终 QA 内容，但会失去其生成、双审和补题来源链。,object,9,,
data/qa/reasoning/hard_expansion/full_v2_api/review_valid_evidence/gemini/258.json,24913,6fb0858a9f013bb85edde11229a91a2b3d583d35dd500a21b3dc34b5f328d30d,archive_then_delete,generation_selection_or_provenance,高难扩展、候选筛选、bundle 映射或语义复审的中间数据。,删除不改变最终 QA 内容，但会失去其生成、双审和补题来源链。,object,9,,
data/qa/reasoning/hard_expansion/full_v2_api/review_valid_evidence/gemini/259.json,34450,2c8c14fa3de440cffb219ac455cedeebacca36da4a98cda07ab71ad2489c247c,archive_then_delete,generation_selection_or_provenance,高难扩展、候选筛选、bundle 映射或语义复审的中间数据。,删除不改变最终 QA 内容，但会失去其生成、双审和补题来源链。,object,9,,
data/qa/reasoning/hard_expansion/full_v2_api/review_valid_evidence/gemini/265.json,33748,d9ae2080b1c935ce8bab5db1c97e08445f4f3afcaf8f5f68bb4e12e21e48b2e1,archive_then_delete,generation_selection_or_provenance,高难扩展、候选筛选、bundle 映射或语义复审的中间数据。,删除不改变最终 QA 内容，但会失去其生成、双审和补题来源链。,object,9,,
data/qa/reasoning/hard_expansion/full_v2_api/review_valid_evidence/gemini/267.json,33582,6e45c5431e3402d8bb7eb69f2bf04b1bcbb33ee58adab2265992359790a7f0ae,archive_then_delete,generation_selection_or_provenance,高难扩展、候选筛选、bundle 映射或语义复审的中间数据。,删除不改变最终 QA 内容，但会失去其生成、双审和补题来源链。,object,9,,
data/qa/reasoning/hard_expansion/full_v2_api/review_valid_evidence/gemini/27.json,32179,6570ce8ed23a72e6ab111ef7e8599ad54c086a76427dde22ab2f56a8d1467552,archive_then_delete,generation_selection_or_provenance,高难扩展、候选筛选、bundle 映射或语义复审的中间数据。,删除不改变最终 QA 内容，但会失去其生成、双审和补题来源链。,object,9,,
data/qa/reasoning/hard_expansion/full_v2_api/review_valid_evidence/gemini/270.json,31832,93be25445fb53185fc52705fe4f17c59a465fe9ef3fb8aff37f832bb0253387c,archive_then_delete,generation_selection_or_provenance,高难扩展、候选筛选、bundle 映射或语义复审的中间数据。,删除不改变最终 QA 内容，但会失去其生成、双审和补题来源链。,object,9,,
data/qa/reasoning/hard_expansion/full_v2_api/review_valid_evidence/gemini/271.json,18822,44169daf17b343eac8cb132e0daef7f4236e808fcdccc6b3a00aadb0e2778fe5,archive_then_delete,generation_selection_or_provenance,高难扩展、候选筛选、bundle 映射或语义复审的中间数据。,删除不改变最终 QA 内容，但会失去其生成、双审和补题来源链。,object,9,,
data/qa/reasoning/hard_expansion/full_v2_api/review_valid_evidence/gemini/273.json,23779,24ca9f0797c760f79cc3239cc33fd6c8f39fcdfefd1587ab81e67ded29db6b40,archive_then_delete,generation_selection_or_provenance,高难扩展、候选筛选、bundle 映射或语义复审的中间数据。,删除不改变最终 QA 内容，但会失去其生成、双审和补题来源链。,object,9,,
data/qa/reasoning/hard_expansion/full_v2_api/review_valid_evidence/gemini/277.json,32808,7fe627aac58edf015395a55cf52a089a4f01b5c3bdc5bcd8ee6433f059eac054,archive_then_delete,generation_selection_or_provenance,高难扩展、候选筛选、bundle 映射或语义复审的中间数据。,删除不改变最终 QA 内容，但会失去其生成、双审和补题来源链。,object,9,,
data/qa/reasoning/hard_expansion/full_v2_api/review_valid_evidence/gemini/278.json,21353,d78f1613a81147f944483c7ab48930642c81e55c677e144c9201411da9d7e5e3,archive_then_delete,generation_selection_or_provenance,高难扩展、候选筛选、bundle 映射或语义复审的中间数据。,删除不改变最终 QA 内容，但会失去其生成、双审和补题来源链。,object,9,,
data/qa/reasoning/hard_expansion/full_v2_api/review_valid_evidence/gemini/279.json,32953,ae60c72d90b8a987b5a67986e99ce78de25df284b5b6d0534035da6de430e510,archive_then_delete,generation_selection_or_provenance,高难扩展、候选筛选、bundle 映射或语义复审的中间数据。,删除不改变最终 QA 内容，但会失去其生成、双审和补题来源链。,object,9,,
data/qa/reasoning/hard_expansion/full_v2_api/review_valid_evidence/gemini/282.json,33608,f063de19e51517cfa2656cd42e2f0d240fe1950089c52c37e1224d28cc949c5f,archive_then_delete,generation_selection_or_provenance,高难扩展、候选筛选、bundle 映射或语义复审的中间数据。,删除不改变最终 QA 内容，但会失去其生成、双审和补题来源链。,object,9,,
data/qa/reasoning/hard_expansion/full_v2_api/review_valid_evidence/gemini/283.json,33344,d23f62a1b6aa5d9fcbc83b3838910f05b84e6e3418d0ddc4fe0720c5eab27a6d,archive_then_delete,generation_selection_or_provenance,高难扩展、候选筛选、bundle 映射或语义复审的中间数据。,删除不改变最终 QA 内容，但会失去其生成、双审和补题来源链。,object,9,,
data/qa/reasoning/hard_expansion/full_v2_api/review_valid_evidence/gemini/284.json,31992,e1d5caf699141888067c824d9cfa2e14229a7d6d398f746aa56b72df08338954,archive_then_delete,generation_selection_or_provenance,高难扩展、候选筛选、bundle 映射或语义复审的中间数据。,删除不改变最终 QA 内容，但会失去其生成、双审和补题来源链。,object,9,,
data/qa/reasoning/hard_expansion/full_v2_api/review_valid_evidence/gemini/287.json,21328,3e489ce0c9ad523724c0ae25ad721d4198ab1d611af1ebef269d6befbf4d0e1e,archive_then_delete,generation_selection_or_provenance,高难扩展、候选筛选、bundle 映射或语义复审的中间数据。,删除不改变最终 QA 内容，但会失去其生成、双审和补题来源链。,object,9,,
data/qa/reasoning/hard_expansion/full_v2_api/review_valid_evidence/gemini/29.json,9510,a9c5befcc22f481b04f091eb4218c48209a9e1f2746dbfec0cde47736e6bade0,archive_then_delete,generation_selection_or_provenance,高难扩展、候选筛选、bundle 映射或语义复审的中间数据。,删除不改变最终 QA 内容，但会失去其生成、双审和补题来源链。,object,9,,
data/qa/reasoning/hard_expansion/full_v2_api/review_valid_evidence/gemini/290.json,24663,a04fb9396a96febe082313cae0c4a5d4ce7baa53e6145b084c6c0d343b3c9be1,archive_then_delete,generation_selection_or_provenance,高难扩展、候选筛选、bundle 映射或语义复审的中间数据。,删除不改变最终 QA 内容，但会失去其生成、双审和补题来源链。,object,9,,
data/qa/reasoning/hard_expansion/full_v2_api/review_valid_evidence/gemini/291.json,6688,404b64fd118f8d811aec9631b11b0034208f3c31c8d347dddc07a61608cc2a38,archive_then_delete,generation_selection_or_provenance,高难扩展、候选筛选、bundle 映射或语义复审的中间数据。,删除不改变最终 QA 内容，但会失去其生成、双审和补题来源链。,object,9,,
data/qa/reasoning/hard_expansion/full_v2_api/review_valid_evidence/gemini/292.json,23809,d74e305a18f38632fbea2650ea285a213b65b1f611b992796b4316dec99ed81c,archive_then_delete,generation_selection_or_provenance,高难扩展、候选筛选、bundle 映射或语义复审的中间数据。,删除不改变最终 QA 内容，但会失去其生成、双审和补题来源链。,object,9,,
data/qa/reasoning/hard_expansion/full_v2_api/review_valid_evidence/gemini/294.json,30562,16ddeba616881360e656d15115846507276d398f345eb8e3de6d437a5c5b91cd,archive_then_delete,generation_selection_or_provenance,高难扩展、候选筛选、bundle 映射或语义复审的中间数据。,删除不改变最终 QA 内容，但会失去其生成、双审和补题来源链。,object,9,,
data/qa/reasoning/hard_expansion/full_v2_api/review_valid_evidence/gemini/295.json,19337,22b2e274463c10b7596fa765fc06541a1135d1cbe41456ea616eb619c642dbf1,archive_then_delete,generation_selection_or_provenance,高难扩展、候选筛选、bundle 映射或语义复审的中间数据。,删除不改变最终 QA 内容，但会失去其生成、双审和补题来源链。,object,9,,
data/qa/reasoning/hard_expansion/full_v2_api/review_valid_evidence/gemini/297.json,5882,52a5d0f5ef550830dbe1265e66075d809df9d00b1cd8328b120fe4a63c573281,archive_then_delete,generation_selection_or_provenance,高难扩展、候选筛选、bundle 映射或语义复审的中间数据。,删除不改变最终 QA 内容，但会失去其生成、双审和补题来源链。,object,9,,
data/qa/reasoning/hard_expansion/full_v2_api/review_valid_evidence/gemini/299.json,32614,b026bfb68d6c254f0a2d7ed3d2858b744573e7a5c148a142984990c7d2858375,archive_then_delete,generation_selection_or_provenance,高难扩展、候选筛选、bundle 映射或语义复审的中间数据。,删除不改变最终 QA 内容，但会失去其生成、双审和补题来源链。,object,9,,
data/qa/reasoning/hard_expansion/full_v2_api/review_valid_evidence/gemini/3.json,25138,c8c9da79ff50e9758e0ed860822ae2d11edb23d6b82b42e261c4a5451f91a496,archive_then_delete,generation_selection_or_provenance,高难扩展、候选筛选、bundle 映射或语义复审的中间数据。,删除不改变最终 QA 内容，但会失去其生成、双审和补题来源链。,object,9,,
data/qa/reasoning/hard_expansion/full_v2_api/review_valid_evidence/gemini/30.json,29307,38a4fd1fa62c059b17458d182ceba4d6ac16e87da6b9d84c09419294071bfc64,archive_then_delete,generation_selection_or_provenance,高难扩展、候选筛选、bundle 映射或语义复审的中间数据。,删除不改变最终 QA 内容，但会失去其生成、双审和补题来源链。,object,9,,
data/qa/reasoning/hard_expansion/full_v2_api/review_valid_evidence/gemini/302.json,22779,56f55d02bfe7ccef689dc500c707e4335424761f2abcb26fa41c49d7b5209ffb,archive_then_delete,generation_selection_or_provenance,高难扩展、候选筛选、bundle 映射或语义复审的中间数据。,删除不改变最终 QA 内容，但会失去其生成、双审和补题来源链。,object,9,,
data/qa/reasoning/hard_expansion/full_v2_api/review_valid_evidence/gemini/304.json,31378,a8ead88d222911d9361805ad5c6c738207e7dec599547492f9421323df0d5862,archive_then_delete,generation_selection_or_provenance,高难扩展、候选筛选、bundle 映射或语义复审的中间数据。,删除不改变最终 QA 内容，但会失去其生成、双审和补题来源链。,object,9,,
data/qa/reasoning/hard_expansion/full_v2_api/review_valid_evidence/gemini/305.json,24027,a2def75ccb1ee5ca96f30092c51391f8ecd800bbda17c53832d228f3eeb9ce82,archive_then_delete,generation_selection_or_provenance,高难扩展、候选筛选、bundle 映射或语义复审的中间数据。,删除不改变最终 QA 内容，但会失去其生成、双审和补题来源链。,object,9,,
data/qa/reasoning/hard_expansion/full_v2_api/review_valid_evidence/gemini/308.json,6904,87f57d62664c6925c2dc672affb8f680d50353a3020a137166237b70ed0cfdbc,archive_then_delete,generation_selection_or_provenance,高难扩展、候选筛选、bundle 映射或语义复审的中间数据。,删除不改变最终 QA 内容，但会失去其生成、双审和补题来源链。,object,9,,
data/qa/reasoning/hard_expansion/full_v2_api/review_valid_evidence/gemini/311.json,32308,baefdbc72352ad9c0aa3cb40bc9ef47bfb5d949eab60bb7eba83cd338acc1980,archive_then_delete,generation_selection_or_provenance,高难扩展、候选筛选、bundle 映射或语义复审的中间数据。,删除不改变最终 QA 内容，但会失去其生成、双审和补题来源链。,object,9,,
data/qa/reasoning/hard_expansion/full_v2_api/review_valid_evidence/gemini/314.json,31540,73462840f7acca296a342f946acc99f72fc7e3054443faf6b661ec99554db5a1,archive_then_delete,generation_selection_or_provenance,高难扩展、候选筛选、bundle 映射或语义复审的中间数据。,删除不改变最终 QA 内容，但会失去其生成、双审和补题来源链。,object,9,,
data/qa/reasoning/hard_expansion/full_v2_api/review_valid_evidence/gemini/316.json,11657,2eed5f04ee5e3807ebf983512423f3abeb3d525ae8455c1bdf98aaae84a8f897,archive_then_delete,generation_selection_or_provenance,高难扩展、候选筛选、bundle 映射或语义复审的中间数据。,删除不改变最终 QA 内容，但会失去其生成、双审和补题来源链。,object,9,,
data/qa/reasoning/hard_expansion/full_v2_api/review_valid_evidence/gemini/318.json,30356,9b035ffb348c32b203be295dfcf66161b04bf997aebc81311cfd8472373330b9,archive_then_delete,generation_selection_or_provenance,高难扩展、候选筛选、bundle 映射或语义复审的中间数据。,删除不改变最终 QA 内容，但会失去其生成、双审和补题来源链。,object,9,,
data/qa/reasoning/hard_expansion/full_v2_api/review_valid_evidence/gemini/32.json,2624,e998098096d575eb6b926d9582250499b1b63837f8136db15d4dab0906260e11,archive_then_delete,generation_selection_or_provenance,高难扩展、候选筛选、bundle 映射或语义复审的中间数据。,删除不改变最终 QA 内容，但会失去其生成、双审和补题来源链。,object,9,,
data/qa/reasoning/hard_expansion/full_v2_api/review_valid_evidence/gemini/321.json,24668,5f21dd0e94a6a9bfd6fe21b33d7fa69f7925ff61c6f8d7affb6b7ca617d02f6d,archive_then_delete,generation_selection_or_provenance,高难扩展、候选筛选、bundle 映射或语义复审的中间数据。,删除不改变最终 QA 内容，但会失去其生成、双审和补题来源链。,object,9,,
data/qa/reasoning/hard_expansion/full_v2_api/review_valid_evidence/gemini/322.json,31724,1696f669b6420ffe3f28baedc41b2bc0e5b1931335996fbc90ec972603ffa5dc,archive_then_delete,generation_selection_or_provenance,高难扩展、候选筛选、bundle 映射或语义复审的中间数据。,删除不改变最终 QA 内容，但会失去其生成、双审和补题来源链。,object,9,,
data/qa/reasoning/hard_expansion/full_v2_api/review_valid_evidence/gemini/323.json,12649,ccfffbe39c81ae7cdf2292c1233ff757bcbef8b4c19c75f1df5eda2430919ad4,archive_then_delete,generation_selection_or_provenance,高难扩展、候选筛选、bundle 映射或语义复审的中间数据。,删除不改变最终 QA 内容，但会失去其生成、双审和补题来源链。,object,9,,
data/qa/reasoning/hard_expansion/full_v2_api/review_valid_evidence/gemini/324.json,31454,bf14015b2b5a3554b659d358e3459e64457e102b75cfc7df61a69423150c55d7,archive_then_delete,generation_selection_or_provenance,高难扩展、候选筛选、bundle 映射或语义复审的中间数据。,删除不改变最终 QA 内容，但会失去其生成、双审和补题来源链。,object,9,,
data/qa/reasoning/hard_expansion/full_v2_api/review_valid_evidence/gemini/325.json,31998,5c1ca8017b7c86f8eca9d8bdbf05ec05447e633ae92a36b1f8dc6f795b40ee63,archive_then_delete,generation_selection_or_provenance,高难扩展、候选筛选、bundle 映射或语义复审的中间数据。,删除不改变最终 QA 内容，但会失去其生成、双审和补题来源链。,object,9,,
data/qa/reasoning/hard_expansion/full_v2_api/review_valid_evidence/gemini/327.json,32180,5c04693793e45f9d54b5ee24b7f66fa656b5b8fb5d4cf97bdee0e4521113d9d2,archive_then_delete,generation_selection_or_provenance,高难扩展、候选筛选、bundle 映射或语义复审的中间数据。,删除不改变最终 QA 内容，但会失去其生成、双审和补题来源链。,object,9,,
data/qa/reasoning/hard_expansion/full_v2_api/review_valid_evidence/gemini/330.json,23964,4a577d185492bb6eb1d7d8ac7b132a0dba8957873449e0df3990091791255054,archive_then_delete,generation_selection_or_provenance,高难扩展、候选筛选、bundle 映射或语义复审的中间数据。,删除不改变最终 QA 内容，但会失去其生成、双审和补题来源链。,object,9,,
data/qa/reasoning/hard_expansion/full_v2_api/review_valid_evidence/gemini/331.json,32064,68e2fa12ad020bef7f806da128aadccb22a276652eef9e277d86471d40d2631c,archive_then_delete,generation_selection_or_provenance,高难扩展、候选筛选、bundle 映射或语义复审的中间数据。,删除不改变最终 QA 内容，但会失去其生成、双审和补题来源链。,object,9,,
data/qa/reasoning/hard_expansion/full_v2_api/review_valid_evidence/gemini/332.json,12249,07f2f3675981e69d2d1a30302ff2317d1e7a373648c41bd07d8c1cf768a8964b,archive_then_delete,generation_selection_or_provenance,高难扩展、候选筛选、bundle 映射或语义复审的中间数据。,删除不改变最终 QA 内容，但会失去其生成、双审和补题来源链。,object,9,,
data/qa/reasoning/hard_expansion/full_v2_api/review_valid_evidence/gemini/334.json,33190,c2a3082cddebbaa95cc94b23350e4c24c08123579410fb13fe8a835152d397d7,archive_then_delete,generation_selection_or_provenance,高难扩展、候选筛选、bundle 映射或语义复审的中间数据。,删除不改变最终 QA 内容，但会失去其生成、双审和补题来源链。,object,9,,
data/qa/reasoning/hard_expansion/full_v2_api/review_valid_evidence/gemini/335.json,32074,ce1366e7e9de592c5f256fe47d1428c24c43ddd98630b6c4fd1a99c225b4c0d4,archive_then_delete,generation_selection_or_provenance,高难扩展、候选筛选、bundle 映射或语义复审的中间数据。,删除不改变最终 QA 内容，但会失去其生成、双审和补题来源链。,object,9,,
data/qa/reasoning/hard_expansion/full_v2_api/review_valid_evidence/gemini/336.json,33384,dab76fa910fbe1e962cccb4a88b2d3ec9798c9237cc487d1ce7efad44972cfdb,archive_then_delete,generation_selection_or_provenance,高难扩展、候选筛选、bundle 映射或语义复审的中间数据。,删除不改变最终 QA 内容，但会失去其生成、双审和补题来源链。,object,9,,
data/qa/reasoning/hard_expansion/full_v2_api/review_valid_evidence/gemini/338.json,17589,c9bae21dd1a3d68e4779b0648527bae7c398e34de08eca86b5ff6a56aa60c773,archive_then_delete,generation_selection_or_provenance,高难扩展、候选筛选、bundle 映射或语义复审的中间数据。,删除不改变最终 QA 内容，但会失去其生成、双审和补题来源链。,object,9,,
data/qa/reasoning/hard_expansion/full_v2_api/review_valid_evidence/gemini/340.json,33644,286ed1865c014e6faab29b2be5a0a24ebb296b1cb88af85e2b0cb105427eb0fa,archive_then_delete,generation_selection_or_provenance,高难扩展、候选筛选、bundle 映射或语义复审的中间数据。,删除不改变最终 QA 内容，但会失去其生成、双审和补题来源链。,object,9,,
data/qa/reasoning/hard_expansion/full_v2_api/review_valid_evidence/gemini/342.json,32542,839c41701cd8b6524607b12baddad1412afdb3a2b8e7ec5c8dfd9f75e07a8f97,archive_then_delete,generation_selection_or_provenance,高难扩展、候选筛选、bundle 映射或语义复审的中间数据。,删除不改变最终 QA 内容，但会失去其生成、双审和补题来源链。,object,9,,
data/qa/reasoning/hard_expansion/full_v2_api/review_valid_evidence/gemini/346.json,32136,13c6b8725f9d87b8da954f2b0e8033f3324ad1417249b06d08b61ef031980b33,archive_then_delete,generation_selection_or_provenance,高难扩展、候选筛选、bundle 映射或语义复审的中间数据。,删除不改变最终 QA 内容，但会失去其生成、双审和补题来源链。,object,9,,
data/qa/reasoning/hard_expansion/full_v2_api/review_valid_evidence/gemini/350.json,33582,780453ac0f71ea1b2c9b443668ca473252b357f42d11fb694d6ae93bd8eb5713,archive_then_delete,generation_selection_or_provenance,高难扩展、候选筛选、bundle 映射或语义复审的中间数据。,删除不改变最终 QA 内容，但会失去其生成、双审和补题来源链。,object,9,,
data/qa/reasoning/hard_expansion/full_v2_api/review_valid_evidence/gemini/351.json,22627,b82689f1dffddcdd032e1982a6accf0560a24dd1f96aa478ea57d248958f20f2,archive_then_delete,generation_selection_or_provenance,高难扩展、候选筛选、bundle 映射或语义复审的中间数据。,删除不改变最终 QA 内容，但会失去其生成、双审和补题来源链。,object,9,,
data/qa/reasoning/hard_expansion/full_v2_api/review_valid_evidence/gemini/352.json,33141,5ff25a2da1694ad65bea19c0b1b9c709ad728d862f5b7d2631a886b242389d20,archive_then_delete,generation_selection_or_provenance,高难扩展、候选筛选、bundle 映射或语义复审的中间数据。,删除不改变最终 QA 内容，但会失去其生成、双审和补题来源链。,object,9,,
data/qa/reasoning/hard_expansion/full_v2_api/review_valid_evidence/gemini/358.json,31915,b61b9ae680f9c32feebe4d37d786f4691d75db58d66fa5c2a67bd15a33c5be4c,archive_then_delete,generation_selection_or_provenance,高难扩展、候选筛选、bundle 映射或语义复审的中间数据。,删除不改变最终 QA 内容，但会失去其生成、双审和补题来源链。,object,9,,
data/qa/reasoning/hard_expansion/full_v2_api/review_valid_evidence/gemini/359.json,27982,5a26b2a22494ddf4a7d8521252af853be589734ac1888a100e51f72c1d74de64,archive_then_delete,generation_selection_or_provenance,高难扩展、候选筛选、bundle 映射或语义复审的中间数据。,删除不改变最终 QA 内容，但会失去其生成、双审和补题来源链。,object,9,,
data/qa/reasoning/hard_expansion/full_v2_api/review_valid_evidence/gemini/361.json,32419,4bd1615ecf5f5f79de20d29b2e831adb168cc01096ba2b3ba47041f6e836c8d4,archive_then_delete,generation_selection_or_provenance,高难扩展、候选筛选、bundle 映射或语义复审的中间数据。,删除不改变最终 QA 内容，但会失去其生成、双审和补题来源链。,object,9,,
data/qa/reasoning/hard_expansion/full_v2_api/review_valid_evidence/gemini/362.json,24047,21894ad568ecc9e48b90c82db87fb233038fa1c8c267b1cb1fbbeddd3c177356,archive_then_delete,generation_selection_or_provenance,高难扩展、候选筛选、bundle 映射或语义复审的中间数据。,删除不改变最终 QA 内容，但会失去其生成、双审和补题来源链。,object,9,,
data/qa/reasoning/hard_expansion/full_v2_api/review_valid_evidence/gemini/363.json,23193,08886af1e9d4a7f0b3cef354f51159b5d6d552a655f33a3c40297182c0e3011b,archive_then_delete,generation_selection_or_provenance,高难扩展、候选筛选、bundle 映射或语义复审的中间数据。,删除不改变最终 QA 内容，但会失去其生成、双审和补题来源链。,object,9,,
data/qa/reasoning/hard_expansion/full_v2_api/review_valid_evidence/gemini/369.json,31927,dd84c2c7b88ea05a4f262eb173885a8483c4a6936655bc9a0cb5d5a27107ed70,archive_then_delete,generation_selection_or_provenance,高难扩展、候选筛选、bundle 映射或语义复审的中间数据。,删除不改变最终 QA 内容，但会失去其生成、双审和补题来源链。,object,9,,
data/qa/reasoning/hard_expansion/full_v2_api/review_valid_evidence/gemini/37.json,32195,aa688f201768c22bedfddf3dfb1ef0da6474e0a990e9aec7de5a10699a071bcf,archive_then_delete,generation_selection_or_provenance,高难扩展、候选筛选、bundle 映射或语义复审的中间数据。,删除不改变最终 QA 内容，但会失去其生成、双审和补题来源链。,object,9,,
data/qa/reasoning/hard_expansion/full_v2_api/review_valid_evidence/gemini/370.json,32034,4aad5fb62b0b6344a6a2c9c11014b60d857962ec3dfb226017dadafa31538917,archive_then_delete,generation_selection_or_provenance,高难扩展、候选筛选、bundle 映射或语义复审的中间数据。,删除不改变最终 QA 内容，但会失去其生成、双审和补题来源链。,object,9,,
data/qa/reasoning/hard_expansion/full_v2_api/review_valid_evidence/gemini/375.json,9537,e7ce2a30ac4f650d39bd6c18aabd87c4a9bd22cd929af12ef64d3d5c16d14e26,archive_then_delete,generation_selection_or_provenance,高难扩展、候选筛选、bundle 映射或语义复审的中间数据。,删除不改变最终 QA 内容，但会失去其生成、双审和补题来源链。,object,9,,
data/qa/reasoning/hard_expansion/full_v2_api/review_valid_evidence/gemini/376.json,32760,9832971633bc39224c63e0043e4aa06df37067d8478ac00a557888f7ce61f4e5,archive_then_delete,generation_selection_or_provenance,高难扩展、候选筛选、bundle 映射或语义复审的中间数据。,删除不改变最终 QA 内容，但会失去其生成、双审和补题来源链。,object,9,,
data/qa/reasoning/hard_expansion/full_v2_api/review_valid_evidence/gemini/378.json,32814,549a4e066c2a711bddc79cd1858f7022639ef6e398109fac66e02b2027e52312,archive_then_delete,generation_selection_or_provenance,高难扩展、候选筛选、bundle 映射或语义复审的中间数据。,删除不改变最终 QA 内容，但会失去其生成、双审和补题来源链。,object,9,,
data/qa/reasoning/hard_expansion/full_v2_api/review_valid_evidence/gemini/38.json,9233,c79c16f4f69cba667bf2df0986a2f9761a9d5b8eb74727f7f7489c7bb2520db9,archive_then_delete,generation_selection_or_provenance,高难扩展、候选筛选、bundle 映射或语义复审的中间数据。,删除不改变最终 QA 内容，但会失去其生成、双审和补题来源链。,object,9,,
data/qa/reasoning/hard_expansion/full_v2_api/review_valid_evidence/gemini/387.json,35104,370e057434c0a33eaad779926fc90e0743b490bbff416a767b5c96e4b7354af4,archive_then_delete,generation_selection_or_provenance,高难扩展、候选筛选、bundle 映射或语义复审的中间数据。,删除不改变最终 QA 内容，但会失去其生成、双审和补题来源链。,object,9,,
data/qa/reasoning/hard_expansion/full_v2_api/review_valid_evidence/gemini/388.json,31874,4bfab27ff4229c1e06df07e6466536cade7ef62c01b5d56bf3949c9b5a9b2642,archive_then_delete,generation_selection_or_provenance,高难扩展、候选筛选、bundle 映射或语义复审的中间数据。,删除不改变最终 QA 内容，但会失去其生成、双审和补题来源链。,object,9,,
data/qa/reasoning/hard_expansion/full_v2_api/review_valid_evidence/gemini/390.json,19815,5a2d90bf887e923c79efc4722febbfbe860bf4e0d62b6448242df48046b9ec07,archive_then_delete,generation_selection_or_provenance,高难扩展、候选筛选、bundle 映射或语义复审的中间数据。,删除不改变最终 QA 内容，但会失去其生成、双审和补题来源链。,object,9,,
data/qa/reasoning/hard_expansion/full_v2_api/review_valid_evidence/gemini/391.json,34329,9d9d80f607d12c54ceb6e93abeddc2b69b616d9d28f467f3ac831d5e5d91f01d,archive_then_delete,generation_selection_or_provenance,高难扩展、候选筛选、bundle 映射或语义复审的中间数据。,删除不改变最终 QA 内容，但会失去其生成、双审和补题来源链。,object,9,,
data/qa/reasoning/hard_expansion/full_v2_api/review_valid_evidence/gemini/392.json,25405,b88591b7661fbbbdb5860b909b71696548cc099fb0fd0ec9de6e4c35934b333b,archive_then_delete,generation_selection_or_provenance,高难扩展、候选筛选、bundle 映射或语义复审的中间数据。,删除不改变最终 QA 内容，但会失去其生成、双审和补题来源链。,object,9,,
data/qa/reasoning/hard_expansion/full_v2_api/review_valid_evidence/gemini/395.json,33884,8c8f7f41887dc5bc7b0f74cf5ca9b260e7eb3ade35668073d0b7f19109efd7b2,archive_then_delete,generation_selection_or_provenance,高难扩展、候选筛选、bundle 映射或语义复审的中间数据。,删除不改变最终 QA 内容，但会失去其生成、双审和补题来源链。,object,9,,
data/qa/reasoning/hard_expansion/full_v2_api/review_valid_evidence/gemini/396.json,33154,6d2b6474fd25b4010fe016a8f80f4fcbc5538e9f5cdd575ff8239af2a9043515,archive_then_delete,generation_selection_or_provenance,高难扩展、候选筛选、bundle 映射或语义复审的中间数据。,删除不改变最终 QA 内容，但会失去其生成、双审和补题来源链。,object,9,,
data/qa/reasoning/hard_expansion/full_v2_api/review_valid_evidence/gemini/397.json,32654,ed1c28281f27eae99ec9fd201a6cdd68ea79e3d0bd9cf885eb3d385db9a5cbee,archive_then_delete,generation_selection_or_provenance,高难扩展、候选筛选、bundle 映射或语义复审的中间数据。,删除不改变最终 QA 内容，但会失去其生成、双审和补题来源链。,object,9,,
data/qa/reasoning/hard_expansion/full_v2_api/review_valid_evidence/gemini/398.json,33390,97ca911c04182e0ab6b0e33bcd573078cae98c4a10376d3090377c20d8f8ea01,archive_then_delete,generation_selection_or_provenance,高难扩展、候选筛选、bundle 映射或语义复审的中间数据。,删除不改变最终 QA 内容，但会失去其生成、双审和补题来源链。,object,9,,
data/qa/reasoning/hard_expansion/full_v2_api/review_valid_evidence/gemini/4.json,33344,b16f849ca477de681b592cb79719132ba3c0adbb8879202ef512252cdbf80c60,archive_then_delete,generation_selection_or_provenance,高难扩展、候选筛选、bundle 映射或语义复审的中间数据。,删除不改变最终 QA 内容，但会失去其生成、双审和补题来源链。,object,9,,
data/qa/reasoning/hard_expansion/full_v2_api/review_valid_evidence/gemini/40.json,33666,2d0ecbd3b855cd9cdd281dba9530b8d8dfe3a6ffe7b1f7706be10be1a0f412f6,archive_then_delete,generation_selection_or_provenance,高难扩展、候选筛选、bundle 映射或语义复审的中间数据。,删除不改变最终 QA 内容，但会失去其生成、双审和补题来源链。,object,9,,
data/qa/reasoning/hard_expansion/full_v2_api/review_valid_evidence/gemini/400.json,23203,93765ecc5b1bfa51de67ebb56244df81e6c68b1b5409846a5b203c4445beb5d6,archive_then_delete,generation_selection_or_provenance,高难扩展、候选筛选、bundle 映射或语义复审的中间数据。,删除不改变最终 QA 内容，但会失去其生成、双审和补题来源链。,object,9,,
data/qa/reasoning/hard_expansion/full_v2_api/review_valid_evidence/gemini/401.json,33575,04873c0f39b5a7633b345c0efa5ab700999383b4129bbefaac8eeab32b0e87c7,archive_then_delete,generation_selection_or_provenance,高难扩展、候选筛选、bundle 映射或语义复审的中间数据。,删除不改变最终 QA 内容，但会失去其生成、双审和补题来源链。,object,9,,
data/qa/reasoning/hard_expansion/full_v2_api/review_valid_evidence/gemini/403.json,33966,c544d92cd72eec8efc63ccab822bb9a49500fe3987659349b7064482c77d8287,archive_then_delete,generation_selection_or_provenance,高难扩展、候选筛选、bundle 映射或语义复审的中间数据。,删除不改变最终 QA 内容，但会失去其生成、双审和补题来源链。,object,9,,
data/qa/reasoning/hard_expansion/full_v2_api/review_valid_evidence/gemini/404.json,26590,0b86af4f3f819c5c50138ebd45fed927c6ef5f16c4739194e9c8d4c9466c0192,archive_then_delete,generation_selection_or_provenance,高难扩展、候选筛选、bundle 映射或语义复审的中间数据。,删除不改变最终 QA 内容，但会失去其生成、双审和补题来源链。,object,9,,
data/qa/reasoning/hard_expansion/full_v2_api/review_valid_evidence/gemini/405.json,27699,294cba6a5f6707bc1b9a5fad2582496941ea891e43e19ba631556e9af66be1e3,archive_then_delete,generation_selection_or_provenance,高难扩展、候选筛选、bundle 映射或语义复审的中间数据。,删除不改变最终 QA 内容，但会失去其生成、双审和补题来源链。,object,9,,
data/qa/reasoning/hard_expansion/full_v2_api/review_valid_evidence/gemini/408.json,11893,c970314703fa2ed586034c95ad2061bf94a4e9945a4546e02bf339a0f7297190,archive_then_delete,generation_selection_or_provenance,高难扩展、候选筛选、bundle 映射或语义复审的中间数据。,删除不改变最终 QA 内容，但会失去其生成、双审和补题来源链。,object,9,,
data/qa/reasoning/hard_expansion/full_v2_api/review_valid_evidence/gemini/410.json,15308,4ca5d4712e33373fe76b888fad1527c23bd6d33c87a475e81388be01f316cbfd,archive_then_delete,generation_selection_or_provenance,高难扩展、候选筛选、bundle 映射或语义复审的中间数据。,删除不改变最终 QA 内容，但会失去其生成、双审和补题来源链。,object,9,,
data/qa/reasoning/hard_expansion/full_v2_api/review_valid_evidence/gemini/412.json,25618,13177b13b8552c32ad371c5732f9586e43bc0d052f9d2bdea24528d327c52139,archive_then_delete,generation_selection_or_provenance,高难扩展、候选筛选、bundle 映射或语义复审的中间数据。,删除不改变最终 QA 内容，但会失去其生成、双审和补题来源链。,object,9,,
data/qa/reasoning/hard_expansion/full_v2_api/review_valid_evidence/gemini/413.json,11327,d2ab0b898e08bc143fb0dd8e4f0a173733c118ad7d46c859c08333ae932690d9,archive_then_delete,generation_selection_or_provenance,高难扩展、候选筛选、bundle 映射或语义复审的中间数据。,删除不改变最终 QA 内容，但会失去其生成、双审和补题来源链。,object,9,,
data/qa/reasoning/hard_expansion/full_v2_api/review_valid_evidence/gemini/414.json,32896,682fd3ee22184398bc9ace04e1e66a274398f78d50f103afe57820cc7ba8c27e,archive_then_delete,generation_selection_or_provenance,高难扩展、候选筛选、bundle 映射或语义复审的中间数据。,删除不改变最终 QA 内容，但会失去其生成、双审和补题来源链。,object,9,,
data/qa/reasoning/hard_expansion/full_v2_api/review_valid_evidence/gemini/418.json,14396,b452a8f616c9890372cb8ad8ab5d56d732d6698c114451dab0b6842ff6468c7f,archive_then_delete,generation_selection_or_provenance,高难扩展、候选筛选、bundle 映射或语义复审的中间数据。,删除不改变最终 QA 内容，但会失去其生成、双审和补题来源链。,object,9,,
data/qa/reasoning/hard_expansion/full_v2_api/review_valid_evidence/gemini/420.json,32630,e8c842b3192de3c2dadd62248b3f2e6ff97f63740b1d6ec320c84b5307d1679e,archive_then_delete,generation_selection_or_provenance,高难扩展、候选筛选、bundle 映射或语义复审的中间数据。,删除不改变最终 QA 内容，但会失去其生成、双审和补题来源链。,object,9,,
data/qa/reasoning/hard_expansion/full_v2_api/review_valid_evidence/gemini/422.json,32102,4f7fca39dfc7ec5bf28da57e2dc0c9b1842e45c52731642edff7555bd93adf74,archive_then_delete,generation_selection_or_provenance,高难扩展、候选筛选、bundle 映射或语义复审的中间数据。,删除不改变最终 QA 内容，但会失去其生成、双审和补题来源链。,object,9,,
data/qa/reasoning/hard_expansion/full_v2_api/review_valid_evidence/gemini/423.json,10481,9b3c16b79ef8617e1e8c9f1fdd4bb72f042e6d6f8bfb6fc72d913f87f4b47b4f,archive_then_delete,generation_selection_or_provenance,高难扩展、候选筛选、bundle 映射或语义复审的中间数据。,删除不改变最终 QA 内容，但会失去其生成、双审和补题来源链。,object,9,,
data/qa/reasoning/hard_expansion/full_v2_api/review_valid_evidence/gemini/425.json,17254,bb8b4aa8f51182ff9f9f1304b5f136e888ae42a94ec93fea6992a4b68bfb935d,archive_then_delete,generation_selection_or_provenance,高难扩展、候选筛选、bundle 映射或语义复审的中间数据。,删除不改变最终 QA 内容，但会失去其生成、双审和补题来源链。,object,9,,
data/qa/reasoning/hard_expansion/full_v2_api/review_valid_evidence/gemini/426.json,33288,ebad3be16467d9a17c86ddaf5ae5d144411027a45a99bd343104dc73a3670cc1,archive_then_delete,generation_selection_or_provenance,高难扩展、候选筛选、bundle 映射或语义复审的中间数据。,删除不改变最终 QA 内容，但会失去其生成、双审和补题来源链。,object,9,,
data/qa/reasoning/hard_expansion/full_v2_api/review_valid_evidence/gemini/427.json,33632,1b12006d0f1a1a5e68da314c084f9bd12d913fdd3faad70466dc443414665d15,archive_then_delete,generation_selection_or_provenance,高难扩展、候选筛选、bundle 映射或语义复审的中间数据。,删除不改变最终 QA 内容，但会失去其生成、双审和补题来源链。,object,9,,
data/qa/reasoning/hard_expansion/full_v2_api/review_valid_evidence/gemini/43.json,32347,653668dc0ca5693378943be0c99bcfcf6f4e62920cf1aa764145b5d664cda69f,archive_then_delete,generation_selection_or_provenance,高难扩展、候选筛选、bundle 映射或语义复审的中间数据。,删除不改变最终 QA 内容，但会失去其生成、双审和补题来源链。,object,9,,
data/qa/reasoning/hard_expansion/full_v2_api/review_valid_evidence/gemini/431.json,25919,0956841d28d331d766e4024d0464580bfb886751720f05e032d15d500bbae7e4,archive_then_delete,generation_selection_or_provenance,高难扩展、候选筛选、bundle 映射或语义复审的中间数据。,删除不改变最终 QA 内容，但会失去其生成、双审和补题来源链。,object,9,,
data/qa/reasoning/hard_expansion/full_v2_api/review_valid_evidence/gemini/432.json,25702,2ef901bfef87ac8c97057b107be71793fb3ff09af833a0f1b0a1350feee255b8,archive_then_delete,generation_selection_or_provenance,高难扩展、候选筛选、bundle 映射或语义复审的中间数据。,删除不改变最终 QA 内容，但会失去其生成、双审和补题来源链。,object,9,,
data/qa/reasoning/hard_expansion/full_v2_api/review_valid_evidence/gemini/435.json,31929,bcfc6c706e99e5ff78a9b368ce949b5126357e0a890f5b042381994a5cbc57aa,archive_then_delete,generation_selection_or_provenance,高难扩展、候选筛选、bundle 映射或语义复审的中间数据。,删除不改变最终 QA 内容，但会失去其生成、双审和补题来源链。,object,9,,
data/qa/reasoning/hard_expansion/full_v2_api/review_valid_evidence/gemini/436.json,21592,69fe91aea0615388389ea8fb2aa6f55c4ea6fcc6a5edfe2af2764ec5eef240d8,archive_then_delete,generation_selection_or_provenance,高难扩展、候选筛选、bundle 映射或语义复审的中间数据。,删除不改变最终 QA 内容，但会失去其生成、双审和补题来源链。,object,9,,
data/qa/reasoning/hard_expansion/full_v2_api/review_valid_evidence/gemini/438.json,19911,e2257c565b4d89f14e848689c5c62767cc0cc0cb966662f7fc014706a778c1be,archive_then_delete,generation_selection_or_provenance,高难扩展、候选筛选、bundle 映射或语义复审的中间数据。,删除不改变最终 QA 内容，但会失去其生成、双审和补题来源链。,object,9,,
data/qa/reasoning/hard_expansion/full_v2_api/review_valid_evidence/gemini/442.json,10451,5d593848cc574f8001c133c68e7d0a7e6e524e620b7b52ffaaac50738b2cea8d,archive_then_delete,generation_selection_or_provenance,高难扩展、候选筛选、bundle 映射或语义复审的中间数据。,删除不改变最终 QA 内容，但会失去其生成、双审和补题来源链。,object,9,,
data/qa/reasoning/hard_expansion/full_v2_api/review_valid_evidence/gemini/443.json,35016,aa4e16d1d056d8c899be5d9316c569fe779495184b9c2c19650ace76227d8a25,archive_then_delete,generation_selection_or_provenance,高难扩展、候选筛选、bundle 映射或语义复审的中间数据。,删除不改变最终 QA 内容，但会失去其生成、双审和补题来源链。,object,9,,
data/qa/reasoning/hard_expansion/full_v2_api/review_valid_evidence/gemini/445.json,31980,c4a81df3d83b2fbefbd089c7d2da9f6fa2b16599a266d159f6a9c613ab2ed89e,archive_then_delete,generation_selection_or_provenance,高难扩展、候选筛选、bundle 映射或语义复审的中间数据。,删除不改变最终 QA 内容，但会失去其生成、双审和补题来源链。,object,9,,
data/qa/reasoning/hard_expansion/full_v2_api/review_valid_evidence/gemini/446.json,32712,fd9a7a35510aea84adb0d0b191fac447d96bf47aab1864dd4768ba89e714c70f,archive_then_delete,generation_selection_or_provenance,高难扩展、候选筛选、bundle 映射或语义复审的中间数据。,删除不改变最终 QA 内容，但会失去其生成、双审和补题来源链。,object,9,,
data/qa/reasoning/hard_expansion/full_v2_api/review_valid_evidence/gemini/461.json,32058,df477e494fe892fcd2662cdaf7a5410e2467d98915e82b22c21e143c1315bcd5,archive_then_delete,generation_selection_or_provenance,高难扩展、候选筛选、bundle 映射或语义复审的中间数据。,删除不改变最终 QA 内容，但会失去其生成、双审和补题来源链。,object,9,,
data/qa/reasoning/hard_expansion/full_v2_api/review_valid_evidence/gemini/463.json,33048,ebdbeaed2e912d3785d1d732fd8722e8d5148c4dff2fb32c55b00b1ff3765a9d,archive_then_delete,generation_selection_or_provenance,高难扩展、候选筛选、bundle 映射或语义复审的中间数据。,删除不改变最终 QA 内容，但会失去其生成、双审和补题来源链。,object,9,,
data/qa/reasoning/hard_expansion/full_v2_api/review_valid_evidence/gemini/467.json,32160,f571a37b5fcfd31dc49f3d9768856b0a872f7bbaad3320af9f8f3ccc650f4d46,archive_then_delete,generation_selection_or_provenance,高难扩展、候选筛选、bundle 映射或语义复审的中间数据。,删除不改变最终 QA 内容，但会失去其生成、双审和补题来源链。,object,9,,
data/qa/reasoning/hard_expansion/full_v2_api/review_valid_evidence/gemini/481.json,16742,0ffb24d91ad6713080b93e177570b7f8c0ab8ae7b67af5067dab463bf3dd231f,archive_then_delete,generation_selection_or_provenance,高难扩展、候选筛选、bundle 映射或语义复审的中间数据。,删除不改变最终 QA 内容，但会失去其生成、双审和补题来源链。,object,9,,
data/qa/reasoning/hard_expansion/full_v2_api/review_valid_evidence/gemini/482.json,15036,9e1947e967a75c70aa0aed387791a56c2088a9dfbf098590a81094b05db6cd07,archive_then_delete,generation_selection_or_provenance,高难扩展、候选筛选、bundle 映射或语义复审的中间数据。,删除不改变最终 QA 内容，但会失去其生成、双审和补题来源链。,object,9,,
data/qa/reasoning/hard_expansion/full_v2_api/review_valid_evidence/gemini/484.json,32700,303ecc2bace57423c4662299e3e51dd3bb7d0371d62e069c04615622c31fcfbb,archive_then_delete,generation_selection_or_provenance,高难扩展、候选筛选、bundle 映射或语义复审的中间数据。,删除不改变最终 QA 内容，但会失去其生成、双审和补题来源链。,object,9,,
data/qa/reasoning/hard_expansion/full_v2_api/review_valid_evidence/gemini/488.json,36058,f6b76ea8a675af0024b80c036669ee7a57d1c3e33058c22a5b88e06042934fc5,archive_then_delete,generation_selection_or_provenance,高难扩展、候选筛选、bundle 映射或语义复审的中间数据。,删除不改变最终 QA 内容，但会失去其生成、双审和补题来源链。,object,9,,
data/qa/reasoning/hard_expansion/full_v2_api/review_valid_evidence/gemini/490.json,33104,4f23e99538d7df09057b319f9c7f0c87bc11e7c425b12acacb8c53940d7a3b30,archive_then_delete,generation_selection_or_provenance,高难扩展、候选筛选、bundle 映射或语义复审的中间数据。,删除不改变最终 QA 内容，但会失去其生成、双审和补题来源链。,object,9,,
data/qa/reasoning/hard_expansion/full_v2_api/review_valid_evidence/gemini/491.json,4614,0cc1a062b6801ecb7a5edf0dbb6f8e3a7c111d4cb0551782f2f285c8d519a201,archive_then_delete,generation_selection_or_provenance,高难扩展、候选筛选、bundle 映射或语义复审的中间数据。,删除不改变最终 QA 内容，但会失去其生成、双审和补题来源链。,object,9,,
data/qa/reasoning/hard_expansion/full_v2_api/review_valid_evidence/gemini/492.json,29723,d8d41f8214f2a188a9d8c3781a219b9d87346dad831dddc472fdb8f3c896fa03,archive_then_delete,generation_selection_or_provenance,高难扩展、候选筛选、bundle 映射或语义复审的中间数据。,删除不改变最终 QA 内容，但会失去其生成、双审和补题来源链。,object,9,,
data/qa/reasoning/hard_expansion/full_v2_api/review_valid_evidence/gemini/496.json,34132,394e7952b09e6265db37113c124f11fd46e309f003789ffd8a5fb02f2027fafe,archive_then_delete,generation_selection_or_provenance,高难扩展、候选筛选、bundle 映射或语义复审的中间数据。,删除不改变最终 QA 内容，但会失去其生成、双审和补题来源链。,object,9,,
data/qa/reasoning/hard_expansion/full_v2_api/review_valid_evidence/gemini/497.json,33184,9c7ae2dc9955746ae941dbe0e906d381e7946600ea420b60cf78f032348a6af1,archive_then_delete,generation_selection_or_provenance,高难扩展、候选筛选、bundle 映射或语义复审的中间数据。,删除不改变最终 QA 内容，但会失去其生成、双审和补题来源链。,object,9,,
data/qa/reasoning/hard_expansion/full_v2_api/review_valid_evidence/gemini/501.json,34246,dff826478565d8d221fd02125871d9b41fdf7737a4e2744c34a1a2aa818826fc,archive_then_delete,generation_selection_or_provenance,高难扩展、候选筛选、bundle 映射或语义复审的中间数据。,删除不改变最终 QA 内容，但会失去其生成、双审和补题来源链。,object,9,,
data/qa/reasoning/hard_expansion/full_v2_api/review_valid_evidence/gemini/504.json,31443,f1a8d6625c403fdef53a3bfb7fb06e5679c76d148438e04d6b844cdc4cd39473,archive_then_delete,generation_selection_or_provenance,高难扩展、候选筛选、bundle 映射或语义复审的中间数据。,删除不改变最终 QA 内容，但会失去其生成、双审和补题来源链。,object,9,,
data/qa/reasoning/hard_expansion/full_v2_api/review_valid_evidence/gemini/505.json,32298,f46f962745d2afe461b31f34c7cce503153adcf97e82aefc09190cae0f78c69b,archive_then_delete,generation_selection_or_provenance,高难扩展、候选筛选、bundle 映射或语义复审的中间数据。,删除不改变最终 QA 内容，但会失去其生成、双审和补题来源链。,object,9,,
data/qa/reasoning/hard_expansion/full_v2_api/review_valid_evidence/gemini/509.json,31972,8d8320bd9702853f1c0d35a7c68e682a080e28300cfa91725af20b8c6790be74,archive_then_delete,generation_selection_or_provenance,高难扩展、候选筛选、bundle 映射或语义复审的中间数据。,删除不改变最终 QA 内容，但会失去其生成、双审和补题来源链。,object,9,,
data/qa/reasoning/hard_expansion/full_v2_api/review_valid_evidence/gemini/51.json,32521,74e618a109fa0f9ae68c77076b99c4282993685eca9ee3feb7ba39c6fc5dad6b,archive_then_delete,generation_selection_or_provenance,高难扩展、候选筛选、bundle 映射或语义复审的中间数据。,删除不改变最终 QA 内容，但会失去其生成、双审和补题来源链。,object,9,,
data/qa/reasoning/hard_expansion/full_v2_api/review_valid_evidence/gemini/516.json,33393,067adc9863aedd8c153fa702fe80ee86217a309f84acecbef3c21755f0c9d7c8,archive_then_delete,generation_selection_or_provenance,高难扩展、候选筛选、bundle 映射或语义复审的中间数据。,删除不改变最终 QA 内容，但会失去其生成、双审和补题来源链。,object,9,,
data/qa/reasoning/hard_expansion/full_v2_api/review_valid_evidence/gemini/518.json,33252,15e9816770cd084fa4b814cc1708f62a177b972971ecd5fbe5842d2dd3032d38,archive_then_delete,generation_selection_or_provenance,高难扩展、候选筛选、bundle 映射或语义复审的中间数据。,删除不改变最终 QA 内容，但会失去其生成、双审和补题来源链。,object,9,,
data/qa/reasoning/hard_expansion/full_v2_api/review_valid_evidence/gemini/519.json,31836,84e8e4aa69e73e35969d7a5a1cfaf6eb65b3de23d914641c69747c59e5aa3325,archive_then_delete,generation_selection_or_provenance,高难扩展、候选筛选、bundle 映射或语义复审的中间数据。,删除不改变最终 QA 内容，但会失去其生成、双审和补题来源链。,object,9,,
data/qa/reasoning/hard_expansion/full_v2_api/review_valid_evidence/gemini/52.json,32459,9216cf26b7c2fe547847cc7bfb9696f7a20e907af3cf93073ec2c594d6394afc,archive_then_delete,generation_selection_or_provenance,高难扩展、候选筛选、bundle 映射或语义复审的中间数据。,删除不改变最终 QA 内容，但会失去其生成、双审和补题来源链。,object,9,,
data/qa/reasoning/hard_expansion/full_v2_api/review_valid_evidence/gemini/520.json,31411,90805553ca05661cae3e0009d0889b64ea2b926fb795f21a4b50c0244d381229,archive_then_delete,generation_selection_or_provenance,高难扩展、候选筛选、bundle 映射或语义复审的中间数据。,删除不改变最终 QA 内容，但会失去其生成、双审和补题来源链。,object,9,,
data/qa/reasoning/hard_expansion/full_v2_api/review_valid_evidence/gemini/523.json,10615,23354a6002459a525341878166a90003257956bef7c49b7d81857d5813568656,archive_then_delete,generation_selection_or_provenance,高难扩展、候选筛选、bundle 映射或语义复审的中间数据。,删除不改变最终 QA 内容，但会失去其生成、双审和补题来源链。,object,9,,
data/qa/reasoning/hard_expansion/full_v2_api/review_valid_evidence/gemini/524.json,27521,97ead48e0dec1a986c0e9bf4cfd62eb8fe336789a690a57605e66ccd158babce,archive_then_delete,generation_selection_or_provenance,高难扩展、候选筛选、bundle 映射或语义复审的中间数据。,删除不改变最终 QA 内容，但会失去其生成、双审和补题来源链。,object,9,,
data/qa/reasoning/hard_expansion/full_v2_api/review_valid_evidence/gemini/525.json,19163,94ba7720549329f7584e1fcbb49a3138d5519a502e57279a512c77ff6ef13d1e,archive_then_delete,generation_selection_or_provenance,高难扩展、候选筛选、bundle 映射或语义复审的中间数据。,删除不改变最终 QA 内容，但会失去其生成、双审和补题来源链。,object,9,,
data/qa/reasoning/hard_expansion/full_v2_api/review_valid_evidence/gemini/527.json,23980,dd8b883e06ee090e65309a9aefb3befbd9e438539141548070f917a11478c2b0,archive_then_delete,generation_selection_or_provenance,高难扩展、候选筛选、bundle 映射或语义复审的中间数据。,删除不改变最终 QA 内容，但会失去其生成、双审和补题来源链。,object,9,,
data/qa/reasoning/hard_expansion/full_v2_api/review_valid_evidence/gemini/528.json,28826,32885b499060eefc95f4ba25a0c393ecff7c9f2e441343afe64c9e932167f007,archive_then_delete,generation_selection_or_provenance,高难扩展、候选筛选、bundle 映射或语义复审的中间数据。,删除不改变最终 QA 内容，但会失去其生成、双审和补题来源链。,object,9,,
data/qa/reasoning/hard_expansion/full_v2_api/review_valid_evidence/gemini/529.json,28741,dcadbfc098f043084334b1c47cefe2b131205eda1695d83fa3842e6055bae52b,archive_then_delete,generation_selection_or_provenance,高难扩展、候选筛选、bundle 映射或语义复审的中间数据。,删除不改变最终 QA 内容，但会失去其生成、双审和补题来源链。,object,9,,
data/qa/reasoning/hard_expansion/full_v2_api/review_valid_evidence/gemini/530.json,25741,b35599bf95b5f3e20bd289d01f9c4e4540dfe84b40ae01759fe088d76e7ee04c,archive_then_delete,generation_selection_or_provenance,高难扩展、候选筛选、bundle 映射或语义复审的中间数据。,删除不改变最终 QA 内容，但会失去其生成、双审和补题来源链。,object,9,,
data/qa/reasoning/hard_expansion/full_v2_api/review_valid_evidence/gemini/531.json,27396,99f1eecfb2b1ca9f9a3000d9bc4fd6e56658bcc98e6f7da26d66ec8fa21fa7ca,archive_then_delete,generation_selection_or_provenance,高难扩展、候选筛选、bundle 映射或语义复审的中间数据。,删除不改变最终 QA 内容，但会失去其生成、双审和补题来源链。,object,9,,
data/qa/reasoning/hard_expansion/full_v2_api/review_valid_evidence/gemini/532.json,6618,46621206a3109398e52d55c219f740e8e0cacb8dc31b578aa691ea9b9126270b,archive_then_delete,generation_selection_or_provenance,高难扩展、候选筛选、bundle 映射或语义复审的中间数据。,删除不改变最终 QA 内容，但会失去其生成、双审和补题来源链。,object,9,,
data/qa/reasoning/hard_expansion/full_v2_api/review_valid_evidence/gemini/533.json,33997,ce718fea691ea2a4114d22a247f656628966a859faabecbe97d1a24d6eb437a6,archive_then_delete,generation_selection_or_provenance,高难扩展、候选筛选、bundle 映射或语义复审的中间数据。,删除不改变最终 QA 内容，但会失去其生成、双审和补题来源链。,object,9,,
data/qa/reasoning/hard_expansion/full_v2_api/review_valid_evidence/gemini/534.json,29882,d4944f65d2cede436666bccf52fbecf0d9c7ee04e1e14d5d02b51f53c6753cb8,archive_then_delete,generation_selection_or_provenance,高难扩展、候选筛选、bundle 映射或语义复审的中间数据。,删除不改变最终 QA 内容，但会失去其生成、双审和补题来源链。,object,9,,
data/qa/reasoning/hard_expansion/full_v2_api/review_valid_evidence/gemini/535.json,32866,38bc4ef928c5e4a2442ace58e0e5295ea4fe4f918c483f58de3256a2ba9672ec,archive_then_delete,generation_selection_or_provenance,高难扩展、候选筛选、bundle 映射或语义复审的中间数据。,删除不改变最终 QA 内容，但会失去其生成、双审和补题来源链。,object,9,,
data/qa/reasoning/hard_expansion/full_v2_api/review_valid_evidence/gemini/536.json,24494,13d50341d7fef16bfcc6e882120a1d8f065d7ff68692e208164cf4176e084053,archive_then_delete,generation_selection_or_provenance,高难扩展、候选筛选、bundle 映射或语义复审的中间数据。,删除不改变最终 QA 内容，但会失去其生成、双审和补题来源链。,object,9,,
data/qa/reasoning/hard_expansion/full_v2_api/review_valid_evidence/gemini/538.json,32238,742e4f56ace1a48c8a9925a2d89dd675d044845191fd3da44ac26c213a72f527,archive_then_delete,generation_selection_or_provenance,高难扩展、候选筛选、bundle 映射或语义复审的中间数据。,删除不改变最终 QA 内容，但会失去其生成、双审和补题来源链。,object,9,,
data/qa/reasoning/hard_expansion/full_v2_api/review_valid_evidence/gemini/539.json,29238,9a0f66d47d0ab9378e18a455c587dc9d1cec90287f285036b4224412221eb7cf,archive_then_delete,generation_selection_or_provenance,高难扩展、候选筛选、bundle 映射或语义复审的中间数据。,删除不改变最终 QA 内容，但会失去其生成、双审和补题来源链。,object,9,,
data/qa/reasoning/hard_expansion/full_v2_api/review_valid_evidence/gemini/54.json,20964,2416d96390b07a9a50325ebb8da57164463e5adfecab95034cc4da80f41fb7f0,archive_then_delete,generation_selection_or_provenance,高难扩展、候选筛选、bundle 映射或语义复审的中间数据。,删除不改变最终 QA 内容，但会失去其生成、双审和补题来源链。,object,9,,
data/qa/reasoning/hard_expansion/full_v2_api/review_valid_evidence/gemini/540.json,22217,b54201fea2d3d3b85b1525db9b6aeedee5e3c18e4d1ee49be8f673a659206579,archive_then_delete,generation_selection_or_provenance,高难扩展、候选筛选、bundle 映射或语义复审的中间数据。,删除不改变最终 QA 内容，但会失去其生成、双审和补题来源链。,object,9,,
data/qa/reasoning/hard_expansion/full_v2_api/review_valid_evidence/gemini/543.json,24273,5a8514c233a56bd10324d1bde3d62243d280668676badafaf07edd249339ea3c,archive_then_delete,generation_selection_or_provenance,高难扩展、候选筛选、bundle 映射或语义复审的中间数据。,删除不改变最终 QA 内容，但会失去其生成、双审和补题来源链。,object,9,,
data/qa/reasoning/hard_expansion/full_v2_api/review_valid_evidence/gemini/544.json,32882,390df0f56330c3d7c3259930ccc63a90e587983d2ce7ae1b2a1db585bbd7b0cf,archive_then_delete,generation_selection_or_provenance,高难扩展、候选筛选、bundle 映射或语义复审的中间数据。,删除不改变最终 QA 内容，但会失去其生成、双审和补题来源链。,object,9,,
data/qa/reasoning/hard_expansion/full_v2_api/review_valid_evidence/gemini/545.json,23567,b871c3acb198d171ba5f6c980eeed9be705d89b5c8cd2c5106f1d7b480e802ab,archive_then_delete,generation_selection_or_provenance,高难扩展、候选筛选、bundle 映射或语义复审的中间数据。,删除不改变最终 QA 内容，但会失去其生成、双审和补题来源链。,object,9,,
data/qa/reasoning/hard_expansion/full_v2_api/review_valid_evidence/gemini/547.json,31792,7b6fcca0d0ec79142cf06aeb361149289e6ee16568d154b2375fc7030dc9c197,archive_then_delete,generation_selection_or_provenance,高难扩展、候选筛选、bundle 映射或语义复审的中间数据。,删除不改变最终 QA 内容，但会失去其生成、双审和补题来源链。,object,9,,
data/qa/reasoning/hard_expansion/full_v2_api/review_valid_evidence/gemini/548.json,7150,cd9e37649dc1fb33d728360115b70efef16f4cd0eec43c8ff5d0f6800829921b,archive_then_delete,generation_selection_or_provenance,高难扩展、候选筛选、bundle 映射或语义复审的中间数据。,删除不改变最终 QA 内容，但会失去其生成、双审和补题来源链。,object,9,,
data/qa/reasoning/hard_expansion/full_v2_api/review_valid_evidence/gemini/552.json,31648,871381b3df46198de54aab47d7cdb8874a01194c130b559e0b923d19ef3c1ad7,archive_then_delete,generation_selection_or_provenance,高难扩展、候选筛选、bundle 映射或语义复审的中间数据。,删除不改变最终 QA 内容，但会失去其生成、双审和补题来源链。,object,9,,
data/qa/reasoning/hard_expansion/full_v2_api/review_valid_evidence/gemini/555.json,7373,da89e1e58156694f2e1eadd8f8d7c105af15e97aa229d040dc6c6350d809c74e,archive_then_delete,generation_selection_or_provenance,高难扩展、候选筛选、bundle 映射或语义复审的中间数据。,删除不改变最终 QA 内容，但会失去其生成、双审和补题来源链。,object,9,,
data/qa/reasoning/hard_expansion/full_v2_api/review_valid_evidence/gemini/56.json,2711,34b2c4cb3ebc79bb7da13276c4118e566e1bb14fc241bd849cc944fa71f2cb69,archive_then_delete,generation_selection_or_provenance,高难扩展、候选筛选、bundle 映射或语义复审的中间数据。,删除不改变最终 QA 内容，但会失去其生成、双审和补题来源链。,object,9,,
data/qa/reasoning/hard_expansion/full_v2_api/review_valid_evidence/gemini/565.json,33397,001c4ed529c879d267e8f8bc683238d0fcfa7876591c58785fdafab55c243611,archive_then_delete,generation_selection_or_provenance,高难扩展、候选筛选、bundle 映射或语义复审的中间数据。,删除不改变最终 QA 内容，但会失去其生成、双审和补题来源链。,object,9,,
data/qa/reasoning/hard_expansion/full_v2_api/review_valid_evidence/gemini/566.json,9173,1b31383870ce836956d9a369be9319f5b1615780a504eef722733740ed4e70a2,archive_then_delete,generation_selection_or_provenance,高难扩展、候选筛选、bundle 映射或语义复审的中间数据。,删除不改变最终 QA 内容，但会失去其生成、双审和补题来源链。,object,9,,
data/qa/reasoning/hard_expansion/full_v2_api/review_valid_evidence/gemini/568.json,24270,9257075fbdf23fd0400fe7dd3f35b15b6631a092f71be3580229314c5db882f6,archive_then_delete,generation_selection_or_provenance,高难扩展、候选筛选、bundle 映射或语义复审的中间数据。,删除不改变最终 QA 内容，但会失去其生成、双审和补题来源链。,object,9,,
data/qa/reasoning/hard_expansion/full_v2_api/review_valid_evidence/gemini/569.json,33530,fbee1e2b9438b1eabcf061520075f04af89c3bf589e703a528eb04f3cf19ba13,archive_then_delete,generation_selection_or_provenance,高难扩展、候选筛选、bundle 映射或语义复审的中间数据。,删除不改变最终 QA 内容，但会失去其生成、双审和补题来源链。,object,9,,
data/qa/reasoning/hard_expansion/full_v2_api/review_valid_evidence/gemini/574.json,13495,0d443eaee95b114d0ef1a783599be363841cdb9acd62275a9388f02d64238158,archive_then_delete,generation_selection_or_provenance,高难扩展、候选筛选、bundle 映射或语义复审的中间数据。,删除不改变最终 QA 内容，但会失去其生成、双审和补题来源链。,object,9,,
data/qa/reasoning/hard_expansion/full_v2_api/review_valid_evidence/gemini/575.json,16516,b4a3b6ef07fdd8f3d991d76c5644d3b59bff334853bf4a317667dcf5e04a5243,archive_then_delete,generation_selection_or_provenance,高难扩展、候选筛选、bundle 映射或语义复审的中间数据。,删除不改变最终 QA 内容，但会失去其生成、双审和补题来源链。,object,9,,
data/qa/reasoning/hard_expansion/full_v2_api/review_valid_evidence/gemini/581.json,33563,a4e676c9d1fb5545441478681d85569af0177bd6e0b62078cc066abbe29a9ab7,archive_then_delete,generation_selection_or_provenance,高难扩展、候选筛选、bundle 映射或语义复审的中间数据。,删除不改变最终 QA 内容，但会失去其生成、双审和补题来源链。,object,9,,
data/qa/reasoning/hard_expansion/full_v2_api/review_valid_evidence/gemini/588.json,23992,ea57ed19b7e662b24760d4073b90f8fb9fee225b13212f9a0b70cd3277b38eb2,archive_then_delete,generation_selection_or_provenance,高难扩展、候选筛选、bundle 映射或语义复审的中间数据。,删除不改变最终 QA 内容，但会失去其生成、双审和补题来源链。,object,9,,
data/qa/reasoning/hard_expansion/full_v2_api/review_valid_evidence/gemini/589.json,21358,449a1db4f60fbbd7056401c46b5333080c7be212163a884ffea7279129d76bb6,archive_then_delete,generation_selection_or_provenance,高难扩展、候选筛选、bundle 映射或语义复审的中间数据。,删除不改变最终 QA 内容，但会失去其生成、双审和补题来源链。,object,9,,
data/qa/reasoning/hard_expansion/full_v2_api/review_valid_evidence/gemini/590.json,31621,2d916906869b9371f39497d986e39a259dd0d10700671dfefd69af9dc54822aa,archive_then_delete,generation_selection_or_provenance,高难扩展、候选筛选、bundle 映射或语义复审的中间数据。,删除不改变最终 QA 内容，但会失去其生成、双审和补题来源链。,object,9,,
data/qa/reasoning/hard_expansion/full_v2_api/review_valid_evidence/gemini/593.json,18320,5862256748b1ce8e1fd2f58505a82b95a486658e3efd286bed784b4453a488e3,archive_then_delete,generation_selection_or_provenance,高难扩展、候选筛选、bundle 映射或语义复审的中间数据。,删除不改变最终 QA 内容，但会失去其生成、双审和补题来源链。,object,9,,
data/qa/reasoning/hard_expansion/full_v2_api/review_valid_evidence/gemini/596.json,27064,aab286dfb9b0aba87734fd2f4d7eb566d86c119157caed7af5c55fbd06954e79,archive_then_delete,generation_selection_or_provenance,高难扩展、候选筛选、bundle 映射或语义复审的中间数据。,删除不改变最终 QA 内容，但会失去其生成、双审和补题来源链。,object,9,,
data/qa/reasoning/hard_expansion/full_v2_api/review_valid_evidence/gemini/597.json,9537,ea813b9b39d3888f4419e78c4b742484943a9a393b24c1afa65629b31580b783,archive_then_delete,generation_selection_or_provenance,高难扩展、候选筛选、bundle 映射或语义复审的中间数据。,删除不改变最终 QA 内容，但会失去其生成、双审和补题来源链。,object,9,,
data/qa/reasoning/hard_expansion/full_v2_api/review_valid_evidence/gemini/598.json,30544,23511948374ed886000a8d5177393daf946fd4ab8990961702995954046232aa,archive_then_delete,generation_selection_or_provenance,高难扩展、候选筛选、bundle 映射或语义复审的中间数据。,删除不改变最终 QA 内容，但会失去其生成、双审和补题来源链。,object,9,,
data/qa/reasoning/hard_expansion/full_v2_api/review_valid_evidence/gemini/6.json,31966,a7ece996fbd31868450a3ced4c3f1061489e72b9f7cd5feca94da1b3608b93a5,archive_then_delete,generation_selection_or_provenance,高难扩展、候选筛选、bundle 映射或语义复审的中间数据。,删除不改变最终 QA 内容，但会失去其生成、双审和补题来源链。,object,9,,
data/qa/reasoning/hard_expansion/full_v2_api/review_valid_evidence/gemini/60.json,7898,fe52b61f24d0351860ca3fbdae09727f4141f44d024387f878e76c268b082827,archive_then_delete,generation_selection_or_provenance,高难扩展、候选筛选、bundle 映射或语义复审的中间数据。,删除不改变最终 QA 内容，但会失去其生成、双审和补题来源链。,object,9,,
data/qa/reasoning/hard_expansion/full_v2_api/review_valid_evidence/gemini/61.json,24807,fb524a5e1aeb5444a56752609ad2e7229f8b7e4770e8cccd1db1e947bb5c8075,archive_then_delete,generation_selection_or_provenance,高难扩展、候选筛选、bundle 映射或语义复审的中间数据。,删除不改变最终 QA 内容，但会失去其生成、双审和补题来源链。,object,9,,
data/qa/reasoning/hard_expansion/full_v2_api/review_valid_evidence/gemini/610.json,25402,6e1e2ba5aa312f890caeef644310816d662f7f7847d9a97ebb54b4a92253bded,archive_then_delete,generation_selection_or_provenance,高难扩展、候选筛选、bundle 映射或语义复审的中间数据。,删除不改变最终 QA 内容，但会失去其生成、双审和补题来源链。,object,9,,
data/qa/reasoning/hard_expansion/full_v2_api/review_valid_evidence/gemini/612.json,33372,2adce5ef0fdc7e3893992ac9f18a3608e7bd0b1f5ab1cdb1556ca7e7f4994a96,archive_then_delete,generation_selection_or_provenance,高难扩展、候选筛选、bundle 映射或语义复审的中间数据。,删除不改变最终 QA 内容，但会失去其生成、双审和补题来源链。,object,9,,
data/qa/reasoning/hard_expansion/full_v2_api/review_valid_evidence/gemini/614.json,4586,68e823d8f9bff9ccc3b37b2a03a015d0c81812f402ded97c7b05eb631651f112,archive_then_delete,generation_selection_or_provenance,高难扩展、候选筛选、bundle 映射或语义复审的中间数据。,删除不改变最终 QA 内容，但会失去其生成、双审和补题来源链。,object,9,,
data/qa/reasoning/hard_expansion/full_v2_api/review_valid_evidence/gemini/620.json,32984,399d536135e9e9c413907fa15df62376ced78d27d9e9eff432fc1f978fb2eadd,archive_then_delete,generation_selection_or_provenance,高难扩展、候选筛选、bundle 映射或语义复审的中间数据。,删除不改变最终 QA 内容，但会失去其生成、双审和补题来源链。,object,9,,
data/qa/reasoning/hard_expansion/full_v2_api/review_valid_evidence/gemini/622.json,13921,20c8df9c09cc2ca4c001a9cf592b6565b206083090be8a93d539cdfd9f13e649,archive_then_delete,generation_selection_or_provenance,高难扩展、候选筛选、bundle 映射或语义复审的中间数据。,删除不改变最终 QA 内容，但会失去其生成、双审和补题来源链。,object,9,,
data/qa/reasoning/hard_expansion/full_v2_api/review_valid_evidence/gemini/623.json,20901,c669c7082fec3d54bdf364fcf11133fcad63bcf642c1af6f202660640724a5a6,archive_then_delete,generation_selection_or_provenance,高难扩展、候选筛选、bundle 映射或语义复审的中间数据。,删除不改变最终 QA 内容，但会失去其生成、双审和补题来源链。,object,9,,
data/qa/reasoning/hard_expansion/full_v2_api/review_valid_evidence/gemini/638.json,32151,5790592b3214e8ce70d17a170b0beb385b8e8f1a2eda62b8b571f1241ba42960,archive_then_delete,generation_selection_or_provenance,高难扩展、候选筛选、bundle 映射或语义复审的中间数据。,删除不改变最终 QA 内容，但会失去其生成、双审和补题来源链。,object,9,,
data/qa/reasoning/hard_expansion/full_v2_api/review_valid_evidence/gemini/64.json,31825,dddd61123f7246d642e3c3d0e19aeba801924d3153a095525267291ecbad9469,archive_then_delete,generation_selection_or_provenance,高难扩展、候选筛选、bundle 映射或语义复审的中间数据。,删除不改变最终 QA 内容，但会失去其生成、双审和补题来源链。,object,9,,
data/qa/reasoning/hard_expansion/full_v2_api/review_valid_evidence/gemini/66.json,35995,57e3bc21266ff64b914c5a29caf9462e255aeadd3ce0759e286b4aa0c4147745,archive_then_delete,generation_selection_or_provenance,高难扩展、候选筛选、bundle 映射或语义复审的中间数据。,删除不改变最终 QA 内容，但会失去其生成、双审和补题来源链。,object,9,,
data/qa/reasoning/hard_expansion/full_v2_api/review_valid_evidence/gemini/662.json,31978,2a41617a1d7a7ecf955c2c92d2ea78d43a38d75993d9bfc8c5603ec112c90fa9,archive_then_delete,generation_selection_or_provenance,高难扩展、候选筛选、bundle 映射或语义复审的中间数据。,删除不改变最终 QA 内容，但会失去其生成、双审和补题来源链。,object,9,,
data/qa/reasoning/hard_expansion/full_v2_api/review_valid_evidence/gemini/665.json,7929,a1024b2d862d3974f2d4414b81f5d3bab4756452cbbca5c43dee7bb39c27eb2e,archive_then_delete,generation_selection_or_provenance,高难扩展、候选筛选、bundle 映射或语义复审的中间数据。,删除不改变最终 QA 内容，但会失去其生成、双审和补题来源链。,object,9,,
data/qa/reasoning/hard_expansion/full_v2_api/review_valid_evidence/gemini/666.json,24001,a0f57599486c44e208354a7e469d5ca57f6cd3ccb1af23836e2ff1c126669858,archive_then_delete,generation_selection_or_provenance,高难扩展、候选筛选、bundle 映射或语义复审的中间数据。,删除不改变最终 QA 内容，但会失去其生成、双审和补题来源链。,object,9,,
data/qa/reasoning/hard_expansion/full_v2_api/review_valid_evidence/gemini/668.json,19837,4c6d7ac4c0eaff654eceb9c81eea6502ed7c8e53c2f379c0b3da7504f230cacd,archive_then_delete,generation_selection_or_provenance,高难扩展、候选筛选、bundle 映射或语义复审的中间数据。,删除不改变最终 QA 内容，但会失去其生成、双审和补题来源链。,object,9,,
data/qa/reasoning/hard_expansion/full_v2_api/review_valid_evidence/gemini/671.json,21098,01c5d0159c13ea1a55ec10b9db2074046dcf68dc391c35479825b0bd66160006,archive_then_delete,generation_selection_or_provenance,高难扩展、候选筛选、bundle 映射或语义复审的中间数据。,删除不改变最终 QA 内容，但会失去其生成、双审和补题来源链。,object,9,,
data/qa/reasoning/hard_expansion/full_v2_api/review_valid_evidence/gemini/673.json,25113,16e029651eac50bf359757752f469ef1ddc6a3ad426fb20c96a7a53235e4301e,archive_then_delete,generation_selection_or_provenance,高难扩展、候选筛选、bundle 映射或语义复审的中间数据。,删除不改变最终 QA 内容，但会失去其生成、双审和补题来源链。,object,9,,
data/qa/reasoning/hard_expansion/full_v2_api/review_valid_evidence/gemini/678.json,23801,afa1425155c6bbf6a4140c20a91f0ab09e7c8dc04d581cd220a87b8a7f114ae9,archive_then_delete,generation_selection_or_provenance,高难扩展、候选筛选、bundle 映射或语义复审的中间数据。,删除不改变最终 QA 内容，但会失去其生成、双审和补题来源链。,object,9,,
data/qa/reasoning/hard_expansion/full_v2_api/review_valid_evidence/gemini/68.json,31734,739503bff25360481e3512cb71afcf2aaa4b3ce9cf025aa07b0e4ea839089351,archive_then_delete,generation_selection_or_provenance,高难扩展、候选筛选、bundle 映射或语义复审的中间数据。,删除不改变最终 QA 内容，但会失去其生成、双审和补题来源链。,object,9,,
data/qa/reasoning/hard_expansion/full_v2_api/review_valid_evidence/gemini/680.json,32504,e3b7da98005396f0a674f1835aaf947cf831b77f1f3e63d3a7bcca098eba5d39,archive_then_delete,generation_selection_or_provenance,高难扩展、候选筛选、bundle 映射或语义复审的中间数据。,删除不改变最终 QA 内容，但会失去其生成、双审和补题来源链。,object,9,,
data/qa/reasoning/hard_expansion/full_v2_api/review_valid_evidence/gemini/681.json,34298,6e014f48674571bb1e6f53c3bc5f9e459a6ceaa44389414e63299fe0cb9d9274,archive_then_delete,generation_selection_or_provenance,高难扩展、候选筛选、bundle 映射或语义复审的中间数据。,删除不改变最终 QA 内容，但会失去其生成、双审和补题来源链。,object,9,,
data/qa/reasoning/hard_expansion/full_v2_api/review_valid_evidence/gemini/682.json,32102,191e7f647a8728efeb217e87922f373473ea84fcc1da0d67b68627ad7dae6af3,archive_then_delete,generation_selection_or_provenance,高难扩展、候选筛选、bundle 映射或语义复审的中间数据。,删除不改变最终 QA 内容，但会失去其生成、双审和补题来源链。,object,9,,
data/qa/reasoning/hard_expansion/full_v2_api/review_valid_evidence/gemini/684.json,24451,eafd61192d3d95c12423b84547dd6972e41c1452c682ef8ad03a71ee82651d1e,archive_then_delete,generation_selection_or_provenance,高难扩展、候选筛选、bundle 映射或语义复审的中间数据。,删除不改变最终 QA 内容，但会失去其生成、双审和补题来源链。,object,9,,
data/qa/reasoning/hard_expansion/full_v2_api/review_valid_evidence/gemini/686.json,19773,d0f7a742e067ed7b2a5a099bcdf6a7d814ebe76ae699243389db19db632e8638,archive_then_delete,generation_selection_or_provenance,高难扩展、候选筛选、bundle 映射或语义复审的中间数据。,删除不改变最终 QA 内容，但会失去其生成、双审和补题来源链。,object,9,,
data/qa/reasoning/hard_expansion/full_v2_api/review_valid_evidence/gemini/690.json,24635,eb13ec166e6e7fe79acce75373a398309c1caf43c82bbb4aedae5cd6d773c22a,archive_then_delete,generation_selection_or_provenance,高难扩展、候选筛选、bundle 映射或语义复审的中间数据。,删除不改变最终 QA 内容，但会失去其生成、双审和补题来源链。,object,9,,
data/qa/reasoning/hard_expansion/full_v2_api/review_valid_evidence/gemini/696.json,11075,7a7c8952c510ecbbf574f18083a051f4ba97ad8158e55900a8f9165d20a2e8c1,archive_then_delete,generation_selection_or_provenance,高难扩展、候选筛选、bundle 映射或语义复审的中间数据。,删除不改变最终 QA 内容，但会失去其生成、双审和补题来源链。,object,9,,
data/qa/reasoning/hard_expansion/full_v2_api/review_valid_evidence/gemini/698.json,32508,254dc05a5c38aa3dac3c71f90b7fc31bb5419a3296c54d57fe98828d250c59df,archive_then_delete,generation_selection_or_provenance,高难扩展、候选筛选、bundle 映射或语义复审的中间数据。,删除不改变最终 QA 内容，但会失去其生成、双审和补题来源链。,object,9,,
data/qa/reasoning/hard_expansion/full_v2_api/review_valid_evidence/gemini/699.json,15352,3bf2f8f76400fdd372bf40ecc9641683061ecef071bcb7d2f3a228f973e7cdf8,archive_then_delete,generation_selection_or_provenance,高难扩展、候选筛选、bundle 映射或语义复审的中间数据。,删除不改变最终 QA 内容，但会失去其生成、双审和补题来源链。,object,9,,
data/qa/reasoning/hard_expansion/full_v2_api/review_valid_evidence/gemini/7.json,31580,ae674758a569d7242d14cd261f207a2692cb4be8edef0e5a16d56e19516e38b0,archive_then_delete,generation_selection_or_provenance,高难扩展、候选筛选、bundle 映射或语义复审的中间数据。,删除不改变最终 QA 内容，但会失去其生成、双审和补题来源链。,object,9,,
data/qa/reasoning/hard_expansion/full_v2_api/review_valid_evidence/gemini/700.json,10697,d02742f88840d600b5a7bb4f3269d0397267707084ed0d8268e1831104d34aaf,archive_then_delete,generation_selection_or_provenance,高难扩展、候选筛选、bundle 映射或语义复审的中间数据。,删除不改变最终 QA 内容，但会失去其生成、双审和补题来源链。,object,9,,
data/qa/reasoning/hard_expansion/full_v2_api/review_valid_evidence/gemini/703.json,22321,9fc6caa19b820ccad92384df7fcdc40cb03728f008503a2a21c206238786da19,archive_then_delete,generation_selection_or_provenance,高难扩展、候选筛选、bundle 映射或语义复审的中间数据。,删除不改变最终 QA 内容，但会失去其生成、双审和补题来源链。,object,9,,
data/qa/reasoning/hard_expansion/full_v2_api/review_valid_evidence/gemini/71.json,22068,879b888e76c1354b5a22502cf6cf95e5a9eb5f7566f898797f6073f1bd84e4f2,archive_then_delete,generation_selection_or_provenance,高难扩展、候选筛选、bundle 映射或语义复审的中间数据。,删除不改变最终 QA 内容，但会失去其生成、双审和补题来源链。,object,9,,
data/qa/reasoning/hard_expansion/full_v2_api/review_valid_evidence/gemini/77.json,6947,92c7c2bb06b51eaabc12d09227920314dec212a59bc01f0bac496d5cdc9ad477,archive_then_delete,generation_selection_or_provenance,高难扩展、候选筛选、bundle 映射或语义复审的中间数据。,删除不改变最终 QA 内容，但会失去其生成、双审和补题来源链。,object,9,,
data/qa/reasoning/hard_expansion/full_v2_api/review_valid_evidence/gemini/78.json,32543,4ce28488427c73a3235d62056237be8296321857ba8ada59324beda201b9162c,archive_then_delete,generation_selection_or_provenance,高难扩展、候选筛选、bundle 映射或语义复审的中间数据。,删除不改变最终 QA 内容，但会失去其生成、双审和补题来源链。,object,9,,
data/qa/reasoning/hard_expansion/full_v2_api/review_valid_evidence/gemini/8.json,9603,64961b7897ef6593a0bad91f054b8c699a67663aaa137fd9f9a718e1f30678e9,archive_then_delete,generation_selection_or_provenance,高难扩展、候选筛选、bundle 映射或语义复审的中间数据。,删除不改变最终 QA 内容，但会失去其生成、双审和补题来源链。,object,9,,
data/qa/reasoning/hard_expansion/full_v2_api/review_valid_evidence/gemini/80.json,32307,a9891486a672e5c4c358d8b09adef49f409c2dd82b5e5d4123852a44ef20fd59,archive_then_delete,generation_selection_or_provenance,高难扩展、候选筛选、bundle 映射或语义复审的中间数据。,删除不改变最终 QA 内容，但会失去其生成、双审和补题来源链。,object,9,,
data/qa/reasoning/hard_expansion/full_v2_api/review_valid_evidence/gemini/81.json,13500,f86769136e445fea1c7b49750e50229fa40adee553ce96a8c6b857a090b621fa,archive_then_delete,generation_selection_or_provenance,高难扩展、候选筛选、bundle 映射或语义复审的中间数据。,删除不改变最终 QA 内容，但会失去其生成、双审和补题来源链。,object,9,,
data/qa/reasoning/hard_expansion/full_v2_api/review_valid_evidence/gemini/82.json,32826,ba6713f62223b4f05769feab929ae85785b85c66c6e9f9df6e2da26fc1a3f484,archive_then_delete,generation_selection_or_provenance,高难扩展、候选筛选、bundle 映射或语义复审的中间数据。,删除不改变最终 QA 内容，但会失去其生成、双审和补题来源链。,object,9,,
data/qa/reasoning/hard_expansion/full_v2_api/review_valid_evidence/gemini/84.json,8816,4ce6512258eee6f68c5fdb084fe8a1471ce8db49f60b0d3f03831e544ac33a9b,archive_then_delete,generation_selection_or_provenance,高难扩展、候选筛选、bundle 映射或语义复审的中间数据。,删除不改变最终 QA 内容，但会失去其生成、双审和补题来源链。,object,9,,
data/qa/reasoning/hard_expansion/full_v2_api/review_valid_evidence/gemini/85.json,32044,7e9493fdad3d92af48a120b35c6a5fa3fa42eb2c2afea49bf5aec2e57a2d6c6b,archive_then_delete,generation_selection_or_provenance,高难扩展、候选筛选、bundle 映射或语义复审的中间数据。,删除不改变最终 QA 内容，但会失去其生成、双审和补题来源链。,object,9,,
data/qa/reasoning/hard_expansion/full_v2_api/review_valid_evidence/gemini/87.json,35573,84a94b2addd1a55b5b37ff8819bb59280ff9db68a3f46debc467349c5c20ab61,archive_then_delete,generation_selection_or_provenance,高难扩展、候选筛选、bundle 映射或语义复审的中间数据。,删除不改变最终 QA 内容，但会失去其生成、双审和补题来源链。,object,9,,
data/qa/reasoning/hard_expansion/full_v2_api/review_valid_evidence/gemini/9.json,33422,63f8c0643ebb1c57d01e85fb0fe64ca9b4ac806c1879a650ce12e92879f21156,archive_then_delete,generation_selection_or_provenance,高难扩展、候选筛选、bundle 映射或语义复审的中间数据。,删除不改变最终 QA 内容，但会失去其生成、双审和补题来源链。,object,9,,
data/qa/reasoning/hard_expansion/full_v2_api/review_valid_evidence/gemini/90.json,32329,eab4f85bee49c20a1929b2e301e5fdc932c581c39302a04fd534315a6ee7d895,archive_then_delete,generation_selection_or_provenance,高难扩展、候选筛选、bundle 映射或语义复审的中间数据。,删除不改变最终 QA 内容，但会失去其生成、双审和补题来源链。,object,9,,
data/qa/reasoning/hard_expansion/full_v2_api/review_valid_evidence/gemini/91.json,24314,759bca92a55f9bd44ee68c98ffcd9bdcffe4507c75eec790c3a599fbf912db77,archive_then_delete,generation_selection_or_provenance,高难扩展、候选筛选、bundle 映射或语义复审的中间数据。,删除不改变最终 QA 内容，但会失去其生成、双审和补题来源链。,object,9,,
data/qa/reasoning/hard_expansion/full_v2_api/review_valid_evidence/gemini/93.json,32859,c6c188a5dfd15519c3a75cf5b6e1baf8a425993c57c28d00c81be6d392e172fb,archive_then_delete,generation_selection_or_provenance,高难扩展、候选筛选、bundle 映射或语义复审的中间数据。,删除不改变最终 QA 内容，但会失去其生成、双审和补题来源链。,object,9,,
data/qa/reasoning/hard_expansion/full_v2_api/review_valid_evidence/gemini/94.json,34021,e687c9d5ca12969dc976eb0a1d68742236601b7f280cf8182586b76735643493,archive_then_delete,generation_selection_or_provenance,高难扩展、候选筛选、bundle 映射或语义复审的中间数据。,删除不改变最终 QA 内容，但会失去其生成、双审和补题来源链。,object,9,,
data/qa/reasoning/hard_expansion/full_v2_api/review_valid_evidence/gemini/95.json,15933,c9a92bf8e0e67f96e719140cb7425b4d180ba308ee7b1374fb21b95c7b44a29d,archive_then_delete,generation_selection_or_provenance,高难扩展、候选筛选、bundle 映射或语义复审的中间数据。,删除不改变最终 QA 内容，但会失去其生成、双审和补题来源链。,object,9,,
data/qa/reasoning/hard_expansion/full_v2_api/review_valid_evidence/review_progress.json,152,6ab2b75d2c86d33f0fbab217c8bbc33f142b6bf957e5bf7db12f045ea9734bbd,archive_then_delete,generation_selection_or_provenance,高难扩展、候选筛选、bundle 映射或语义复审的中间数据。,删除不改变最终 QA 内容，但会失去其生成、双审和补题来源链。,object,6,,
data/qa/reasoning/hard_expansion/full_v2_api/review_valid_evidence/summary.json,2644,4c19e30d7a8859033aad316347ebafb0545da623d7afad8238d08834269e028d,archive_then_delete,generation_selection_or_provenance,高难扩展、候选筛选、bundle 映射或语义复审的中间数据。,删除不改变最终 QA 内容，但会失去其生成、双审和补题来源链。,object,16,,
data/qa/reasoning/hard_expansion/full_v2_api/selected_papers.json,2808,9e468cf9add339a43108fd9762559cb2a60abaf289f915ab830987a7f73f361f,archive_then_delete,generation_selection_or_provenance,高难扩展、候选筛选、bundle 映射或语义复审的中间数据。,删除不改变最终 QA 内容，但会失去其生成、双审和补题来源链。,array,318,,
data/qa/reasoning/hard_expansion/full_v2_api/summary.json,1263,42c6a9b5a725f323e2a602fd767f69bc1bef1a7af47e1bc9e685ad8cd71b3a0c,archive_then_delete,generation_selection_or_provenance,高难扩展、候选筛选、bundle 映射或语义复审的中间数据。,删除不改变最终 QA 内容，但会失去其生成、双审和补题来源链。,object,18,,
data/qa/reasoning/hard_expansion/full_v3_api/progress.json,199,8e86a18680ad9841c3318ffa98a922823fb873520e0b6b96d99a8179b618dcba,archive_then_delete,generation_selection_or_provenance,高难扩展、候选筛选、bundle 映射或语义复审的中间数据。,删除不改变最终 QA 内容，但会失去其生成、双审和补题来源链。,object,7,,
data/qa/reasoning/hard_expansion/full_v3_api/reasoning_qa_4000.json,3,ca3d163bab055381827226140568f3bef7eaac187cebd76878e0b63e9e442356,archive_then_delete,generation_selection_or_provenance,高难扩展、候选筛选、bundle 映射或语义复审的中间数据。,删除不改变最终 QA 内容，但会失去其生成、双审和补题来源链。,object,0,,
data/qa/reasoning/hard_expansion/full_v3_api/selected_papers.json,2808,0365de087c7194edf86386a077da3f9cda20342f77c7bdcf097df784014aa0c9,archive_then_delete,generation_selection_or_provenance,高难扩展、候选筛选、bundle 映射或语义复审的中间数据。,删除不改变最终 QA 内容，但会失去其生成、双审和补题来源链。,array,318,,
data/qa/reasoning/hard_expansion/full_v3_api/summary.json,659,8280ee0993d12a987dfc5d8d136d871cba855f8f8e98e533f213c72633269a9f,archive_then_delete,generation_selection_or_provenance,高难扩展、候选筛选、bundle 映射或语义复审的中间数据。,删除不改变最终 QA 内容，但会失去其生成、双审和补题来源链。,object,18,,
data/qa/reasoning/hard_expansion/reasoning_qa_clean_incremental_100.json,92210,d451001dd35e673fd6e45497abfaa1a5a8c2e5e8c25aba54ff48b9b9cb2439ae,archive_then_delete,generation_selection_or_provenance,高难扩展、候选筛选、bundle 映射或语义复审的中间数据。,删除不改变最终 QA 内容，但会失去其生成、双审和补题来源链。,object,16,21,
data/qa/reasoning/hard_expansion/rel__reasoning__incremental__batch02__n100__v1.json,655912,f9fda7bd78be305117dbd4957799c5d097511779a8c25d87762b2f93a70c64a7,archive_then_delete,generation_selection_or_provenance,高难扩展、候选筛选、bundle 映射或语义复审的中间数据。,删除不改变最终 QA 内容，但会失去其生成、双审和补题来源链。,object,57,100,
